2026-10-05 10:59:33 +0000 - dagster - INFO - __ASSET_JOB - aa1a15c4-82a7-4549-a237-bc15656f5969 - hackernews - The state was restored from the destination ducklake (dlt.destinations.ducklake):raw
2026-10-05 10:59:33 +0000 - dagster - INFO - __ASSET_JOB - aa1a15c4-82a7-4549-a237-bc15656f5969 - hackernews - The schema hackernews_source version 3 hash 6By9nwqTTrhznnSPDpfURqHpWrsY2BVikyibecXijOE= was restored from the destination ducklake:raw
2026-10-05 10:59:34 +0000 - dagster - INFO - __ASSET_JOB - aa1a15c4-82a7-4549-a237-bc15656f5969 - hackernews - Bind incremental on items with initial_value: 2026-07-01 00:00:00+00:00, start_value: 2026-09-28 10:19:01+00:00, end_value: None, func: max, row_order: None, on_missing: raise, range_start: closed, range_end: open
2026-10-05 10:59:34 +0000 - dagster - INFO - __ASSET_JOB - aa1a15c4-82a7-4549-a237-bc15656f5969 - hackernews - Starting incremental ingestion from 2026-09-28 10:19:01 UTC (1790590741)...
2026-10-05 10:59:34 +0000 - dagster - INFO - __ASSET_JOB - aa1a15c4-82a7-4549-a237-bc15656f5969 - hackernews - Querying time window: 2026-09-28 10:19:01 to 2026-09-28 11:19:01 (1790590741 to 1790594341)...
2026-10-05 10:59:34 +0000 - dagster - INFO - __ASSET_JOB - aa1a15c4-82a7-4549-a237-bc15656f5969 - hackernews - Making GET request to https://hn.algolia.com/api/v1/search_by_date?numericFilters=created_at_i%3E%3D1790590741%2Ccreated_at_i%3C1790594341&hitsPerPage=1000
2026-10-05 10:59:34 +0000 - dagster - INFO - __ASSET_JOB - aa1a15c4-82a7-4549-a237-bc15656f5969 - hackernews - Retrieved 427 items in this window.
2026-10-05 10:59:34 +0000 - dagster - INFO - __ASSET_JOB - aa1a15c4-82a7-4549-a237-bc15656f5969 - hackernews - Querying time window: 2026-09-28 11:19:01 to 2026-09-28 12:19:01 (1790594341 to 1790597941)...
2026-10-05 10:59:34 +0000 - dagster - INFO - __ASSET_JOB - aa1a15c4-82a7-4549-a237-bc15656f5969 - hackernews - Making GET request to https://hn.algolia.com/api/v1/search_by_date?numericFilters=created_at_i%3E%3D1790594341%2Ccreated_at_i%3C1790597941&hitsPerPage=1000
2026-10-05 10:59:35 +0000 - dagster - INFO - __ASSET_JOB - aa1a15c4-82a7-4549-a237-bc15656f5969 - hackernews - Retrieved 464 items in this window.
2026-10-05 10:59:35 +0000 - dagster - INFO - __ASSET_JOB - aa1a15c4-82a7-4549-a237-bc15656f5969 - hackernews - Querying time window: 2026-09-28 12:19:01 to 2026-09-28 13:19:01 (1790597941 to 1790601541)...
2026-10-05 10:59:35 +0000 - dagster - INFO - __ASSET_JOB - aa1a15c4-82a7-4549-a237-bc15656f5969 - hackernews - Making GET request to https://hn.algolia.com/api/v1/search_by_date?numericFilters=created_at_i%3E%3D1790597941%2Ccreated_at_i%3C1790601541&hitsPerPage=1000
2026-10-05 10:59:35 +0000 - dagster - INFO - __ASSET_JOB - aa1a15c4-82a7-4549-a237-bc15656f5969 - hackernews - Retrieved 560 items in this window.
2026-10-05 10:59:35 +0000 - dagster - INFO - __ASSET_JOB - aa1a15c4-82a7-4549-a237-bc15656f5969 - hackernews - Querying time window: 2026-09-28 13:19:01 to 2026-09-28 14:19:01 (1790601541 to 1790605141)...
2026-10-05 10:59:35 +0000 - dagster - INFO - __ASSET_JOB - aa1a15c4-82a7-4549-a237-bc15656f5969 - hackernews - Making GET request to https://hn.algolia.com/api/v1/search_by_date?numericFilters=created_at_i%3E%3D1790601541%2Ccreated_at_i%3C1790605141&hitsPerPage=1000
2026-10-05 10:59:36 +0000 - dagster - INFO - __ASSET_JOB - aa1a15c4-82a7-4549-a237-bc15656f5969 - hackernews - Retrieved 804 items in this window.
2026-10-05 10:59:36 +0000 - dagster - INFO - __ASSET_JOB - aa1a15c4-82a7-4549-a237-bc15656f5969 - hackernews - Querying time window: 2026-09-28 14:19:01 to 2026-09-28 15:19:01 (1790605141 to 1790608741)...
2026-10-05 10:59:36 +0000 - dagster - INFO - __ASSET_JOB - aa1a15c4-82a7-4549-a237-bc15656f5969 - hackernews - Making GET request to https://hn.algolia.com/api/v1/search_by_date?numericFilters=created_at_i%3E%3D1790605141%2Ccreated_at_i%3C1790608741&hitsPerPage=1000
2026-10-05 10:59:36 +0000 - dagster - INFO - __ASSET_JOB - aa1a15c4-82a7-4549-a237-bc15656f5969 - hackernews - Retrieved 905 items in this window.
2026-10-05 10:59:36 +0000 - dagster - INFO - __ASSET_JOB - aa1a15c4-82a7-4549-a237-bc15656f5969 - hackernews - Querying time window: 2026-09-28 15:19:01 to 2026-09-28 16:19:01 (1790608741 to 1790612341)...
2026-10-05 10:59:36 +0000 - dagster - INFO - __ASSET_JOB - aa1a15c4-82a7-4549-a237-bc15656f5969 - hackernews - Making GET request to https://hn.algolia.com/api/v1/search_by_date?numericFilters=created_at_i%3E%3D1790608741%2Ccreated_at_i%3C1790612341&hitsPerPage=1000
2026-10-05 10:59:37 +0000 - dagster - INFO - __ASSET_JOB - aa1a15c4-82a7-4549-a237-bc15656f5969 - hackernews - Retrieved 862 items in this window.
2026-10-05 10:59:37 +0000 - dagster - INFO - __ASSET_JOB - aa1a15c4-82a7-4549-a237-bc15656f5969 - hackernews - Querying time window: 2026-09-28 16:19:01 to 2026-09-28 17:19:01 (1790612341 to 1790615941)...
2026-10-05 10:59:37 +0000 - dagster - INFO - __ASSET_JOB - aa1a15c4-82a7-4549-a237-bc15656f5969 - hackernews - Making GET request to https://hn.algolia.com/api/v1/search_by_date?numericFilters=created_at_i%3E%3D1790612341%2Ccreated_at_i%3C1790615941&hitsPerPage=1000
2026-10-05 10:59:38 +0000 - dagster - INFO - __ASSET_JOB - aa1a15c4-82a7-4549-a237-bc15656f5969 - hackernews - Retrieved 795 items in this window.
2026-10-05 10:59:38 +0000 - dagster - INFO - __ASSET_JOB - aa1a15c4-82a7-4549-a237-bc15656f5969 - hackernews - Querying time window: 2026-09-28 17:19:01 to 2026-09-28 18:19:01 (1790615941 to 1790619541)...
2026-10-05 10:59:38 +0000 - dagster - INFO - __ASSET_JOB - aa1a15c4-82a7-4549-a237-bc15656f5969 - hackernews - Making GET request to https://hn.algolia.com/api/v1/search_by_date?numericFilters=created_at_i%3E%3D1790615941%2Ccreated_at_i%3C1790619541&hitsPerPage=1000
2026-10-05 10:59:38 +0000 - dagster - INFO - __ASSET_JOB - aa1a15c4-82a7-4549-a237-bc15656f5969 - hackernews - Retrieved 780 items in this window.
2026-10-05 10:59:38 +0000 - dagster - INFO - __ASSET_JOB - aa1a15c4-82a7-4549-a237-bc15656f5969 - hackernews - Querying time window: 2026-09-28 18:19:01 to 2026-09-28 19:19:01 (1790619541 to 1790623141)...
2026-10-05 10:59:38 +0000 - dagster - INFO - __ASSET_JOB - aa1a15c4-82a7-4549-a237-bc15656f5969 - hackernews - Making GET request to https://hn.algolia.com/api/v1/search_by_date?numericFilters=created_at_i%3E%3D1790619541%2Ccreated_at_i%3C1790623141&hitsPerPage=1000
2026-10-05 10:59:39 +0000 - dagster - INFO - __ASSET_JOB - aa1a15c4-82a7-4549-a237-bc15656f5969 - hackernews - Retrieved 813 items in this window.
2026-10-05 10:59:39 +0000 - dagster - INFO - __ASSET_JOB - aa1a15c4-82a7-4549-a237-bc15656f5969 - hackernews - Querying time window: 2026-09-28 19:19:01 to 2026-09-28 20:19:01 (1790623141 to 1790626741)...
2026-10-05 10:59:39 +0000 - dagster - INFO - __ASSET_JOB - aa1a15c4-82a7-4549-a237-bc15656f5969 - hackernews - Making GET request to https://hn.algolia.com/api/v1/search_by_date?numericFilters=created_at_i%3E%3D1790623141%2Ccreated_at_i%3C1790626741&hitsPerPage=1000
2026-10-05 10:59:39 +0000 - dagster - INFO - __ASSET_JOB - aa1a15c4-82a7-4549-a237-bc15656f5969 - hackernews - Retrieved 666 items in this window.
2026-10-05 10:59:39 +0000 - dagster - INFO - __ASSET_JOB - aa1a15c4-82a7-4549-a237-bc15656f5969 - hackernews - Querying time window: 2026-09-28 20:19:01 to 2026-09-28 21:19:01 (1790626741 to 1790630341)...
2026-10-05 10:59:39 +0000 - dagster - INFO - __ASSET_JOB - aa1a15c4-82a7-4549-a237-bc15656f5969 - hackernews - Making GET request to https://hn.algolia.com/api/v1/search_by_date?numericFilters=created_at_i%3E%3D1790626741%2Ccreated_at_i%3C1790630341&hitsPerPage=1000
2026-10-05 10:59:40 +0000 - dagster - INFO - __ASSET_JOB - aa1a15c4-82a7-4549-a237-bc15656f5969 - hackernews - Retrieved 672 items in this window.
2026-10-05 10:59:40 +0000 - dagster - INFO - __ASSET_JOB - aa1a15c4-82a7-4549-a237-bc15656f5969 - hackernews - Querying time window: 2026-09-28 21:19:01 to 2026-09-28 22:19:01 (1790630341 to 1790633941)...
2026-10-05 10:59:40 +0000 - dagster - INFO - __ASSET_JOB - aa1a15c4-82a7-4549-a237-bc15656f5969 - hackernews - Making GET request to https://hn.algolia.com/api/v1/search_by_date?numericFilters=created_at_i%3E%3D1790630341%2Ccreated_at_i%3C1790633941&hitsPerPage=1000
2026-10-05 10:59:40 +0000 - dagster - INFO - __ASSET_JOB - aa1a15c4-82a7-4549-a237-bc15656f5969 - hackernews - Retrieved 664 items in this window.
2026-10-05 10:59:40 +0000 - dagster - INFO - __ASSET_JOB - aa1a15c4-82a7-4549-a237-bc15656f5969 - hackernews - Querying time window: 2026-09-28 22:19:01 to 2026-09-28 23:19:01 (1790633941 to 1790637541)...
2026-10-05 10:59:40 +0000 - dagster - INFO - __ASSET_JOB - aa1a15c4-82a7-4549-a237-bc15656f5969 - hackernews - Making GET request to https://hn.algolia.com/api/v1/search_by_date?numericFilters=created_at_i%3E%3D1790633941%2Ccreated_at_i%3C1790637541&hitsPerPage=1000
2026-10-05 10:59:40 +0000 - dagster - INFO - __ASSET_JOB - aa1a15c4-82a7-4549-a237-bc15656f5969 - hackernews - Retrieved 502 items in this window.
2026-10-05 10:59:40 +0000 - dagster - INFO - __ASSET_JOB - aa1a15c4-82a7-4549-a237-bc15656f5969 - hackernews - Querying time window: 2026-09-28 23:19:01 to 2026-09-29 00:19:01 (1790637541 to 1790641141)...
2026-10-05 10:59:40 +0000 - dagster - INFO - __ASSET_JOB - aa1a15c4-82a7-4549-a237-bc15656f5969 - hackernews - Making GET request to https://hn.algolia.com/api/v1/search_by_date?numericFilters=created_at_i%3E%3D1790637541%2Ccreated_at_i%3C1790641141&hitsPerPage=1000
2026-10-05 10:59:41 +0000 - dagster - INFO - __ASSET_JOB - aa1a15c4-82a7-4549-a237-bc15656f5969 - hackernews - Retrieved 410 items in this window.
2026-10-05 10:59:41 +0000 - dagster - INFO - __ASSET_JOB - aa1a15c4-82a7-4549-a237-bc15656f5969 - hackernews - Querying time window: 2026-09-29 00:19:01 to 2026-09-29 01:19:01 (1790641141 to 1790644741)...
2026-10-05 10:59:41 +0000 - dagster - INFO - __ASSET_JOB - aa1a15c4-82a7-4549-a237-bc15656f5969 - hackernews - Making GET request to https://hn.algolia.com/api/v1/search_by_date?numericFilters=created_at_i%3E%3D1790641141%2Ccreated_at_i%3C1790644741&hitsPerPage=1000
2026-10-05 10:59:41 +0000 - dagster - INFO - __ASSET_JOB - aa1a15c4-82a7-4549-a237-bc15656f5969 - hackernews - Retrieved 483 items in this window.
2026-10-05 10:59:41 +0000 - dagster - INFO - __ASSET_JOB - aa1a15c4-82a7-4549-a237-bc15656f5969 - hackernews - Querying time window: 2026-09-29 01:19:01 to 2026-09-29 02:19:01 (1790644741 to 1790648341)...
2026-10-05 10:59:41 +0000 - dagster - INFO - __ASSET_JOB - aa1a15c4-82a7-4549-a237-bc15656f5969 - hackernews - Making GET request to https://hn.algolia.com/api/v1/search_by_date?numericFilters=created_at_i%3E%3D1790644741%2Ccreated_at_i%3C1790648341&hitsPerPage=1000
2026-10-05 10:59:42 +0000 - dagster - INFO - __ASSET_JOB - aa1a15c4-82a7-4549-a237-bc15656f5969 - hackernews - Retrieved 415 items in this window.
2026-10-05 10:59:42 +0000 - dagster - INFO - __ASSET_JOB - aa1a15c4-82a7-4549-a237-bc15656f5969 - hackernews - Querying time window: 2026-09-29 02:19:01 to 2026-09-29 03:19:01 (1790648341 to 1790651941)...
2026-10-05 10:59:42 +0000 - dagster - INFO - __ASSET_JOB - aa1a15c4-82a7-4549-a237-bc15656f5969 - hackernews - Making GET request to https://hn.algolia.com/api/v1/search_by_date?numericFilters=created_at_i%3E%3D1790648341%2Ccreated_at_i%3C1790651941&hitsPerPage=1000
2026-10-05 10:59:42 +0000 - dagster - INFO - __ASSET_JOB - aa1a15c4-82a7-4549-a237-bc15656f5969 - hackernews - Retrieved 374 items in this window.
2026-10-05 10:59:42 +0000 - dagster - INFO - __ASSET_JOB - aa1a15c4-82a7-4549-a237-bc15656f5969 - hackernews - Querying time window: 2026-09-29 03:19:01 to 2026-09-29 04:19:01 (1790651941 to 1790655541)...
2026-10-05 10:59:42 +0000 - dagster - INFO - __ASSET_JOB - aa1a15c4-82a7-4549-a237-bc15656f5969 - hackernews - Making GET request to https://hn.algolia.com/api/v1/search_by_date?numericFilters=created_at_i%3E%3D1790651941%2Ccreated_at_i%3C1790655541&hitsPerPage=1000
2026-10-05 10:59:43 +0000 - dagster - INFO - __ASSET_JOB - aa1a15c4-82a7-4549-a237-bc15656f5969 - hackernews - Retrieved 460 items in this window.
2026-10-05 10:59:43 +0000 - dagster - INFO - __ASSET_JOB - aa1a15c4-82a7-4549-a237-bc15656f5969 - hackernews - Querying time window: 2026-09-29 04:19:01 to 2026-09-29 05:19:01 (1790655541 to 1790659141)...
2026-10-05 10:59:43 +0000 - dagster - INFO - __ASSET_JOB - aa1a15c4-82a7-4549-a237-bc15656f5969 - hackernews - Making GET request to https://hn.algolia.com/api/v1/search_by_date?numericFilters=created_at_i%3E%3D1790655541%2Ccreated_at_i%3C1790659141&hitsPerPage=1000
2026-10-05 10:59:43 +0000 - dagster - INFO - __ASSET_JOB - aa1a15c4-82a7-4549-a237-bc15656f5969 - hackernews - Retrieved 335 items in this window.
2026-10-05 10:59:43 +0000 - dagster - INFO - __ASSET_JOB - aa1a15c4-82a7-4549-a237-bc15656f5969 - hackernews - Querying time window: 2026-09-29 05:19:01 to 2026-09-29 06:19:01 (1790659141 to 1790662741)...
2026-10-05 10:59:43 +0000 - dagster - INFO - __ASSET_JOB - aa1a15c4-82a7-4549-a237-bc15656f5969 - hackernews - Making GET request to https://hn.algolia.com/api/v1/search_by_date?numericFilters=created_at_i%3E%3D1790659141%2Ccreated_at_i%3C1790662741&hitsPerPage=1000
2026-10-05 10:59:44 +0000 - dagster - INFO - __ASSET_JOB - aa1a15c4-82a7-4549-a237-bc15656f5969 - hackernews - Retrieved 331 items in this window.
2026-10-05 10:59:44 +0000 - dagster - INFO - __ASSET_JOB - aa1a15c4-82a7-4549-a237-bc15656f5969 - hackernews - Querying time window: 2026-09-29 06:19:01 to 2026-09-29 07:19:01 (1790662741 to 1790666341)...
2026-10-05 10:59:44 +0000 - dagster - INFO - __ASSET_JOB - aa1a15c4-82a7-4549-a237-bc15656f5969 - hackernews - Making GET request to https://hn.algolia.com/api/v1/search_by_date?numericFilters=created_at_i%3E%3D1790662741%2Ccreated_at_i%3C1790666341&hitsPerPage=1000
2026-10-05 10:59:44 +0000 - dagster - INFO - __ASSET_JOB - aa1a15c4-82a7-4549-a237-bc15656f5969 - hackernews - Retrieved 370 items in this window.
2026-10-05 10:59:44 +0000 - dagster - INFO - __ASSET_JOB - aa1a15c4-82a7-4549-a237-bc15656f5969 - hackernews - Querying time window: 2026-09-29 07:19:01 to 2026-09-29 08:19:01 (1790666341 to 1790669941)...
2026-10-05 10:59:44 +0000 - dagster - INFO - __ASSET_JOB - aa1a15c4-82a7-4549-a237-bc15656f5969 - hackernews - Making GET request to https://hn.algolia.com/api/v1/search_by_date?numericFilters=created_at_i%3E%3D1790666341%2Ccreated_at_i%3C1790669941&hitsPerPage=1000
2026-10-05 10:59:44 +0000 - dagster - INFO - __ASSET_JOB - aa1a15c4-82a7-4549-a237-bc15656f5969 - hackernews - Retrieved 402 items in this window.
2026-10-05 10:59:44 +0000 - dagster - INFO - __ASSET_JOB - aa1a15c4-82a7-4549-a237-bc15656f5969 - hackernews - Querying time window: 2026-09-29 08:19:01 to 2026-09-29 09:19:01 (1790669941 to 1790673541)...
2026-10-05 10:59:44 +0000 - dagster - INFO - __ASSET_JOB - aa1a15c4-82a7-4549-a237-bc15656f5969 - hackernews - Making GET request to https://hn.algolia.com/api/v1/search_by_date?numericFilters=created_at_i%3E%3D1790669941%2Ccreated_at_i%3C1790673541&hitsPerPage=1000
2026-10-05 10:59:45 +0000 - dagster - INFO - __ASSET_JOB - aa1a15c4-82a7-4549-a237-bc15656f5969 - hackernews - Retrieved 408 items in this window.
2026-10-05 10:59:45 +0000 - dagster - INFO - __ASSET_JOB - aa1a15c4-82a7-4549-a237-bc15656f5969 - hackernews - Querying time window: 2026-09-29 09:19:01 to 2026-09-29 10:19:01 (1790673541 to 1790677141)...
2026-10-05 10:59:45 +0000 - dagster - INFO - __ASSET_JOB - aa1a15c4-82a7-4549-a237-bc15656f5969 - hackernews - Making GET request to https://hn.algolia.com/api/v1/search_by_date?numericFilters=created_at_i%3E%3D1790673541%2Ccreated_at_i%3C1790677141&hitsPerPage=1000
2026-10-05 10:59:45 +0000 - dagster - INFO - __ASSET_JOB - aa1a15c4-82a7-4549-a237-bc15656f5969 - hackernews - Retrieved 398 items in this window.
2026-10-05 10:59:46 +0000 - dagster - INFO - __ASSET_JOB - aa1a15c4-82a7-4549-a237-bc15656f5969 - hackernews - Querying time window: 2026-09-29 10:19:01 to 2026-09-29 11:19:01 (1790677141 to 1790680741)...
2026-10-05 10:59:46 +0000 - dagster - INFO - __ASSET_JOB - aa1a15c4-82a7-4549-a237-bc15656f5969 - hackernews - Making GET request to https://hn.algolia.com/api/v1/search_by_date?numericFilters=created_at_i%3E%3D1790677141%2Ccreated_at_i%3C1790680741&hitsPerPage=1000
2026-10-05 10:59:46 +0000 - dagster - INFO - __ASSET_JOB - aa1a15c4-82a7-4549-a237-bc15656f5969 - hackernews - Retrieved 466 items in this window.
2026-10-05 10:59:46 +0000 - dagster - INFO - __ASSET_JOB - aa1a15c4-82a7-4549-a237-bc15656f5969 - hackernews - Querying time window: 2026-09-29 11:19:01 to 2026-09-29 12:19:01 (1790680741 to 1790684341)...
2026-10-05 10:59:46 +0000 - dagster - INFO - __ASSET_JOB - aa1a15c4-82a7-4549-a237-bc15656f5969 - hackernews - Making GET request to https://hn.algolia.com/api/v1/search_by_date?numericFilters=created_at_i%3E%3D1790680741%2Ccreated_at_i%3C1790684341&hitsPerPage=1000
2026-10-05 10:59:47 +0000 - dagster - INFO - __ASSET_JOB - aa1a15c4-82a7-4549-a237-bc15656f5969 - hackernews - Retrieved 520 items in this window.
2026-10-05 10:59:47 +0000 - dagster - INFO - __ASSET_JOB - aa1a15c4-82a7-4549-a237-bc15656f5969 - hackernews - Querying time window: 2026-09-29 12:19:01 to 2026-09-29 13:19:01 (1790684341 to 1790687941)...
2026-10-05 10:59:47 +0000 - dagster - INFO - __ASSET_JOB - aa1a15c4-82a7-4549-a237-bc15656f5969 - hackernews - Making GET request to https://hn.algolia.com/api/v1/search_by_date?numericFilters=created_at_i%3E%3D1790684341%2Ccreated_at_i%3C1790687941&hitsPerPage=1000
2026-10-05 10:59:47 +0000 - dagster - INFO - __ASSET_JOB - aa1a15c4-82a7-4549-a237-bc15656f5969 - hackernews - Retrieved 736 items in this window.
2026-10-05 10:59:47 +0000 - dagster - INFO - __ASSET_JOB - aa1a15c4-82a7-4549-a237-bc15656f5969 - hackernews - Querying time window: 2026-09-29 13:19:01 to 2026-09-29 14:19:01 (1790687941 to 1790691541)...
2026-10-05 10:59:47 +0000 - dagster - INFO - __ASSET_JOB - aa1a15c4-82a7-4549-a237-bc15656f5969 - hackernews - Making GET request to https://hn.algolia.com/api/v1/search_by_date?numericFilters=created_at_i%3E%3D1790687941%2Ccreated_at_i%3C1790691541&hitsPerPage=1000
2026-10-05 10:59:48 +0000 - dagster - INFO - __ASSET_JOB - aa1a15c4-82a7-4549-a237-bc15656f5969 - hackernews - Retrieved 862 items in this window.
2026-10-05 10:59:48 +0000 - dagster - INFO - __ASSET_JOB - aa1a15c4-82a7-4549-a237-bc15656f5969 - hackernews - Querying time window: 2026-09-29 14:19:01 to 2026-09-29 15:19:01 (1790691541 to 1790695141)...
2026-10-05 10:59:48 +0000 - dagster - INFO - __ASSET_JOB - aa1a15c4-82a7-4549-a237-bc15656f5969 - hackernews - Making GET request to https://hn.algolia.com/api/v1/search_by_date?numericFilters=created_at_i%3E%3D1790691541%2Ccreated_at_i%3C1790695141&hitsPerPage=1000
2026-10-05 10:59:48 +0000 - dagster - INFO - __ASSET_JOB - aa1a15c4-82a7-4549-a237-bc15656f5969 - hackernews - Retrieved 969 items in this window.
2026-10-05 10:59:48 +0000 - dagster - INFO - __ASSET_JOB - aa1a15c4-82a7-4549-a237-bc15656f5969 - hackernews - Querying time window: 2026-09-29 15:19:01 to 2026-09-29 16:19:01 (1790695141 to 1790698741)...
2026-10-05 10:59:48 +0000 - dagster - INFO - __ASSET_JOB - aa1a15c4-82a7-4549-a237-bc15656f5969 - hackernews - Making GET request to https://hn.algolia.com/api/v1/search_by_date?numericFilters=created_at_i%3E%3D1790695141%2Ccreated_at_i%3C1790698741&hitsPerPage=1000
2026-10-05 10:59:49 +0000 - dagster - INFO - __ASSET_JOB - aa1a15c4-82a7-4549-a237-bc15656f5969 - hackernews - Retrieved 928 items in this window.
2026-10-05 10:59:49 +0000 - dagster - INFO - __ASSET_JOB - aa1a15c4-82a7-4549-a237-bc15656f5969 - hackernews - Querying time window: 2026-09-29 16:19:01 to 2026-09-29 17:19:01 (1790698741 to 1790702341)...
2026-10-05 10:59:49 +0000 - dagster - INFO - __ASSET_JOB - aa1a15c4-82a7-4549-a237-bc15656f5969 - hackernews - Making GET request to https://hn.algolia.com/api/v1/search_by_date?numericFilters=created_at_i%3E%3D1790698741%2Ccreated_at_i%3C1790702341&hitsPerPage=1000
2026-10-05 10:59:49 +0000 - dagster - INFO - __ASSET_JOB - aa1a15c4-82a7-4549-a237-bc15656f5969 - hackernews - Retrieved 838 items in this window.
2026-10-05 10:59:49 +0000 - dagster - INFO - __ASSET_JOB - aa1a15c4-82a7-4549-a237-bc15656f5969 - hackernews - Querying time window: 2026-09-29 17:19:01 to 2026-09-29 18:19:01 (1790702341 to 1790705941)...
2026-10-05 10:59:49 +0000 - dagster - INFO - __ASSET_JOB - aa1a15c4-82a7-4549-a237-bc15656f5969 - hackernews - Making GET request to https://hn.algolia.com/api/v1/search_by_date?numericFilters=created_at_i%3E%3D1790702341%2Ccreated_at_i%3C1790705941&hitsPerPage=1000
2026-10-05 10:59:50 +0000 - dagster - WARNING - __ASSET_JOB - aa1a15c4-82a7-4549-a237-bc15656f5969 - hackernews - Window 2026-09-29 17:19:01 to 2026-09-29 18:19:01 (1790702341 to 1790705941) has 1065 hits (exceeds Algolia limit of 1000). Shrinking window size from 3600 to 1800 seconds.
2026-10-05 10:59:50 +0000 - dagster - INFO - __ASSET_JOB - aa1a15c4-82a7-4549-a237-bc15656f5969 - hackernews - Querying time window: 2026-09-29 17:19:01 to 2026-09-29 17:49:01 (1790702341 to 1790704141)...
2026-10-05 10:59:50 +0000 - dagster - INFO - __ASSET_JOB - aa1a15c4-82a7-4549-a237-bc15656f5969 - hackernews - Making GET request to https://hn.algolia.com/api/v1/search_by_date?numericFilters=created_at_i%3E%3D1790702341%2Ccreated_at_i%3C1790704141&hitsPerPage=1000
2026-10-05 10:59:50 +0000 - dagster - INFO - __ASSET_JOB - aa1a15c4-82a7-4549-a237-bc15656f5969 - hackernews - Retrieved 545 items in this window.
2026-10-05 10:59:50 +0000 - dagster - INFO - __ASSET_JOB - aa1a15c4-82a7-4549-a237-bc15656f5969 - hackernews - Querying time window: 2026-09-29 17:49:01 to 2026-09-29 18:49:01 (1790704141 to 1790707741)...
2026-10-05 10:59:50 +0000 - dagster - INFO - __ASSET_JOB - aa1a15c4-82a7-4549-a237-bc15656f5969 - hackernews - Making GET request to https://hn.algolia.com/api/v1/search_by_date?numericFilters=created_at_i%3E%3D1790704141%2Ccreated_at_i%3C1790707741&hitsPerPage=1000
2026-10-05 10:59:51 +0000 - dagster - INFO - __ASSET_JOB - aa1a15c4-82a7-4549-a237-bc15656f5969 - hackernews - Retrieved 940 items in this window.
2026-10-05 10:59:51 +0000 - dagster - INFO - __ASSET_JOB - aa1a15c4-82a7-4549-a237-bc15656f5969 - hackernews - Querying time window: 2026-09-29 18:49:01 to 2026-09-29 19:49:01 (1790707741 to 1790711341)...
2026-10-05 10:59:51 +0000 - dagster - INFO - __ASSET_JOB - aa1a15c4-82a7-4549-a237-bc15656f5969 - hackernews - Making GET request to https://hn.algolia.com/api/v1/search_by_date?numericFilters=created_at_i%3E%3D1790707741%2Ccreated_at_i%3C1790711341&hitsPerPage=1000
2026-10-05 10:59:52 +0000 - dagster - INFO - __ASSET_JOB - aa1a15c4-82a7-4549-a237-bc15656f5969 - hackernews - Retrieved 773 items in this window.
2026-10-05 10:59:52 +0000 - dagster - INFO - __ASSET_JOB - aa1a15c4-82a7-4549-a237-bc15656f5969 - hackernews - Querying time window: 2026-09-29 19:49:01 to 2026-09-29 20:49:01 (1790711341 to 1790714941)...
2026-10-05 10:59:52 +0000 - dagster - INFO - __ASSET_JOB - aa1a15c4-82a7-4549-a237-bc15656f5969 - hackernews - Making GET request to https://hn.algolia.com/api/v1/search_by_date?numericFilters=created_at_i%3E%3D1790711341%2Ccreated_at_i%3C1790714941&hitsPerPage=1000
2026-10-05 10:59:52 +0000 - dagster - INFO - __ASSET_JOB - aa1a15c4-82a7-4549-a237-bc15656f5969 - hackernews - Retrieved 880 items in this window.
2026-10-05 10:59:52 +0000 - dagster - INFO - __ASSET_JOB - aa1a15c4-82a7-4549-a237-bc15656f5969 - hackernews - Querying time window: 2026-09-29 20:49:01 to 2026-09-29 21:49:01 (1790714941 to 1790718541)...
2026-10-05 10:59:52 +0000 - dagster - INFO - __ASSET_JOB - aa1a15c4-82a7-4549-a237-bc15656f5969 - hackernews - Making GET request to https://hn.algolia.com/api/v1/search_by_date?numericFilters=created_at_i%3E%3D1790714941%2Ccreated_at_i%3C1790718541&hitsPerPage=1000
2026-10-05 10:59:53 +0000 - dagster - INFO - __ASSET_JOB - aa1a15c4-82a7-4549-a237-bc15656f5969 - hackernews - Retrieved 799 items in this window.
2026-10-05 10:59:53 +0000 - dagster - INFO - __ASSET_JOB - aa1a15c4-82a7-4549-a237-bc15656f5969 - hackernews - Querying time window: 2026-09-29 21:49:01 to 2026-09-29 22:49:01 (1790718541 to 1790722141)...
2026-10-05 10:59:53 +0000 - dagster - INFO - __ASSET_JOB - aa1a15c4-82a7-4549-a237-bc15656f5969 - hackernews - Making GET request to https://hn.algolia.com/api/v1/search_by_date?numericFilters=created_at_i%3E%3D1790718541%2Ccreated_at_i%3C1790722141&hitsPerPage=1000
2026-10-05 10:59:53 +0000 - dagster - INFO - __ASSET_JOB - aa1a15c4-82a7-4549-a237-bc15656f5969 - hackernews - Retrieved 650 items in this window.
2026-10-05 10:59:53 +0000 - dagster - INFO - __ASSET_JOB - aa1a15c4-82a7-4549-a237-bc15656f5969 - hackernews - Querying time window: 2026-09-29 22:49:01 to 2026-09-29 23:49:01 (1790722141 to 1790725741)...
2026-10-05 10:59:53 +0000 - dagster - INFO - __ASSET_JOB - aa1a15c4-82a7-4549-a237-bc15656f5969 - hackernews - Making GET request to https://hn.algolia.com/api/v1/search_by_date?numericFilters=created_at_i%3E%3D1790722141%2Ccreated_at_i%3C1790725741&hitsPerPage=1000
2026-10-05 10:59:53 +0000 - dagster - INFO - __ASSET_JOB - aa1a15c4-82a7-4549-a237-bc15656f5969 - hackernews - Retrieved 508 items in this window.
2026-10-05 10:59:53 +0000 - dagster - INFO - __ASSET_JOB - aa1a15c4-82a7-4549-a237-bc15656f5969 - hackernews - Querying time window: 2026-09-29 23:49:01 to 2026-09-30 00:49:01 (1790725741 to 1790729341)...
2026-10-05 10:59:53 +0000 - dagster - INFO - __ASSET_JOB - aa1a15c4-82a7-4549-a237-bc15656f5969 - hackernews - Making GET request to https://hn.algolia.com/api/v1/search_by_date?numericFilters=created_at_i%3E%3D1790725741%2Ccreated_at_i%3C1790729341&hitsPerPage=1000
2026-10-05 10:59:54 +0000 - dagster - INFO - __ASSET_JOB - aa1a15c4-82a7-4549-a237-bc15656f5969 - hackernews - Retrieved 495 items in this window.
2026-10-05 10:59:54 +0000 - dagster - INFO - __ASSET_JOB - aa1a15c4-82a7-4549-a237-bc15656f5969 - hackernews - Querying time window: 2026-09-30 00:49:01 to 2026-09-30 01:49:01 (1790729341 to 1790732941)...
2026-10-05 10:59:54 +0000 - dagster - INFO - __ASSET_JOB - aa1a15c4-82a7-4549-a237-bc15656f5969 - hackernews - Making GET request to https://hn.algolia.com/api/v1/search_by_date?numericFilters=created_at_i%3E%3D1790729341%2Ccreated_at_i%3C1790732941&hitsPerPage=1000
2026-10-05 10:59:54 +0000 - dagster - INFO - __ASSET_JOB - aa1a15c4-82a7-4549-a237-bc15656f5969 - hackernews - Retrieved 376 items in this window.
2026-10-05 10:59:54 +0000 - dagster - INFO - __ASSET_JOB - aa1a15c4-82a7-4549-a237-bc15656f5969 - hackernews - Querying time window: 2026-09-30 01:49:01 to 2026-09-30 02:49:01 (1790732941 to 1790736541)...
2026-10-05 10:59:54 +0000 - dagster - INFO - __ASSET_JOB - aa1a15c4-82a7-4549-a237-bc15656f5969 - hackernews - Making GET request to https://hn.algolia.com/api/v1/search_by_date?numericFilters=created_at_i%3E%3D1790732941%2Ccreated_at_i%3C1790736541&hitsPerPage=1000
2026-10-05 10:59:55 +0000 - dagster - INFO - __ASSET_JOB - aa1a15c4-82a7-4549-a237-bc15656f5969 - hackernews - Retrieved 336 items in this window.
2026-10-05 10:59:55 +0000 - dagster - INFO - __ASSET_JOB - aa1a15c4-82a7-4549-a237-bc15656f5969 - hackernews - Querying time window: 2026-09-30 02:49:01 to 2026-09-30 03:49:01 (1790736541 to 1790740141)...
2026-10-05 10:59:55 +0000 - dagster - INFO - __ASSET_JOB - aa1a15c4-82a7-4549-a237-bc15656f5969 - hackernews - Making GET request to https://hn.algolia.com/api/v1/search_by_date?numericFilters=created_at_i%3E%3D1790736541%2Ccreated_at_i%3C1790740141&hitsPerPage=1000
2026-10-05 10:59:55 +0000 - dagster - INFO - __ASSET_JOB - aa1a15c4-82a7-4549-a237-bc15656f5969 - hackernews - Retrieved 329 items in this window.
2026-10-05 10:59:55 +0000 - dagster - INFO - __ASSET_JOB - aa1a15c4-82a7-4549-a237-bc15656f5969 - hackernews - Querying time window: 2026-09-30 03:49:01 to 2026-09-30 04:49:01 (1790740141 to 1790743741)...
2026-10-05 10:59:55 +0000 - dagster - INFO - __ASSET_JOB - aa1a15c4-82a7-4549-a237-bc15656f5969 - hackernews - Making GET request to https://hn.algolia.com/api/v1/search_by_date?numericFilters=created_at_i%3E%3D1790740141%2Ccreated_at_i%3C1790743741&hitsPerPage=1000
2026-10-05 10:59:55 +0000 - dagster - INFO - __ASSET_JOB - aa1a15c4-82a7-4549-a237-bc15656f5969 - hackernews - Retrieved 257 items in this window.
2026-10-05 10:59:55 +0000 - dagster - INFO - __ASSET_JOB - aa1a15c4-82a7-4549-a237-bc15656f5969 - hackernews - Querying time window: 2026-09-30 04:49:01 to 2026-09-30 05:49:01 (1790743741 to 1790747341)...
2026-10-05 10:59:55 +0000 - dagster - INFO - __ASSET_JOB - aa1a15c4-82a7-4549-a237-bc15656f5969 - hackernews - Making GET request to https://hn.algolia.com/api/v1/search_by_date?numericFilters=created_at_i%3E%3D1790743741%2Ccreated_at_i%3C1790747341&hitsPerPage=1000
2026-10-05 10:59:56 +0000 - dagster - INFO - __ASSET_JOB - aa1a15c4-82a7-4549-a237-bc15656f5969 - hackernews - Retrieved 347 items in this window.
2026-10-05 10:59:56 +0000 - dagster - INFO - __ASSET_JOB - aa1a15c4-82a7-4549-a237-bc15656f5969 - hackernews - Querying time window: 2026-09-30 05:49:01 to 2026-09-30 06:49:01 (1790747341 to 1790750941)...
2026-10-05 10:59:56 +0000 - dagster - INFO - __ASSET_JOB - aa1a15c4-82a7-4549-a237-bc15656f5969 - hackernews - Making GET request to https://hn.algolia.com/api/v1/search_by_date?numericFilters=created_at_i%3E%3D1790747341%2Ccreated_at_i%3C1790750941&hitsPerPage=1000
2026-10-05 10:59:56 +0000 - dagster - INFO - __ASSET_JOB - aa1a15c4-82a7-4549-a237-bc15656f5969 - hackernews - Retrieved 404 items in this window.
2026-10-05 10:59:56 +0000 - dagster - INFO - __ASSET_JOB - aa1a15c4-82a7-4549-a237-bc15656f5969 - hackernews - Querying time window: 2026-09-30 06:49:01 to 2026-09-30 07:49:01 (1790750941 to 1790754541)...
2026-10-05 10:59:56 +0000 - dagster - INFO - __ASSET_JOB - aa1a15c4-82a7-4549-a237-bc15656f5969 - hackernews - Making GET request to https://hn.algolia.com/api/v1/search_by_date?numericFilters=created_at_i%3E%3D1790750941%2Ccreated_at_i%3C1790754541&hitsPerPage=1000
2026-10-05 10:59:57 +0000 - dagster - INFO - __ASSET_JOB - aa1a15c4-82a7-4549-a237-bc15656f5969 - hackernews - Retrieved 411 items in this window.
2026-10-05 10:59:57 +0000 - dagster - INFO - __ASSET_JOB - aa1a15c4-82a7-4549-a237-bc15656f5969 - hackernews - Querying time window: 2026-09-30 07:49:01 to 2026-09-30 08:49:01 (1790754541 to 1790758141)...
2026-10-05 10:59:57 +0000 - dagster - INFO - __ASSET_JOB - aa1a15c4-82a7-4549-a237-bc15656f5969 - hackernews - Making GET request to https://hn.algolia.com/api/v1/search_by_date?numericFilters=created_at_i%3E%3D1790754541%2Ccreated_at_i%3C1790758141&hitsPerPage=1000
2026-10-05 10:59:57 +0000 - dagster - INFO - __ASSET_JOB - aa1a15c4-82a7-4549-a237-bc15656f5969 - hackernews - Retrieved 342 items in this window.
2026-10-05 10:59:57 +0000 - dagster - INFO - __ASSET_JOB - aa1a15c4-82a7-4549-a237-bc15656f5969 - hackernews - Querying time window: 2026-09-30 08:49:01 to 2026-09-30 09:49:01 (1790758141 to 1790761741)...
2026-10-05 10:59:57 +0000 - dagster - INFO - __ASSET_JOB - aa1a15c4-82a7-4549-a237-bc15656f5969 - hackernews - Making GET request to https://hn.algolia.com/api/v1/search_by_date?numericFilters=created_at_i%3E%3D1790758141%2Ccreated_at_i%3C1790761741&hitsPerPage=1000
2026-10-05 10:59:58 +0000 - dagster - INFO - __ASSET_JOB - aa1a15c4-82a7-4549-a237-bc15656f5969 - hackernews - Retrieved 379 items in this window.
2026-10-05 10:59:58 +0000 - dagster - INFO - __ASSET_JOB - aa1a15c4-82a7-4549-a237-bc15656f5969 - hackernews - Querying time window: 2026-09-30 09:49:01 to 2026-09-30 10:49:01 (1790761741 to 1790765341)...
2026-10-05 10:59:58 +0000 - dagster - INFO - __ASSET_JOB - aa1a15c4-82a7-4549-a237-bc15656f5969 - hackernews - Making GET request to https://hn.algolia.com/api/v1/search_by_date?numericFilters=created_at_i%3E%3D1790761741%2Ccreated_at_i%3C1790765341&hitsPerPage=1000
2026-10-05 10:59:58 +0000 - dagster - INFO - __ASSET_JOB - aa1a15c4-82a7-4549-a237-bc15656f5969 - hackernews - Retrieved 387 items in this window.
2026-10-05 10:59:58 +0000 - dagster - INFO - __ASSET_JOB - aa1a15c4-82a7-4549-a237-bc15656f5969 - hackernews - Querying time window: 2026-09-30 10:49:01 to 2026-09-30 11:49:01 (1790765341 to 1790768941)...
2026-10-05 10:59:58 +0000 - dagster - INFO - __ASSET_JOB - aa1a15c4-82a7-4549-a237-bc15656f5969 - hackernews - Making GET request to https://hn.algolia.com/api/v1/search_by_date?numericFilters=created_at_i%3E%3D1790765341%2Ccreated_at_i%3C1790768941&hitsPerPage=1000
2026-10-05 10:59:58 +0000 - dagster - INFO - __ASSET_JOB - aa1a15c4-82a7-4549-a237-bc15656f5969 - hackernews - Retrieved 445 items in this window.
2026-10-05 10:59:58 +0000 - dagster - INFO - __ASSET_JOB - aa1a15c4-82a7-4549-a237-bc15656f5969 - hackernews - Querying time window: 2026-09-30 11:49:01 to 2026-09-30 12:49:01 (1790768941 to 1790772541)...
2026-10-05 10:59:58 +0000 - dagster - INFO - __ASSET_JOB - aa1a15c4-82a7-4549-a237-bc15656f5969 - hackernews - Making GET request to https://hn.algolia.com/api/v1/search_by_date?numericFilters=created_at_i%3E%3D1790768941%2Ccreated_at_i%3C1790772541&hitsPerPage=1000
2026-10-05 10:59:59 +0000 - dagster - INFO - __ASSET_JOB - aa1a15c4-82a7-4549-a237-bc15656f5969 - hackernews - Retrieved 535 items in this window.
2026-10-05 10:59:59 +0000 - dagster - INFO - __ASSET_JOB - aa1a15c4-82a7-4549-a237-bc15656f5969 - hackernews - Querying time window: 2026-09-30 12:49:01 to 2026-09-30 13:49:01 (1790772541 to 1790776141)...
2026-10-05 10:59:59 +0000 - dagster - INFO - __ASSET_JOB - aa1a15c4-82a7-4549-a237-bc15656f5969 - hackernews - Making GET request to https://hn.algolia.com/api/v1/search_by_date?numericFilters=created_at_i%3E%3D1790772541%2Ccreated_at_i%3C1790776141&hitsPerPage=1000
2026-10-05 10:59:59 +0000 - dagster - INFO - __ASSET_JOB - aa1a15c4-82a7-4549-a237-bc15656f5969 - hackernews - Retrieved 656 items in this window.
2026-10-05 10:59:59 +0000 - dagster - INFO - __ASSET_JOB - aa1a15c4-82a7-4549-a237-bc15656f5969 - hackernews - Querying time window: 2026-09-30 13:49:01 to 2026-09-30 14:49:01 (1790776141 to 1790779741)...
2026-10-05 10:59:59 +0000 - dagster - INFO - __ASSET_JOB - aa1a15c4-82a7-4549-a237-bc15656f5969 - hackernews - Making GET request to https://hn.algolia.com/api/v1/search_by_date?numericFilters=created_at_i%3E%3D1790776141%2Ccreated_at_i%3C1790779741&hitsPerPage=1000
2026-10-05 11:00:00 +0000 - dagster - INFO - __ASSET_JOB - aa1a15c4-82a7-4549-a237-bc15656f5969 - hackernews - Retrieved 744 items in this window.
2026-10-05 11:00:00 +0000 - dagster - INFO - __ASSET_JOB - aa1a15c4-82a7-4549-a237-bc15656f5969 - hackernews - Querying time window: 2026-09-30 14:49:01 to 2026-09-30 15:49:01 (1790779741 to 1790783341)...
2026-10-05 11:00:00 +0000 - dagster - INFO - __ASSET_JOB - aa1a15c4-82a7-4549-a237-bc15656f5969 - hackernews - Making GET request to https://hn.algolia.com/api/v1/search_by_date?numericFilters=created_at_i%3E%3D1790779741%2Ccreated_at_i%3C1790783341&hitsPerPage=1000
2026-10-05 11:00:01 +0000 - dagster - INFO - __ASSET_JOB - aa1a15c4-82a7-4549-a237-bc15656f5969 - hackernews - Retrieved 681 items in this window.
2026-10-05 11:00:01 +0000 - dagster - INFO - __ASSET_JOB - aa1a15c4-82a7-4549-a237-bc15656f5969 - hackernews - Querying time window: 2026-09-30 15:49:01 to 2026-09-30 16:49:01 (1790783341 to 1790786941)...
2026-10-05 11:00:01 +0000 - dagster - INFO - __ASSET_JOB - aa1a15c4-82a7-4549-a237-bc15656f5969 - hackernews - Making GET request to https://hn.algolia.com/api/v1/search_by_date?numericFilters=created_at_i%3E%3D1790783341%2Ccreated_at_i%3C1790786941&hitsPerPage=1000
2026-10-05 11:00:02 +0000 - dagster - INFO - __ASSET_JOB - aa1a15c4-82a7-4549-a237-bc15656f5969 - hackernews - Retrieved 712 items in this window.
2026-10-05 11:00:02 +0000 - dagster - INFO - __ASSET_JOB - aa1a15c4-82a7-4549-a237-bc15656f5969 - hackernews - Querying time window: 2026-09-30 16:49:01 to 2026-09-30 17:49:01 (1790786941 to 1790790541)...
2026-10-05 11:00:02 +0000 - dagster - INFO - __ASSET_JOB - aa1a15c4-82a7-4549-a237-bc15656f5969 - hackernews - Making GET request to https://hn.algolia.com/api/v1/search_by_date?numericFilters=created_at_i%3E%3D1790786941%2Ccreated_at_i%3C1790790541&hitsPerPage=1000
2026-10-05 11:00:06 +0000 - dagster - INFO - __ASSET_JOB - aa1a15c4-82a7-4549-a237-bc15656f5969 - hackernews - Retrieved 716 items in this window.
2026-10-05 11:00:06 +0000 - dagster - INFO - __ASSET_JOB - aa1a15c4-82a7-4549-a237-bc15656f5969 - hackernews - Querying time window: 2026-09-30 17:49:01 to 2026-09-30 18:49:01 (1790790541 to 1790794141)...
2026-10-05 11:00:06 +0000 - dagster - INFO - __ASSET_JOB - aa1a15c4-82a7-4549-a237-bc15656f5969 - hackernews - Making GET request to https://hn.algolia.com/api/v1/search_by_date?numericFilters=created_at_i%3E%3D1790790541%2Ccreated_at_i%3C1790794141&hitsPerPage=1000
2026-10-05 11:00:08 +0000 - dagster - INFO - __ASSET_JOB - aa1a15c4-82a7-4549-a237-bc15656f5969 - hackernews - Retrieved 600 items in this window.
2026-10-05 11:00:08 +0000 - dagster - INFO - __ASSET_JOB - aa1a15c4-82a7-4549-a237-bc15656f5969 - hackernews - Querying time window: 2026-09-30 18:49:01 to 2026-09-30 19:49:01 (1790794141 to 1790797741)...
2026-10-05 11:00:08 +0000 - dagster - INFO - __ASSET_JOB - aa1a15c4-82a7-4549-a237-bc15656f5969 - hackernews - Making GET request to https://hn.algolia.com/api/v1/search_by_date?numericFilters=created_at_i%3E%3D1790794141%2Ccreated_at_i%3C1790797741&hitsPerPage=1000
2026-10-05 11:00:10 +0000 - dagster - INFO - __ASSET_JOB - aa1a15c4-82a7-4549-a237-bc15656f5969 - hackernews - Retrieved 520 items in this window.
2026-10-05 11:00:10 +0000 - dagster - INFO - __ASSET_JOB - aa1a15c4-82a7-4549-a237-bc15656f5969 - hackernews - Querying time window: 2026-09-30 19:49:01 to 2026-09-30 20:49:01 (1790797741 to 1790801341)...
2026-10-05 11:00:10 +0000 - dagster - INFO - __ASSET_JOB - aa1a15c4-82a7-4549-a237-bc15656f5969 - hackernews - Making GET request to https://hn.algolia.com/api/v1/search_by_date?numericFilters=created_at_i%3E%3D1790797741%2Ccreated_at_i%3C1790801341&hitsPerPage=1000
2026-10-05 11:00:12 +0000 - dagster - INFO - __ASSET_JOB - aa1a15c4-82a7-4549-a237-bc15656f5969 - hackernews - Retrieved 751 items in this window.
2026-10-05 11:00:12 +0000 - dagster - INFO - __ASSET_JOB - aa1a15c4-82a7-4549-a237-bc15656f5969 - hackernews - Querying time window: 2026-09-30 20:49:01 to 2026-09-30 21:49:01 (1790801341 to 1790804941)...
2026-10-05 11:00:12 +0000 - dagster - INFO - __ASSET_JOB - aa1a15c4-82a7-4549-a237-bc15656f5969 - hackernews - Making GET request to https://hn.algolia.com/api/v1/search_by_date?numericFilters=created_at_i%3E%3D1790801341%2Ccreated_at_i%3C1790804941&hitsPerPage=1000
2026-10-05 11:00:15 +0000 - dagster - INFO - __ASSET_JOB - aa1a15c4-82a7-4549-a237-bc15656f5969 - hackernews - Retrieved 632 items in this window.
2026-10-05 11:00:15 +0000 - dagster - INFO - __ASSET_JOB - aa1a15c4-82a7-4549-a237-bc15656f5969 - hackernews - Querying time window: 2026-09-30 21:49:01 to 2026-09-30 22:49:01 (1790804941 to 1790808541)...
2026-10-05 11:00:15 +0000 - dagster - INFO - __ASSET_JOB - aa1a15c4-82a7-4549-a237-bc15656f5969 - hackernews - Making GET request to https://hn.algolia.com/api/v1/search_by_date?numericFilters=created_at_i%3E%3D1790804941%2Ccreated_at_i%3C1790808541&hitsPerPage=1000
2026-10-05 11:00:18 +0000 - dagster - INFO - __ASSET_JOB - aa1a15c4-82a7-4549-a237-bc15656f5969 - hackernews - Retrieved 509 items in this window.
2026-10-05 11:00:18 +0000 - dagster - INFO - __ASSET_JOB - aa1a15c4-82a7-4549-a237-bc15656f5969 - hackernews - Querying time window: 2026-09-30 22:49:01 to 2026-09-30 23:49:01 (1790808541 to 1790812141)...
2026-10-05 11:00:18 +0000 - dagster - INFO - __ASSET_JOB - aa1a15c4-82a7-4549-a237-bc15656f5969 - hackernews - Making GET request to https://hn.algolia.com/api/v1/search_by_date?numericFilters=created_at_i%3E%3D1790808541%2Ccreated_at_i%3C1790812141&hitsPerPage=1000
2026-10-05 11:00:20 +0000 - dagster - INFO - __ASSET_JOB - aa1a15c4-82a7-4549-a237-bc15656f5969 - hackernews - Retrieved 438 items in this window.
2026-10-05 11:00:20 +0000 - dagster - INFO - __ASSET_JOB - aa1a15c4-82a7-4549-a237-bc15656f5969 - hackernews - Querying time window: 2026-09-30 23:49:01 to 2026-10-01 00:49:01 (1790812141 to 1790815741)...
2026-10-05 11:00:20 +0000 - dagster - INFO - __ASSET_JOB - aa1a15c4-82a7-4549-a237-bc15656f5969 - hackernews - Making GET request to https://hn.algolia.com/api/v1/search_by_date?numericFilters=created_at_i%3E%3D1790812141%2Ccreated_at_i%3C1790815741&hitsPerPage=1000
2026-10-05 11:00:21 +0000 - dagster - INFO - __ASSET_JOB - aa1a15c4-82a7-4549-a237-bc15656f5969 - hackernews - Retrieved 370 items in this window.
2026-10-05 11:00:21 +0000 - dagster - INFO - __ASSET_JOB - aa1a15c4-82a7-4549-a237-bc15656f5969 - hackernews - Querying time window: 2026-10-01 00:49:01 to 2026-10-01 01:49:01 (1790815741 to 1790819341)...
2026-10-05 11:00:21 +0000 - dagster - INFO - __ASSET_JOB - aa1a15c4-82a7-4549-a237-bc15656f5969 - hackernews - Making GET request to https://hn.algolia.com/api/v1/search_by_date?numericFilters=created_at_i%3E%3D1790815741%2Ccreated_at_i%3C1790819341&hitsPerPage=1000
2026-10-05 11:00:24 +0000 - dagster - INFO - __ASSET_JOB - aa1a15c4-82a7-4549-a237-bc15656f5969 - hackernews - Retrieved 317 items in this window.
2026-10-05 11:00:24 +0000 - dagster - INFO - __ASSET_JOB - aa1a15c4-82a7-4549-a237-bc15656f5969 - hackernews - Querying time window: 2026-10-01 01:49:01 to 2026-10-01 02:49:01 (1790819341 to 1790822941)...
2026-10-05 11:00:24 +0000 - dagster - INFO - __ASSET_JOB - aa1a15c4-82a7-4549-a237-bc15656f5969 - hackernews - Making GET request to https://hn.algolia.com/api/v1/search_by_date?numericFilters=created_at_i%3E%3D1790819341%2Ccreated_at_i%3C1790822941&hitsPerPage=1000
2026-10-05 11:00:26 +0000 - dagster - INFO - __ASSET_JOB - aa1a15c4-82a7-4549-a237-bc15656f5969 - hackernews - Retrieved 368 items in this window.
2026-10-05 11:00:26 +0000 - dagster - INFO - __ASSET_JOB - aa1a15c4-82a7-4549-a237-bc15656f5969 - hackernews - Querying time window: 2026-10-01 02:49:01 to 2026-10-01 03:49:01 (1790822941 to 1790826541)...
2026-10-05 11:00:26 +0000 - dagster - INFO - __ASSET_JOB - aa1a15c4-82a7-4549-a237-bc15656f5969 - hackernews - Making GET request to https://hn.algolia.com/api/v1/search_by_date?numericFilters=created_at_i%3E%3D1790822941%2Ccreated_at_i%3C1790826541&hitsPerPage=1000
2026-10-05 11:00:28 +0000 - dagster - INFO - __ASSET_JOB - aa1a15c4-82a7-4549-a237-bc15656f5969 - hackernews - Retrieved 368 items in this window.
2026-10-05 11:00:28 +0000 - dagster - INFO - __ASSET_JOB - aa1a15c4-82a7-4549-a237-bc15656f5969 - hackernews - Querying time window: 2026-10-01 03:49:01 to 2026-10-01 04:49:01 (1790826541 to 1790830141)...
2026-10-05 11:00:28 +0000 - dagster - INFO - __ASSET_JOB - aa1a15c4-82a7-4549-a237-bc15656f5969 - hackernews - Making GET request to https://hn.algolia.com/api/v1/search_by_date?numericFilters=created_at_i%3E%3D1790826541%2Ccreated_at_i%3C1790830141&hitsPerPage=1000
2026-10-05 11:00:29 +0000 - dagster - INFO - __ASSET_JOB - aa1a15c4-82a7-4549-a237-bc15656f5969 - hackernews - Retrieved 298 items in this window.
2026-10-05 11:00:29 +0000 - dagster - INFO - __ASSET_JOB - aa1a15c4-82a7-4549-a237-bc15656f5969 - hackernews - Querying time window: 2026-10-01 04:49:01 to 2026-10-01 05:49:01 (1790830141 to 1790833741)...
2026-10-05 11:00:29 +0000 - dagster - INFO - __ASSET_JOB - aa1a15c4-82a7-4549-a237-bc15656f5969 - hackernews - Making GET request to https://hn.algolia.com/api/v1/search_by_date?numericFilters=created_at_i%3E%3D1790830141%2Ccreated_at_i%3C1790833741&hitsPerPage=1000
2026-10-05 11:00:29 +0000 - dagster - INFO - __ASSET_JOB - aa1a15c4-82a7-4549-a237-bc15656f5969 - hackernews - Retrieved 270 items in this window.
2026-10-05 11:00:29 +0000 - dagster - INFO - __ASSET_JOB - aa1a15c4-82a7-4549-a237-bc15656f5969 - hackernews - Querying time window: 2026-10-01 05:49:01 to 2026-10-01 06:49:01 (1790833741 to 1790837341)...
2026-10-05 11:00:29 +0000 - dagster - INFO - __ASSET_JOB - aa1a15c4-82a7-4549-a237-bc15656f5969 - hackernews - Making GET request to https://hn.algolia.com/api/v1/search_by_date?numericFilters=created_at_i%3E%3D1790833741%2Ccreated_at_i%3C1790837341&hitsPerPage=1000
2026-10-05 11:00:31 +0000 - dagster - INFO - __ASSET_JOB - aa1a15c4-82a7-4549-a237-bc15656f5969 - hackernews - Retrieved 298 items in this window.
2026-10-05 11:00:31 +0000 - dagster - INFO - __ASSET_JOB - aa1a15c4-82a7-4549-a237-bc15656f5969 - hackernews - Querying time window: 2026-10-01 06:49:01 to 2026-10-01 07:49:01 (1790837341 to 1790840941)...
2026-10-05 11:00:31 +0000 - dagster - INFO - __ASSET_JOB - aa1a15c4-82a7-4549-a237-bc15656f5969 - hackernews - Making GET request to https://hn.algolia.com/api/v1/search_by_date?numericFilters=created_at_i%3E%3D1790837341%2Ccreated_at_i%3C1790840941&hitsPerPage=1000
2026-10-05 11:00:33 +0000 - dagster - INFO - __ASSET_JOB - aa1a15c4-82a7-4549-a237-bc15656f5969 - hackernews - Retrieved 393 items in this window.
2026-10-05 11:00:33 +0000 - dagster - INFO - __ASSET_JOB - aa1a15c4-82a7-4549-a237-bc15656f5969 - hackernews - Querying time window: 2026-10-01 07:49:01 to 2026-10-01 08:49:01 (1790840941 to 1790844541)...
2026-10-05 11:00:33 +0000 - dagster - INFO - __ASSET_JOB - aa1a15c4-82a7-4549-a237-bc15656f5969 - hackernews - Making GET request to https://hn.algolia.com/api/v1/search_by_date?numericFilters=created_at_i%3E%3D1790840941%2Ccreated_at_i%3C1790844541&hitsPerPage=1000
2026-10-05 11:00:35 +0000 - dagster - INFO - __ASSET_JOB - aa1a15c4-82a7-4549-a237-bc15656f5969 - hackernews - Retrieved 351 items in this window.
2026-10-05 11:00:35 +0000 - dagster - INFO - __ASSET_JOB - aa1a15c4-82a7-4549-a237-bc15656f5969 - hackernews - Querying time window: 2026-10-01 08:49:01 to 2026-10-01 09:49:01 (1790844541 to 1790848141)...
2026-10-05 11:00:35 +0000 - dagster - INFO - __ASSET_JOB - aa1a15c4-82a7-4549-a237-bc15656f5969 - hackernews - Making GET request to https://hn.algolia.com/api/v1/search_by_date?numericFilters=created_at_i%3E%3D1790844541%2Ccreated_at_i%3C1790848141&hitsPerPage=1000
2026-10-05 11:00:38 +0000 - dagster - INFO - __ASSET_JOB - aa1a15c4-82a7-4549-a237-bc15656f5969 - hackernews - Retrieved 300 items in this window.
2026-10-05 11:00:38 +0000 - dagster - INFO - __ASSET_JOB - aa1a15c4-82a7-4549-a237-bc15656f5969 - hackernews - Querying time window: 2026-10-01 09:49:01 to 2026-10-01 10:49:01 (1790848141 to 1790851741)...
2026-10-05 11:00:38 +0000 - dagster - INFO - __ASSET_JOB - aa1a15c4-82a7-4549-a237-bc15656f5969 - hackernews - Making GET request to https://hn.algolia.com/api/v1/search_by_date?numericFilters=created_at_i%3E%3D1790848141%2Ccreated_at_i%3C1790851741&hitsPerPage=1000
2026-10-05 11:00:41 +0000 - dagster - INFO - __ASSET_JOB - aa1a15c4-82a7-4549-a237-bc15656f5969 - hackernews - Retrieved 363 items in this window.
2026-10-05 11:00:41 +0000 - dagster - INFO - __ASSET_JOB - aa1a15c4-82a7-4549-a237-bc15656f5969 - hackernews - Querying time window: 2026-10-01 10:49:01 to 2026-10-01 11:49:01 (1790851741 to 1790855341)...
2026-10-05 11:00:41 +0000 - dagster - INFO - __ASSET_JOB - aa1a15c4-82a7-4549-a237-bc15656f5969 - hackernews - Making GET request to https://hn.algolia.com/api/v1/search_by_date?numericFilters=created_at_i%3E%3D1790851741%2Ccreated_at_i%3C1790855341&hitsPerPage=1000
2026-10-05 11:00:43 +0000 - dagster - INFO - __ASSET_JOB - aa1a15c4-82a7-4549-a237-bc15656f5969 - hackernews - Retrieved 296 items in this window.
2026-10-05 11:00:43 +0000 - dagster - INFO - __ASSET_JOB - aa1a15c4-82a7-4549-a237-bc15656f5969 - hackernews - Querying time window: 2026-10-01 11:49:01 to 2026-10-01 12:49:01 (1790855341 to 1790858941)...
2026-10-05 11:00:43 +0000 - dagster - INFO - __ASSET_JOB - aa1a15c4-82a7-4549-a237-bc15656f5969 - hackernews - Making GET request to https://hn.algolia.com/api/v1/search_by_date?numericFilters=created_at_i%3E%3D1790855341%2Ccreated_at_i%3C1790858941&hitsPerPage=1000
2026-10-05 11:00:45 +0000 - dagster - INFO - __ASSET_JOB - aa1a15c4-82a7-4549-a237-bc15656f5969 - hackernews - Retrieved 421 items in this window.
2026-10-05 11:00:45 +0000 - dagster - INFO - __ASSET_JOB - aa1a15c4-82a7-4549-a237-bc15656f5969 - hackernews - Querying time window: 2026-10-01 12:49:01 to 2026-10-01 13:49:01 (1790858941 to 1790862541)...
2026-10-05 11:00:45 +0000 - dagster - INFO - __ASSET_JOB - aa1a15c4-82a7-4549-a237-bc15656f5969 - hackernews - Making GET request to https://hn.algolia.com/api/v1/search_by_date?numericFilters=created_at_i%3E%3D1790858941%2Ccreated_at_i%3C1790862541&hitsPerPage=1000
2026-10-05 11:00:45 +0000 - dagster - INFO - __ASSET_JOB - aa1a15c4-82a7-4549-a237-bc15656f5969 - hackernews - Retrieved 647 items in this window.
2026-10-05 11:00:45 +0000 - dagster - INFO - __ASSET_JOB - aa1a15c4-82a7-4549-a237-bc15656f5969 - hackernews - Querying time window: 2026-10-01 13:49:01 to 2026-10-01 14:49:01 (1790862541 to 1790866141)...
2026-10-05 11:00:45 +0000 - dagster - INFO - __ASSET_JOB - aa1a15c4-82a7-4549-a237-bc15656f5969 - hackernews - Making GET request to https://hn.algolia.com/api/v1/search_by_date?numericFilters=created_at_i%3E%3D1790862541%2Ccreated_at_i%3C1790866141&hitsPerPage=1000
2026-10-05 11:00:47 +0000 - dagster - INFO - __ASSET_JOB - aa1a15c4-82a7-4549-a237-bc15656f5969 - hackernews - Retrieved 653 items in this window.
2026-10-05 11:00:47 +0000 - dagster - INFO - __ASSET_JOB - aa1a15c4-82a7-4549-a237-bc15656f5969 - hackernews - Querying time window: 2026-10-01 14:49:01 to 2026-10-01 15:49:01 (1790866141 to 1790869741)...
2026-10-05 11:00:47 +0000 - dagster - INFO - __ASSET_JOB - aa1a15c4-82a7-4549-a237-bc15656f5969 - hackernews - Making GET request to https://hn.algolia.com/api/v1/search_by_date?numericFilters=created_at_i%3E%3D1790866141%2Ccreated_at_i%3C1790869741&hitsPerPage=1000
2026-10-05 11:00:49 +0000 - dagster - INFO - __ASSET_JOB - aa1a15c4-82a7-4549-a237-bc15656f5969 - hackernews - Retrieved 780 items in this window.
2026-10-05 11:00:49 +0000 - dagster - INFO - __ASSET_JOB - aa1a15c4-82a7-4549-a237-bc15656f5969 - hackernews - Querying time window: 2026-10-01 15:49:01 to 2026-10-01 16:49:01 (1790869741 to 1790873341)...
2026-10-05 11:00:49 +0000 - dagster - INFO - __ASSET_JOB - aa1a15c4-82a7-4549-a237-bc15656f5969 - hackernews - Making GET request to https://hn.algolia.com/api/v1/search_by_date?numericFilters=created_at_i%3E%3D1790869741%2Ccreated_at_i%3C1790873341&hitsPerPage=1000
2026-10-05 11:00:52 +0000 - dagster - INFO - __ASSET_JOB - aa1a15c4-82a7-4549-a237-bc15656f5969 - hackernews - Retrieved 714 items in this window.
2026-10-05 11:00:52 +0000 - dagster - INFO - __ASSET_JOB - aa1a15c4-82a7-4549-a237-bc15656f5969 - hackernews - Querying time window: 2026-10-01 16:49:01 to 2026-10-01 17:49:01 (1790873341 to 1790876941)...
2026-10-05 11:00:52 +0000 - dagster - INFO - __ASSET_JOB - aa1a15c4-82a7-4549-a237-bc15656f5969 - hackernews - Making GET request to https://hn.algolia.com/api/v1/search_by_date?numericFilters=created_at_i%3E%3D1790873341%2Ccreated_at_i%3C1790876941&hitsPerPage=1000
2026-10-05 11:00:53 +0000 - dagster - INFO - __ASSET_JOB - aa1a15c4-82a7-4549-a237-bc15656f5969 - hackernews - Retrieved 659 items in this window.
2026-10-05 11:00:53 +0000 - dagster - INFO - __ASSET_JOB - aa1a15c4-82a7-4549-a237-bc15656f5969 - hackernews - Querying time window: 2026-10-01 17:49:01 to 2026-10-01 18:49:01 (1790876941 to 1790880541)...
2026-10-05 11:00:53 +0000 - dagster - INFO - __ASSET_JOB - aa1a15c4-82a7-4549-a237-bc15656f5969 - hackernews - Making GET request to https://hn.algolia.com/api/v1/search_by_date?numericFilters=created_at_i%3E%3D1790876941%2Ccreated_at_i%3C1790880541&hitsPerPage=1000
2026-10-05 11:00:53 +0000 - dagster - INFO - __ASSET_JOB - aa1a15c4-82a7-4549-a237-bc15656f5969 - hackernews - Retrieved 668 items in this window.
2026-10-05 11:00:53 +0000 - dagster - INFO - __ASSET_JOB - aa1a15c4-82a7-4549-a237-bc15656f5969 - hackernews - Querying time window: 2026-10-01 18:49:01 to 2026-10-01 19:49:01 (1790880541 to 1790884141)...
2026-10-05 11:00:53 +0000 - dagster - INFO - __ASSET_JOB - aa1a15c4-82a7-4549-a237-bc15656f5969 - hackernews - Making GET request to https://hn.algolia.com/api/v1/search_by_date?numericFilters=created_at_i%3E%3D1790880541%2Ccreated_at_i%3C1790884141&hitsPerPage=1000
2026-10-05 11:00:55 +0000 - dagster - INFO - __ASSET_JOB - aa1a15c4-82a7-4549-a237-bc15656f5969 - hackernews - Retrieved 636 items in this window.
2026-10-05 11:00:55 +0000 - dagster - INFO - __ASSET_JOB - aa1a15c4-82a7-4549-a237-bc15656f5969 - hackernews - Querying time window: 2026-10-01 19:49:01 to 2026-10-01 20:49:01 (1790884141 to 1790887741)...
2026-10-05 11:00:55 +0000 - dagster - INFO - __ASSET_JOB - aa1a15c4-82a7-4549-a237-bc15656f5969 - hackernews - Making GET request to https://hn.algolia.com/api/v1/search_by_date?numericFilters=created_at_i%3E%3D1790884141%2Ccreated_at_i%3C1790887741&hitsPerPage=1000
2026-10-05 11:00:59 +0000 - dagster - INFO - __ASSET_JOB - aa1a15c4-82a7-4549-a237-bc15656f5969 - hackernews - Retrieved 603 items in this window.
2026-10-05 11:00:59 +0000 - dagster - INFO - __ASSET_JOB - aa1a15c4-82a7-4549-a237-bc15656f5969 - hackernews - Querying time window: 2026-10-01 20:49:01 to 2026-10-01 21:49:01 (1790887741 to 1790891341)...
2026-10-05 11:00:59 +0000 - dagster - INFO - __ASSET_JOB - aa1a15c4-82a7-4549-a237-bc15656f5969 - hackernews - Making GET request to https://hn.algolia.com/api/v1/search_by_date?numericFilters=created_at_i%3E%3D1790887741%2Ccreated_at_i%3C1790891341&hitsPerPage=1000
2026-10-05 11:01:03 +0000 - dagster - INFO - __ASSET_JOB - aa1a15c4-82a7-4549-a237-bc15656f5969 - hackernews - Retrieved 490 items in this window.
2026-10-05 11:01:03 +0000 - dagster - INFO - __ASSET_JOB - aa1a15c4-82a7-4549-a237-bc15656f5969 - hackernews - Querying time window: 2026-10-01 21:49:01 to 2026-10-01 22:49:01 (1790891341 to 1790894941)...
2026-10-05 11:01:03 +0000 - dagster - INFO - __ASSET_JOB - aa1a15c4-82a7-4549-a237-bc15656f5969 - hackernews - Making GET request to https://hn.algolia.com/api/v1/search_by_date?numericFilters=created_at_i%3E%3D1790891341%2Ccreated_at_i%3C1790894941&hitsPerPage=1000
2026-10-05 11:01:06 +0000 - dagster - INFO - __ASSET_JOB - aa1a15c4-82a7-4549-a237-bc15656f5969 - hackernews - Retrieved 453 items in this window.
2026-10-05 11:01:06 +0000 - dagster - INFO - __ASSET_JOB - aa1a15c4-82a7-4549-a237-bc15656f5969 - hackernews - Querying time window: 2026-10-01 22:49:01 to 2026-10-01 23:49:01 (1790894941 to 1790898541)...
2026-10-05 11:01:06 +0000 - dagster - INFO - __ASSET_JOB - aa1a15c4-82a7-4549-a237-bc15656f5969 - hackernews - Making GET request to https://hn.algolia.com/api/v1/search_by_date?numericFilters=created_at_i%3E%3D1790894941%2Ccreated_at_i%3C1790898541&hitsPerPage=1000
2026-10-05 11:01:09 +0000 - dagster - INFO - __ASSET_JOB - aa1a15c4-82a7-4549-a237-bc15656f5969 - hackernews - Retrieved 336 items in this window.
2026-10-05 11:01:09 +0000 - dagster - INFO - __ASSET_JOB - aa1a15c4-82a7-4549-a237-bc15656f5969 - hackernews - Querying time window: 2026-10-01 23:49:01 to 2026-10-02 00:49:01 (1790898541 to 1790902141)...
2026-10-05 11:01:09 +0000 - dagster - INFO - __ASSET_JOB - aa1a15c4-82a7-4549-a237-bc15656f5969 - hackernews - Making GET request to https://hn.algolia.com/api/v1/search_by_date?numericFilters=created_at_i%3E%3D1790898541%2Ccreated_at_i%3C1790902141&hitsPerPage=1000
2026-10-05 11:01:12 +0000 - dagster - INFO - __ASSET_JOB - aa1a15c4-82a7-4549-a237-bc15656f5969 - hackernews - Retrieved 335 items in this window.
2026-10-05 11:01:12 +0000 - dagster - INFO - __ASSET_JOB - aa1a15c4-82a7-4549-a237-bc15656f5969 - hackernews - Querying time window: 2026-10-02 00:49:01 to 2026-10-02 01:49:01 (1790902141 to 1790905741)...
2026-10-05 11:01:12 +0000 - dagster - INFO - __ASSET_JOB - aa1a15c4-82a7-4549-a237-bc15656f5969 - hackernews - Making GET request to https://hn.algolia.com/api/v1/search_by_date?numericFilters=created_at_i%3E%3D1790902141%2Ccreated_at_i%3C1790905741&hitsPerPage=1000
2026-10-05 11:01:14 +0000 - dagster - INFO - __ASSET_JOB - aa1a15c4-82a7-4549-a237-bc15656f5969 - hackernews - Retrieved 329 items in this window.
2026-10-05 11:01:14 +0000 - dagster - INFO - __ASSET_JOB - aa1a15c4-82a7-4549-a237-bc15656f5969 - hackernews - Querying time window: 2026-10-02 01:49:01 to 2026-10-02 02:49:01 (1790905741 to 1790909341)...
2026-10-05 11:01:14 +0000 - dagster - INFO - __ASSET_JOB - aa1a15c4-82a7-4549-a237-bc15656f5969 - hackernews - Making GET request to https://hn.algolia.com/api/v1/search_by_date?numericFilters=created_at_i%3E%3D1790905741%2Ccreated_at_i%3C1790909341&hitsPerPage=1000
2026-10-05 11:01:15 +0000 - dagster - INFO - __ASSET_JOB - aa1a15c4-82a7-4549-a237-bc15656f5969 - hackernews - Retrieved 266 items in this window.
2026-10-05 11:01:15 +0000 - dagster - INFO - __ASSET_JOB - aa1a15c4-82a7-4549-a237-bc15656f5969 - hackernews - Querying time window: 2026-10-02 02:49:01 to 2026-10-02 03:49:01 (1790909341 to 1790912941)...
2026-10-05 11:01:15 +0000 - dagster - INFO - __ASSET_JOB - aa1a15c4-82a7-4549-a237-bc15656f5969 - hackernews - Making GET request to https://hn.algolia.com/api/v1/search_by_date?numericFilters=created_at_i%3E%3D1790909341%2Ccreated_at_i%3C1790912941&hitsPerPage=1000
2026-10-05 11:01:16 +0000 - dagster - INFO - __ASSET_JOB - aa1a15c4-82a7-4549-a237-bc15656f5969 - hackernews - Retrieved 240 items in this window.
2026-10-05 11:01:16 +0000 - dagster - INFO - __ASSET_JOB - aa1a15c4-82a7-4549-a237-bc15656f5969 - hackernews - Querying time window: 2026-10-02 03:49:01 to 2026-10-02 04:49:01 (1790912941 to 1790916541)...
2026-10-05 11:01:16 +0000 - dagster - INFO - __ASSET_JOB - aa1a15c4-82a7-4549-a237-bc15656f5969 - hackernews - Making GET request to https://hn.algolia.com/api/v1/search_by_date?numericFilters=created_at_i%3E%3D1790912941%2Ccreated_at_i%3C1790916541&hitsPerPage=1000
2026-10-05 11:01:19 +0000 - dagster - INFO - __ASSET_JOB - aa1a15c4-82a7-4549-a237-bc15656f5969 - hackernews - Retrieved 253 items in this window.
2026-10-05 11:01:19 +0000 - dagster - INFO - __ASSET_JOB - aa1a15c4-82a7-4549-a237-bc15656f5969 - hackernews - Querying time window: 2026-10-02 04:49:01 to 2026-10-02 05:49:01 (1790916541 to 1790920141)...
2026-10-05 11:01:19 +0000 - dagster - INFO - __ASSET_JOB - aa1a15c4-82a7-4549-a237-bc15656f5969 - hackernews - Making GET request to https://hn.algolia.com/api/v1/search_by_date?numericFilters=created_at_i%3E%3D1790916541%2Ccreated_at_i%3C1790920141&hitsPerPage=1000
2026-10-05 11:01:21 +0000 - dagster - INFO - __ASSET_JOB - aa1a15c4-82a7-4549-a237-bc15656f5969 - hackernews - Retrieved 224 items in this window.
2026-10-05 11:01:21 +0000 - dagster - INFO - __ASSET_JOB - aa1a15c4-82a7-4549-a237-bc15656f5969 - hackernews - Querying time window: 2026-10-02 05:49:01 to 2026-10-02 06:49:01 (1790920141 to 1790923741)...
2026-10-05 11:01:21 +0000 - dagster - INFO - __ASSET_JOB - aa1a15c4-82a7-4549-a237-bc15656f5969 - hackernews - Making GET request to https://hn.algolia.com/api/v1/search_by_date?numericFilters=created_at_i%3E%3D1790920141%2Ccreated_at_i%3C1790923741&hitsPerPage=1000
2026-10-05 11:01:24 +0000 - dagster - INFO - __ASSET_JOB - aa1a15c4-82a7-4549-a237-bc15656f5969 - hackernews - Retrieved 309 items in this window.
2026-10-05 11:01:24 +0000 - dagster - INFO - __ASSET_JOB - aa1a15c4-82a7-4549-a237-bc15656f5969 - hackernews - Querying time window: 2026-10-02 06:49:01 to 2026-10-02 07:49:01 (1790923741 to 1790927341)...
2026-10-05 11:01:24 +0000 - dagster - INFO - __ASSET_JOB - aa1a15c4-82a7-4549-a237-bc15656f5969 - hackernews - Making GET request to https://hn.algolia.com/api/v1/search_by_date?numericFilters=created_at_i%3E%3D1790923741%2Ccreated_at_i%3C1790927341&hitsPerPage=1000
2026-10-05 11:01:27 +0000 - dagster - INFO - __ASSET_JOB - aa1a15c4-82a7-4549-a237-bc15656f5969 - hackernews - Retrieved 337 items in this window.
2026-10-05 11:01:27 +0000 - dagster - INFO - __ASSET_JOB - aa1a15c4-82a7-4549-a237-bc15656f5969 - hackernews - Querying time window: 2026-10-02 07:49:01 to 2026-10-02 08:49:01 (1790927341 to 1790930941)...
2026-10-05 11:01:27 +0000 - dagster - INFO - __ASSET_JOB - aa1a15c4-82a7-4549-a237-bc15656f5969 - hackernews - Making GET request to https://hn.algolia.com/api/v1/search_by_date?numericFilters=created_at_i%3E%3D1790927341%2Ccreated_at_i%3C1790930941&hitsPerPage=1000
2026-10-05 11:01:30 +0000 - dagster - INFO - __ASSET_JOB - aa1a15c4-82a7-4549-a237-bc15656f5969 - hackernews - Retrieved 330 items in this window.
2026-10-05 11:01:30 +0000 - dagster - INFO - __ASSET_JOB - aa1a15c4-82a7-4549-a237-bc15656f5969 - hackernews - Querying time window: 2026-10-02 08:49:01 to 2026-10-02 09:49:01 (1790930941 to 1790934541)...
2026-10-05 11:01:30 +0000 - dagster - INFO - __ASSET_JOB - aa1a15c4-82a7-4549-a237-bc15656f5969 - hackernews - Making GET request to https://hn.algolia.com/api/v1/search_by_date?numericFilters=created_at_i%3E%3D1790930941%2Ccreated_at_i%3C1790934541&hitsPerPage=1000
2026-10-05 11:01:32 +0000 - dagster - INFO - __ASSET_JOB - aa1a15c4-82a7-4549-a237-bc15656f5969 - hackernews - Retrieved 324 items in this window.
2026-10-05 11:01:32 +0000 - dagster - INFO - __ASSET_JOB - aa1a15c4-82a7-4549-a237-bc15656f5969 - hackernews - Querying time window: 2026-10-02 09:49:01 to 2026-10-02 10:49:01 (1790934541 to 1790938141)...
2026-10-05 11:01:32 +0000 - dagster - INFO - __ASSET_JOB - aa1a15c4-82a7-4549-a237-bc15656f5969 - hackernews - Making GET request to https://hn.algolia.com/api/v1/search_by_date?numericFilters=created_at_i%3E%3D1790934541%2Ccreated_at_i%3C1790938141&hitsPerPage=1000
2026-10-05 11:01:35 +0000 - dagster - INFO - __ASSET_JOB - aa1a15c4-82a7-4549-a237-bc15656f5969 - hackernews - Retrieved 319 items in this window.
2026-10-05 11:01:36 +0000 - dagster - INFO - __ASSET_JOB - aa1a15c4-82a7-4549-a237-bc15656f5969 - hackernews - Querying time window: 2026-10-02 10:49:01 to 2026-10-02 11:49:01 (1790938141 to 1790941741)...
2026-10-05 11:01:36 +0000 - dagster - INFO - __ASSET_JOB - aa1a15c4-82a7-4549-a237-bc15656f5969 - hackernews - Making GET request to https://hn.algolia.com/api/v1/search_by_date?numericFilters=created_at_i%3E%3D1790938141%2Ccreated_at_i%3C1790941741&hitsPerPage=1000
2026-10-05 11:01:38 +0000 - dagster - INFO - __ASSET_JOB - aa1a15c4-82a7-4549-a237-bc15656f5969 - hackernews - Retrieved 335 items in this window.
2026-10-05 11:01:38 +0000 - dagster - INFO - __ASSET_JOB - aa1a15c4-82a7-4549-a237-bc15656f5969 - hackernews - Querying time window: 2026-10-02 11:49:01 to 2026-10-02 12:49:01 (1790941741 to 1790945341)...
2026-10-05 11:01:38 +0000 - dagster - INFO - __ASSET_JOB - aa1a15c4-82a7-4549-a237-bc15656f5969 - hackernews - Making GET request to https://hn.algolia.com/api/v1/search_by_date?numericFilters=created_at_i%3E%3D1790941741%2Ccreated_at_i%3C1790945341&hitsPerPage=1000
2026-10-05 11:01:40 +0000 - dagster - INFO - __ASSET_JOB - aa1a15c4-82a7-4549-a237-bc15656f5969 - hackernews - Retrieved 443 items in this window.
2026-10-05 11:01:40 +0000 - dagster - INFO - __ASSET_JOB - aa1a15c4-82a7-4549-a237-bc15656f5969 - hackernews - Querying time window: 2026-10-02 12:49:01 to 2026-10-02 13:49:01 (1790945341 to 1790948941)...
2026-10-05 11:01:40 +0000 - dagster - INFO - __ASSET_JOB - aa1a15c4-82a7-4549-a237-bc15656f5969 - hackernews - Making GET request to https://hn.algolia.com/api/v1/search_by_date?numericFilters=created_at_i%3E%3D1790945341%2Ccreated_at_i%3C1790948941&hitsPerPage=1000
2026-10-05 11:01:42 +0000 - dagster - INFO - __ASSET_JOB - aa1a15c4-82a7-4549-a237-bc15656f5969 - hackernews - Retrieved 491 items in this window.
2026-10-05 11:01:42 +0000 - dagster - INFO - __ASSET_JOB - aa1a15c4-82a7-4549-a237-bc15656f5969 - hackernews - Querying time window: 2026-10-02 13:49:01 to 2026-10-02 14:49:01 (1790948941 to 1790952541)...
2026-10-05 11:01:42 +0000 - dagster - INFO - __ASSET_JOB - aa1a15c4-82a7-4549-a237-bc15656f5969 - hackernews - Making GET request to https://hn.algolia.com/api/v1/search_by_date?numericFilters=created_at_i%3E%3D1790948941%2Ccreated_at_i%3C1790952541&hitsPerPage=1000
2026-10-05 11:01:44 +0000 - dagster - INFO - __ASSET_JOB - aa1a15c4-82a7-4549-a237-bc15656f5969 - hackernews - Retrieved 562 items in this window.
2026-10-05 11:01:44 +0000 - dagster - INFO - __ASSET_JOB - aa1a15c4-82a7-4549-a237-bc15656f5969 - hackernews - Querying time window: 2026-10-02 14:49:01 to 2026-10-02 15:49:01 (1790952541 to 1790956141)...
2026-10-05 11:01:44 +0000 - dagster - INFO - __ASSET_JOB - aa1a15c4-82a7-4549-a237-bc15656f5969 - hackernews - Making GET request to https://hn.algolia.com/api/v1/search_by_date?numericFilters=created_at_i%3E%3D1790952541%2Ccreated_at_i%3C1790956141&hitsPerPage=1000
2026-10-05 11:01:44 +0000 - dagster - INFO - __ASSET_JOB - aa1a15c4-82a7-4549-a237-bc15656f5969 - hackernews - Retrieved 655 items in this window.
2026-10-05 11:01:44 +0000 - dagster - INFO - __ASSET_JOB - aa1a15c4-82a7-4549-a237-bc15656f5969 - hackernews - Querying time window: 2026-10-02 15:49:01 to 2026-10-02 16:49:01 (1790956141 to 1790959741)...
2026-10-05 11:01:44 +0000 - dagster - INFO - __ASSET_JOB - aa1a15c4-82a7-4549-a237-bc15656f5969 - hackernews - Making GET request to https://hn.algolia.com/api/v1/search_by_date?numericFilters=created_at_i%3E%3D1790956141%2Ccreated_at_i%3C1790959741&hitsPerPage=1000
2026-10-05 11:01:46 +0000 - dagster - INFO - __ASSET_JOB - aa1a15c4-82a7-4549-a237-bc15656f5969 - hackernews - Retrieved 749 items in this window.
2026-10-05 11:01:46 +0000 - dagster - INFO - __ASSET_JOB - aa1a15c4-82a7-4549-a237-bc15656f5969 - hackernews - Querying time window: 2026-10-02 16:49:01 to 2026-10-02 17:49:01 (1790959741 to 1790963341)...
2026-10-05 11:01:46 +0000 - dagster - INFO - __ASSET_JOB - aa1a15c4-82a7-4549-a237-bc15656f5969 - hackernews - Making GET request to https://hn.algolia.com/api/v1/search_by_date?numericFilters=created_at_i%3E%3D1790959741%2Ccreated_at_i%3C1790963341&hitsPerPage=1000
2026-10-05 11:01:49 +0000 - dagster - INFO - __ASSET_JOB - aa1a15c4-82a7-4549-a237-bc15656f5969 - hackernews - Retrieved 617 items in this window.
2026-10-05 11:01:49 +0000 - dagster - INFO - __ASSET_JOB - aa1a15c4-82a7-4549-a237-bc15656f5969 - hackernews - Querying time window: 2026-10-02 17:49:01 to 2026-10-02 18:49:01 (1790963341 to 1790966941)...
2026-10-05 11:01:49 +0000 - dagster - INFO - __ASSET_JOB - aa1a15c4-82a7-4549-a237-bc15656f5969 - hackernews - Making GET request to https://hn.algolia.com/api/v1/search_by_date?numericFilters=created_at_i%3E%3D1790963341%2Ccreated_at_i%3C1790966941&hitsPerPage=1000
2026-10-05 11:01:50 +0000 - dagster - INFO - __ASSET_JOB - aa1a15c4-82a7-4549-a237-bc15656f5969 - hackernews - Retrieved 618 items in this window.
2026-10-05 11:01:50 +0000 - dagster - INFO - __ASSET_JOB - aa1a15c4-82a7-4549-a237-bc15656f5969 - hackernews - Querying time window: 2026-10-02 18:49:01 to 2026-10-02 19:49:01 (1790966941 to 1790970541)...
2026-10-05 11:01:50 +0000 - dagster - INFO - __ASSET_JOB - aa1a15c4-82a7-4549-a237-bc15656f5969 - hackernews - Making GET request to https://hn.algolia.com/api/v1/search_by_date?numericFilters=created_at_i%3E%3D1790966941%2Ccreated_at_i%3C1790970541&hitsPerPage=1000
2026-10-05 11:01:53 +0000 - dagster - INFO - __ASSET_JOB - aa1a15c4-82a7-4549-a237-bc15656f5969 - hackernews - Retrieved 605 items in this window.
2026-10-05 11:01:53 +0000 - dagster - INFO - __ASSET_JOB - aa1a15c4-82a7-4549-a237-bc15656f5969 - hackernews - Querying time window: 2026-10-02 19:49:01 to 2026-10-02 20:49:01 (1790970541 to 1790974141)...
2026-10-05 11:01:53 +0000 - dagster - INFO - __ASSET_JOB - aa1a15c4-82a7-4549-a237-bc15656f5969 - hackernews - Making GET request to https://hn.algolia.com/api/v1/search_by_date?numericFilters=created_at_i%3E%3D1790970541%2Ccreated_at_i%3C1790974141&hitsPerPage=1000
2026-10-05 11:01:54 +0000 - dagster - INFO - __ASSET_JOB - aa1a15c4-82a7-4549-a237-bc15656f5969 - hackernews - Retrieved 619 items in this window.
2026-10-05 11:01:54 +0000 - dagster - INFO - __ASSET_JOB - aa1a15c4-82a7-4549-a237-bc15656f5969 - hackernews - Querying time window: 2026-10-02 20:49:01 to 2026-10-02 21:49:01 (1790974141 to 1790977741)...
2026-10-05 11:01:54 +0000 - dagster - INFO - __ASSET_JOB - aa1a15c4-82a7-4549-a237-bc15656f5969 - hackernews - Making GET request to https://hn.algolia.com/api/v1/search_by_date?numericFilters=created_at_i%3E%3D1790974141%2Ccreated_at_i%3C1790977741&hitsPerPage=1000
2026-10-05 11:01:55 +0000 - dagster - INFO - __ASSET_JOB - aa1a15c4-82a7-4549-a237-bc15656f5969 - hackernews - Retrieved 535 items in this window.
2026-10-05 11:01:56 +0000 - dagster - INFO - __ASSET_JOB - aa1a15c4-82a7-4549-a237-bc15656f5969 - hackernews - Querying time window: 2026-10-02 21:49:01 to 2026-10-02 22:49:01 (1790977741 to 1790981341)...
2026-10-05 11:01:56 +0000 - dagster - INFO - __ASSET_JOB - aa1a15c4-82a7-4549-a237-bc15656f5969 - hackernews - Making GET request to https://hn.algolia.com/api/v1/search_by_date?numericFilters=created_at_i%3E%3D1790977741%2Ccreated_at_i%3C1790981341&hitsPerPage=1000
2026-10-05 11:01:56 +0000 - dagster - INFO - __ASSET_JOB - aa1a15c4-82a7-4549-a237-bc15656f5969 - hackernews - Retrieved 459 items in this window.
2026-10-05 11:01:56 +0000 - dagster - INFO - __ASSET_JOB - aa1a15c4-82a7-4549-a237-bc15656f5969 - hackernews - Querying time window: 2026-10-02 22:49:01 to 2026-10-02 23:49:01 (1790981341 to 1790984941)...
2026-10-05 11:01:56 +0000 - dagster - INFO - __ASSET_JOB - aa1a15c4-82a7-4549-a237-bc15656f5969 - hackernews - Making GET request to https://hn.algolia.com/api/v1/search_by_date?numericFilters=created_at_i%3E%3D1790981341%2Ccreated_at_i%3C1790984941&hitsPerPage=1000
2026-10-05 11:01:56 +0000 - dagster - INFO - __ASSET_JOB - aa1a15c4-82a7-4549-a237-bc15656f5969 - hackernews - Retrieved 404 items in this window.
2026-10-05 11:01:56 +0000 - dagster - INFO - __ASSET_JOB - aa1a15c4-82a7-4549-a237-bc15656f5969 - hackernews - Querying time window: 2026-10-02 23:49:01 to 2026-10-03 00:49:01 (1790984941 to 1790988541)...
2026-10-05 11:01:56 +0000 - dagster - INFO - __ASSET_JOB - aa1a15c4-82a7-4549-a237-bc15656f5969 - hackernews - Making GET request to https://hn.algolia.com/api/v1/search_by_date?numericFilters=created_at_i%3E%3D1790984941%2Ccreated_at_i%3C1790988541&hitsPerPage=1000
2026-10-05 11:01:57 +0000 - dagster - INFO - __ASSET_JOB - aa1a15c4-82a7-4549-a237-bc15656f5969 - hackernews - Retrieved 311 items in this window.
2026-10-05 11:01:57 +0000 - dagster - INFO - __ASSET_JOB - aa1a15c4-82a7-4549-a237-bc15656f5969 - hackernews - Querying time window: 2026-10-03 00:49:01 to 2026-10-03 01:49:01 (1790988541 to 1790992141)...
2026-10-05 11:01:57 +0000 - dagster - INFO - __ASSET_JOB - aa1a15c4-82a7-4549-a237-bc15656f5969 - hackernews - Making GET request to https://hn.algolia.com/api/v1/search_by_date?numericFilters=created_at_i%3E%3D1790988541%2Ccreated_at_i%3C1790992141&hitsPerPage=1000
2026-10-05 11:01:57 +0000 - dagster - INFO - __ASSET_JOB - aa1a15c4-82a7-4549-a237-bc15656f5969 - hackernews - Retrieved 261 items in this window.
2026-10-05 11:01:57 +0000 - dagster - INFO - __ASSET_JOB - aa1a15c4-82a7-4549-a237-bc15656f5969 - hackernews - Querying time window: 2026-10-03 01:49:01 to 2026-10-03 02:49:01 (1790992141 to 1790995741)...
2026-10-05 11:01:57 +0000 - dagster - INFO - __ASSET_JOB - aa1a15c4-82a7-4549-a237-bc15656f5969 - hackernews - Making GET request to https://hn.algolia.com/api/v1/search_by_date?numericFilters=created_at_i%3E%3D1790992141%2Ccreated_at_i%3C1790995741&hitsPerPage=1000
2026-10-05 11:01:58 +0000 - dagster - INFO - __ASSET_JOB - aa1a15c4-82a7-4549-a237-bc15656f5969 - hackernews - Retrieved 292 items in this window.
2026-10-05 11:01:58 +0000 - dagster - INFO - __ASSET_JOB - aa1a15c4-82a7-4549-a237-bc15656f5969 - hackernews - Querying time window: 2026-10-03 02:49:01 to 2026-10-03 03:49:01 (1790995741 to 1790999341)...
2026-10-05 11:01:58 +0000 - dagster - INFO - __ASSET_JOB - aa1a15c4-82a7-4549-a237-bc15656f5969 - hackernews - Making GET request to https://hn.algolia.com/api/v1/search_by_date?numericFilters=created_at_i%3E%3D1790995741%2Ccreated_at_i%3C1790999341&hitsPerPage=1000
2026-10-05 11:01:58 +0000 - dagster - INFO - __ASSET_JOB - aa1a15c4-82a7-4549-a237-bc15656f5969 - hackernews - Retrieved 217 items in this window.
2026-10-05 11:01:58 +0000 - dagster - INFO - __ASSET_JOB - aa1a15c4-82a7-4549-a237-bc15656f5969 - hackernews - Querying time window: 2026-10-03 03:49:01 to 2026-10-03 04:49:01 (1790999341 to 1791002941)...
2026-10-05 11:01:58 +0000 - dagster - INFO - __ASSET_JOB - aa1a15c4-82a7-4549-a237-bc15656f5969 - hackernews - Making GET request to https://hn.algolia.com/api/v1/search_by_date?numericFilters=created_at_i%3E%3D1790999341%2Ccreated_at_i%3C1791002941&hitsPerPage=1000
2026-10-05 11:01:59 +0000 - dagster - INFO - __ASSET_JOB - aa1a15c4-82a7-4549-a237-bc15656f5969 - hackernews - Retrieved 183 items in this window.
2026-10-05 11:01:59 +0000 - dagster - INFO - __ASSET_JOB - aa1a15c4-82a7-4549-a237-bc15656f5969 - hackernews - Querying time window: 2026-10-03 04:49:01 to 2026-10-03 05:49:01 (1791002941 to 1791006541)...
2026-10-05 11:01:59 +0000 - dagster - INFO - __ASSET_JOB - aa1a15c4-82a7-4549-a237-bc15656f5969 - hackernews - Making GET request to https://hn.algolia.com/api/v1/search_by_date?numericFilters=created_at_i%3E%3D1791002941%2Ccreated_at_i%3C1791006541&hitsPerPage=1000
2026-10-05 11:02:00 +0000 - dagster - INFO - __ASSET_JOB - aa1a15c4-82a7-4549-a237-bc15656f5969 - hackernews - Retrieved 197 items in this window.
2026-10-05 11:02:00 +0000 - dagster - INFO - __ASSET_JOB - aa1a15c4-82a7-4549-a237-bc15656f5969 - hackernews - Querying time window: 2026-10-03 05:49:01 to 2026-10-03 06:49:01 (1791006541 to 1791010141)...
2026-10-05 11:02:00 +0000 - dagster - INFO - __ASSET_JOB - aa1a15c4-82a7-4549-a237-bc15656f5969 - hackernews - Making GET request to https://hn.algolia.com/api/v1/search_by_date?numericFilters=created_at_i%3E%3D1791006541%2Ccreated_at_i%3C1791010141&hitsPerPage=1000
2026-10-05 11:02:03 +0000 - dagster - INFO - __ASSET_JOB - aa1a15c4-82a7-4549-a237-bc15656f5969 - hackernews - Retrieved 223 items in this window.
2026-10-05 11:02:03 +0000 - dagster - INFO - __ASSET_JOB - aa1a15c4-82a7-4549-a237-bc15656f5969 - hackernews - Querying time window: 2026-10-03 06:49:01 to 2026-10-03 07:49:01 (1791010141 to 1791013741)...
2026-10-05 11:02:03 +0000 - dagster - INFO - __ASSET_JOB - aa1a15c4-82a7-4549-a237-bc15656f5969 - hackernews - Making GET request to https://hn.algolia.com/api/v1/search_by_date?numericFilters=created_at_i%3E%3D1791010141%2Ccreated_at_i%3C1791013741&hitsPerPage=1000
2026-10-05 11:02:05 +0000 - dagster - INFO - __ASSET_JOB - aa1a15c4-82a7-4549-a237-bc15656f5969 - hackernews - Retrieved 266 items in this window.
2026-10-05 11:02:05 +0000 - dagster - INFO - __ASSET_JOB - aa1a15c4-82a7-4549-a237-bc15656f5969 - hackernews - Querying time window: 2026-10-03 07:49:01 to 2026-10-03 08:49:01 (1791013741 to 1791017341)...
2026-10-05 11:02:05 +0000 - dagster - INFO - __ASSET_JOB - aa1a15c4-82a7-4549-a237-bc15656f5969 - hackernews - Making GET request to https://hn.algolia.com/api/v1/search_by_date?numericFilters=created_at_i%3E%3D1791013741%2Ccreated_at_i%3C1791017341&hitsPerPage=1000
2026-10-05 11:02:06 +0000 - dagster - INFO - __ASSET_JOB - aa1a15c4-82a7-4549-a237-bc15656f5969 - hackernews - Retrieved 222 items in this window.
2026-10-05 11:02:06 +0000 - dagster - INFO - __ASSET_JOB - aa1a15c4-82a7-4549-a237-bc15656f5969 - hackernews - Querying time window: 2026-10-03 08:49:01 to 2026-10-03 09:49:01 (1791017341 to 1791020941)...
2026-10-05 11:02:06 +0000 - dagster - INFO - __ASSET_JOB - aa1a15c4-82a7-4549-a237-bc15656f5969 - hackernews - Making GET request to https://hn.algolia.com/api/v1/search_by_date?numericFilters=created_at_i%3E%3D1791017341%2Ccreated_at_i%3C1791020941&hitsPerPage=1000
2026-10-05 11:02:08 +0000 - dagster - INFO - __ASSET_JOB - aa1a15c4-82a7-4549-a237-bc15656f5969 - hackernews - Retrieved 249 items in this window.
2026-10-05 11:02:08 +0000 - dagster - INFO - __ASSET_JOB - aa1a15c4-82a7-4549-a237-bc15656f5969 - hackernews - Querying time window: 2026-10-03 09:49:01 to 2026-10-03 10:49:01 (1791020941 to 1791024541)...
2026-10-05 11:02:08 +0000 - dagster - INFO - __ASSET_JOB - aa1a15c4-82a7-4549-a237-bc15656f5969 - hackernews - Making GET request to https://hn.algolia.com/api/v1/search_by_date?numericFilters=created_at_i%3E%3D1791020941%2Ccreated_at_i%3C1791024541&hitsPerPage=1000
2026-10-05 11:02:09 +0000 - dagster - INFO - __ASSET_JOB - aa1a15c4-82a7-4549-a237-bc15656f5969 - hackernews - Retrieved 263 items in this window.
2026-10-05 11:02:09 +0000 - dagster - INFO - __ASSET_JOB - aa1a15c4-82a7-4549-a237-bc15656f5969 - hackernews - Querying time window: 2026-10-03 10:49:01 to 2026-10-03 11:49:01 (1791024541 to 1791028141)...
2026-10-05 11:02:09 +0000 - dagster - INFO - __ASSET_JOB - aa1a15c4-82a7-4549-a237-bc15656f5969 - hackernews - Making GET request to https://hn.algolia.com/api/v1/search_by_date?numericFilters=created_at_i%3E%3D1791024541%2Ccreated_at_i%3C1791028141&hitsPerPage=1000
2026-10-05 11:02:10 +0000 - dagster - INFO - __ASSET_JOB - aa1a15c4-82a7-4549-a237-bc15656f5969 - hackernews - Retrieved 294 items in this window.
2026-10-05 11:02:10 +0000 - dagster - INFO - __ASSET_JOB - aa1a15c4-82a7-4549-a237-bc15656f5969 - hackernews - Querying time window: 2026-10-03 11:49:01 to 2026-10-03 12:49:01 (1791028141 to 1791031741)...
2026-10-05 11:02:10 +0000 - dagster - INFO - __ASSET_JOB - aa1a15c4-82a7-4549-a237-bc15656f5969 - hackernews - Making GET request to https://hn.algolia.com/api/v1/search_by_date?numericFilters=created_at_i%3E%3D1791028141%2Ccreated_at_i%3C1791031741&hitsPerPage=1000
2026-10-05 11:02:11 +0000 - dagster - INFO - __ASSET_JOB - aa1a15c4-82a7-4549-a237-bc15656f5969 - hackernews - Retrieved 351 items in this window.
2026-10-05 11:02:11 +0000 - dagster - INFO - __ASSET_JOB - aa1a15c4-82a7-4549-a237-bc15656f5969 - hackernews - Querying time window: 2026-10-03 12:49:01 to 2026-10-03 13:49:01 (1791031741 to 1791035341)...
2026-10-05 11:02:11 +0000 - dagster - INFO - __ASSET_JOB - aa1a15c4-82a7-4549-a237-bc15656f5969 - hackernews - Making GET request to https://hn.algolia.com/api/v1/search_by_date?numericFilters=created_at_i%3E%3D1791031741%2Ccreated_at_i%3C1791035341&hitsPerPage=1000
2026-10-05 11:02:12 +0000 - dagster - INFO - __ASSET_JOB - aa1a15c4-82a7-4549-a237-bc15656f5969 - hackernews - Retrieved 374 items in this window.
2026-10-05 11:02:12 +0000 - dagster - INFO - __ASSET_JOB - aa1a15c4-82a7-4549-a237-bc15656f5969 - hackernews - Querying time window: 2026-10-03 13:49:01 to 2026-10-03 14:49:01 (1791035341 to 1791038941)...
2026-10-05 11:02:12 +0000 - dagster - INFO - __ASSET_JOB - aa1a15c4-82a7-4549-a237-bc15656f5969 - hackernews - Making GET request to https://hn.algolia.com/api/v1/search_by_date?numericFilters=created_at_i%3E%3D1791035341%2Ccreated_at_i%3C1791038941&hitsPerPage=1000
2026-10-05 11:02:13 +0000 - dagster - INFO - __ASSET_JOB - aa1a15c4-82a7-4549-a237-bc15656f5969 - hackernews - Retrieved 455 items in this window.
2026-10-05 11:02:13 +0000 - dagster - INFO - __ASSET_JOB - aa1a15c4-82a7-4549-a237-bc15656f5969 - hackernews - Querying time window: 2026-10-03 14:49:01 to 2026-10-03 15:49:01 (1791038941 to 1791042541)...
2026-10-05 11:02:13 +0000 - dagster - INFO - __ASSET_JOB - aa1a15c4-82a7-4549-a237-bc15656f5969 - hackernews - Making GET request to https://hn.algolia.com/api/v1/search_by_date?numericFilters=created_at_i%3E%3D1791038941%2Ccreated_at_i%3C1791042541&hitsPerPage=1000
2026-10-05 11:02:14 +0000 - dagster - INFO - __ASSET_JOB - aa1a15c4-82a7-4549-a237-bc15656f5969 - hackernews - Retrieved 456 items in this window.
2026-10-05 11:02:14 +0000 - dagster - INFO - __ASSET_JOB - aa1a15c4-82a7-4549-a237-bc15656f5969 - hackernews - Querying time window: 2026-10-03 15:49:01 to 2026-10-03 16:49:01 (1791042541 to 1791046141)...
2026-10-05 11:02:14 +0000 - dagster - INFO - __ASSET_JOB - aa1a15c4-82a7-4549-a237-bc15656f5969 - hackernews - Making GET request to https://hn.algolia.com/api/v1/search_by_date?numericFilters=created_at_i%3E%3D1791042541%2Ccreated_at_i%3C1791046141&hitsPerPage=1000
2026-10-05 11:02:15 +0000 - dagster - INFO - __ASSET_JOB - aa1a15c4-82a7-4549-a237-bc15656f5969 - hackernews - Retrieved 464 items in this window.
2026-10-05 11:02:15 +0000 - dagster - INFO - __ASSET_JOB - aa1a15c4-82a7-4549-a237-bc15656f5969 - hackernews - Querying time window: 2026-10-03 16:49:01 to 2026-10-03 17:49:01 (1791046141 to 1791049741)...
2026-10-05 11:02:15 +0000 - dagster - INFO - __ASSET_JOB - aa1a15c4-82a7-4549-a237-bc15656f5969 - hackernews - Making GET request to https://hn.algolia.com/api/v1/search_by_date?numericFilters=created_at_i%3E%3D1791046141%2Ccreated_at_i%3C1791049741&hitsPerPage=1000
2026-10-05 11:02:16 +0000 - dagster - INFO - __ASSET_JOB - aa1a15c4-82a7-4549-a237-bc15656f5969 - hackernews - Retrieved 403 items in this window.
2026-10-05 11:02:16 +0000 - dagster - INFO - __ASSET_JOB - aa1a15c4-82a7-4549-a237-bc15656f5969 - hackernews - Querying time window: 2026-10-03 17:49:01 to 2026-10-03 18:49:01 (1791049741 to 1791053341)...
2026-10-05 11:02:16 +0000 - dagster - INFO - __ASSET_JOB - aa1a15c4-82a7-4549-a237-bc15656f5969 - hackernews - Making GET request to https://hn.algolia.com/api/v1/search_by_date?numericFilters=created_at_i%3E%3D1791049741%2Ccreated_at_i%3C1791053341&hitsPerPage=1000
2026-10-05 11:02:18 +0000 - dagster - INFO - __ASSET_JOB - aa1a15c4-82a7-4549-a237-bc15656f5969 - hackernews - Retrieved 381 items in this window.
2026-10-05 11:02:18 +0000 - dagster - INFO - __ASSET_JOB - aa1a15c4-82a7-4549-a237-bc15656f5969 - hackernews - Querying time window: 2026-10-03 18:49:01 to 2026-10-03 19:49:01 (1791053341 to 1791056941)...
2026-10-05 11:02:18 +0000 - dagster - INFO - __ASSET_JOB - aa1a15c4-82a7-4549-a237-bc15656f5969 - hackernews - Making GET request to https://hn.algolia.com/api/v1/search_by_date?numericFilters=created_at_i%3E%3D1791053341%2Ccreated_at_i%3C1791056941&hitsPerPage=1000
2026-10-05 11:02:19 +0000 - dagster - INFO - __ASSET_JOB - aa1a15c4-82a7-4549-a237-bc15656f5969 - hackernews - Retrieved 435 items in this window.
2026-10-05 11:02:19 +0000 - dagster - INFO - __ASSET_JOB - aa1a15c4-82a7-4549-a237-bc15656f5969 - hackernews - Querying time window: 2026-10-03 19:49:01 to 2026-10-03 20:49:01 (1791056941 to 1791060541)...
2026-10-05 11:02:19 +0000 - dagster - INFO - __ASSET_JOB - aa1a15c4-82a7-4549-a237-bc15656f5969 - hackernews - Making GET request to https://hn.algolia.com/api/v1/search_by_date?numericFilters=created_at_i%3E%3D1791056941%2Ccreated_at_i%3C1791060541&hitsPerPage=1000
2026-10-05 11:02:20 +0000 - dagster - INFO - __ASSET_JOB - aa1a15c4-82a7-4549-a237-bc15656f5969 - hackernews - Retrieved 398 items in this window.
2026-10-05 11:02:20 +0000 - dagster - INFO - __ASSET_JOB - aa1a15c4-82a7-4549-a237-bc15656f5969 - hackernews - Querying time window: 2026-10-03 20:49:01 to 2026-10-03 21:49:01 (1791060541 to 1791064141)...
2026-10-05 11:02:20 +0000 - dagster - INFO - __ASSET_JOB - aa1a15c4-82a7-4549-a237-bc15656f5969 - hackernews - Making GET request to https://hn.algolia.com/api/v1/search_by_date?numericFilters=created_at_i%3E%3D1791060541%2Ccreated_at_i%3C1791064141&hitsPerPage=1000
2026-10-05 11:02:21 +0000 - dagster - INFO - __ASSET_JOB - aa1a15c4-82a7-4549-a237-bc15656f5969 - hackernews - Retrieved 451 items in this window.
2026-10-05 11:02:21 +0000 - dagster - INFO - __ASSET_JOB - aa1a15c4-82a7-4549-a237-bc15656f5969 - hackernews - Querying time window: 2026-10-03 21:49:01 to 2026-10-03 22:49:01 (1791064141 to 1791067741)...
2026-10-05 11:02:21 +0000 - dagster - INFO - __ASSET_JOB - aa1a15c4-82a7-4549-a237-bc15656f5969 - hackernews - Making GET request to https://hn.algolia.com/api/v1/search_by_date?numericFilters=created_at_i%3E%3D1791064141%2Ccreated_at_i%3C1791067741&hitsPerPage=1000
2026-10-05 11:02:23 +0000 - dagster - INFO - __ASSET_JOB - aa1a15c4-82a7-4549-a237-bc15656f5969 - hackernews - Retrieved 357 items in this window.
2026-10-05 11:02:23 +0000 - dagster - INFO - __ASSET_JOB - aa1a15c4-82a7-4549-a237-bc15656f5969 - hackernews - Querying time window: 2026-10-03 22:49:01 to 2026-10-03 23:49:01 (1791067741 to 1791071341)...
2026-10-05 11:02:23 +0000 - dagster - INFO - __ASSET_JOB - aa1a15c4-82a7-4549-a237-bc15656f5969 - hackernews - Making GET request to https://hn.algolia.com/api/v1/search_by_date?numericFilters=created_at_i%3E%3D1791067741%2Ccreated_at_i%3C1791071341&hitsPerPage=1000
2026-10-05 11:02:24 +0000 - dagster - INFO - __ASSET_JOB - aa1a15c4-82a7-4549-a237-bc15656f5969 - hackernews - Retrieved 416 items in this window.
2026-10-05 11:02:24 +0000 - dagster - INFO - __ASSET_JOB - aa1a15c4-82a7-4549-a237-bc15656f5969 - hackernews - Querying time window: 2026-10-03 23:49:01 to 2026-10-04 00:49:01 (1791071341 to 1791074941)...
2026-10-05 11:02:24 +0000 - dagster - INFO - __ASSET_JOB - aa1a15c4-82a7-4549-a237-bc15656f5969 - hackernews - Making GET request to https://hn.algolia.com/api/v1/search_by_date?numericFilters=created_at_i%3E%3D1791071341%2Ccreated_at_i%3C1791074941&hitsPerPage=1000
2026-10-05 11:02:25 +0000 - dagster - INFO - __ASSET_JOB - aa1a15c4-82a7-4549-a237-bc15656f5969 - hackernews - Retrieved 395 items in this window.
2026-10-05 11:02:25 +0000 - dagster - INFO - __ASSET_JOB - aa1a15c4-82a7-4549-a237-bc15656f5969 - hackernews - Querying time window: 2026-10-04 00:49:01 to 2026-10-04 01:49:01 (1791074941 to 1791078541)...
2026-10-05 11:02:25 +0000 - dagster - INFO - __ASSET_JOB - aa1a15c4-82a7-4549-a237-bc15656f5969 - hackernews - Making GET request to https://hn.algolia.com/api/v1/search_by_date?numericFilters=created_at_i%3E%3D1791074941%2Ccreated_at_i%3C1791078541&hitsPerPage=1000
2026-10-05 11:02:26 +0000 - dagster - INFO - __ASSET_JOB - aa1a15c4-82a7-4549-a237-bc15656f5969 - hackernews - Retrieved 330 items in this window.
2026-10-05 11:02:26 +0000 - dagster - INFO - __ASSET_JOB - aa1a15c4-82a7-4549-a237-bc15656f5969 - hackernews - Querying time window: 2026-10-04 01:49:01 to 2026-10-04 02:49:01 (1791078541 to 1791082141)...
2026-10-05 11:02:26 +0000 - dagster - INFO - __ASSET_JOB - aa1a15c4-82a7-4549-a237-bc15656f5969 - hackernews - Making GET request to https://hn.algolia.com/api/v1/search_by_date?numericFilters=created_at_i%3E%3D1791078541%2Ccreated_at_i%3C1791082141&hitsPerPage=1000
2026-10-05 11:02:27 +0000 - dagster - INFO - __ASSET_JOB - aa1a15c4-82a7-4549-a237-bc15656f5969 - hackernews - Retrieved 310 items in this window.
2026-10-05 11:02:27 +0000 - dagster - INFO - __ASSET_JOB - aa1a15c4-82a7-4549-a237-bc15656f5969 - hackernews - Querying time window: 2026-10-04 02:49:01 to 2026-10-04 03:49:01 (1791082141 to 1791085741)...
2026-10-05 11:02:27 +0000 - dagster - INFO - __ASSET_JOB - aa1a15c4-82a7-4549-a237-bc15656f5969 - hackernews - Making GET request to https://hn.algolia.com/api/v1/search_by_date?numericFilters=created_at_i%3E%3D1791082141%2Ccreated_at_i%3C1791085741&hitsPerPage=1000
2026-10-05 11:02:28 +0000 - dagster - INFO - __ASSET_JOB - aa1a15c4-82a7-4549-a237-bc15656f5969 - hackernews - Retrieved 260 items in this window.
2026-10-05 11:02:28 +0000 - dagster - INFO - __ASSET_JOB - aa1a15c4-82a7-4549-a237-bc15656f5969 - hackernews - Querying time window: 2026-10-04 03:49:01 to 2026-10-04 04:49:01 (1791085741 to 1791089341)...
2026-10-05 11:02:28 +0000 - dagster - INFO - __ASSET_JOB - aa1a15c4-82a7-4549-a237-bc15656f5969 - hackernews - Making GET request to https://hn.algolia.com/api/v1/search_by_date?numericFilters=created_at_i%3E%3D1791085741%2Ccreated_at_i%3C1791089341&hitsPerPage=1000
2026-10-05 11:02:29 +0000 - dagster - INFO - __ASSET_JOB - aa1a15c4-82a7-4549-a237-bc15656f5969 - hackernews - Retrieved 267 items in this window.
2026-10-05 11:02:29 +0000 - dagster - INFO - __ASSET_JOB - aa1a15c4-82a7-4549-a237-bc15656f5969 - hackernews - Querying time window: 2026-10-04 04:49:01 to 2026-10-04 05:49:01 (1791089341 to 1791092941)...
2026-10-05 11:02:29 +0000 - dagster - INFO - __ASSET_JOB - aa1a15c4-82a7-4549-a237-bc15656f5969 - hackernews - Making GET request to https://hn.algolia.com/api/v1/search_by_date?numericFilters=created_at_i%3E%3D1791089341%2Ccreated_at_i%3C1791092941&hitsPerPage=1000
2026-10-05 11:02:29 +0000 - dagster - INFO - __ASSET_JOB - aa1a15c4-82a7-4549-a237-bc15656f5969 - hackernews - Retrieved 277 items in this window.
2026-10-05 11:02:29 +0000 - dagster - INFO - __ASSET_JOB - aa1a15c4-82a7-4549-a237-bc15656f5969 - hackernews - Querying time window: 2026-10-04 05:49:01 to 2026-10-04 06:49:01 (1791092941 to 1791096541)...
2026-10-05 11:02:29 +0000 - dagster - INFO - __ASSET_JOB - aa1a15c4-82a7-4549-a237-bc15656f5969 - hackernews - Making GET request to https://hn.algolia.com/api/v1/search_by_date?numericFilters=created_at_i%3E%3D1791092941%2Ccreated_at_i%3C1791096541&hitsPerPage=1000
2026-10-05 11:02:30 +0000 - dagster - INFO - __ASSET_JOB - aa1a15c4-82a7-4549-a237-bc15656f5969 - hackernews - Retrieved 249 items in this window.
2026-10-05 11:02:30 +0000 - dagster - INFO - __ASSET_JOB - aa1a15c4-82a7-4549-a237-bc15656f5969 - hackernews - Querying time window: 2026-10-04 06:49:01 to 2026-10-04 07:49:01 (1791096541 to 1791100141)...
2026-10-05 11:02:30 +0000 - dagster - INFO - __ASSET_JOB - aa1a15c4-82a7-4549-a237-bc15656f5969 - hackernews - Making GET request to https://hn.algolia.com/api/v1/search_by_date?numericFilters=created_at_i%3E%3D1791096541%2Ccreated_at_i%3C1791100141&hitsPerPage=1000
2026-10-05 11:02:30 +0000 - dagster - INFO - __ASSET_JOB - aa1a15c4-82a7-4549-a237-bc15656f5969 - hackernews - Retrieved 261 items in this window.
2026-10-05 11:02:30 +0000 - dagster - INFO - __ASSET_JOB - aa1a15c4-82a7-4549-a237-bc15656f5969 - hackernews - Querying time window: 2026-10-04 07:49:01 to 2026-10-04 08:49:01 (1791100141 to 1791103741)...
2026-10-05 11:02:30 +0000 - dagster - INFO - __ASSET_JOB - aa1a15c4-82a7-4549-a237-bc15656f5969 - hackernews - Making GET request to https://hn.algolia.com/api/v1/search_by_date?numericFilters=created_at_i%3E%3D1791100141%2Ccreated_at_i%3C1791103741&hitsPerPage=1000
2026-10-05 11:02:30 +0000 - dagster - INFO - __ASSET_JOB - aa1a15c4-82a7-4549-a237-bc15656f5969 - hackernews - Retrieved 281 items in this window.
2026-10-05 11:02:30 +0000 - dagster - INFO - __ASSET_JOB - aa1a15c4-82a7-4549-a237-bc15656f5969 - hackernews - Querying time window: 2026-10-04 08:49:01 to 2026-10-04 09:49:01 (1791103741 to 1791107341)...
2026-10-05 11:02:30 +0000 - dagster - INFO - __ASSET_JOB - aa1a15c4-82a7-4549-a237-bc15656f5969 - hackernews - Making GET request to https://hn.algolia.com/api/v1/search_by_date?numericFilters=created_at_i%3E%3D1791103741%2Ccreated_at_i%3C1791107341&hitsPerPage=1000
2026-10-05 11:02:31 +0000 - dagster - INFO - __ASSET_JOB - aa1a15c4-82a7-4549-a237-bc15656f5969 - hackernews - Retrieved 292 items in this window.
2026-10-05 11:02:31 +0000 - dagster - INFO - __ASSET_JOB - aa1a15c4-82a7-4549-a237-bc15656f5969 - hackernews - Querying time window: 2026-10-04 09:49:01 to 2026-10-04 10:49:01 (1791107341 to 1791110941)...
2026-10-05 11:02:31 +0000 - dagster - INFO - __ASSET_JOB - aa1a15c4-82a7-4549-a237-bc15656f5969 - hackernews - Making GET request to https://hn.algolia.com/api/v1/search_by_date?numericFilters=created_at_i%3E%3D1791107341%2Ccreated_at_i%3C1791110941&hitsPerPage=1000
2026-10-05 11:02:32 +0000 - dagster - INFO - __ASSET_JOB - aa1a15c4-82a7-4549-a237-bc15656f5969 - hackernews - Retrieved 364 items in this window.
2026-10-05 11:02:32 +0000 - dagster - INFO - __ASSET_JOB - aa1a15c4-82a7-4549-a237-bc15656f5969 - hackernews - Querying time window: 2026-10-04 10:49:01 to 2026-10-04 11:49:01 (1791110941 to 1791114541)...
2026-10-05 11:02:32 +0000 - dagster - INFO - __ASSET_JOB - aa1a15c4-82a7-4549-a237-bc15656f5969 - hackernews - Making GET request to https://hn.algolia.com/api/v1/search_by_date?numericFilters=created_at_i%3E%3D1791110941%2Ccreated_at_i%3C1791114541&hitsPerPage=1000
2026-10-05 11:02:32 +0000 - dagster - INFO - __ASSET_JOB - aa1a15c4-82a7-4549-a237-bc15656f5969 - hackernews - Retrieved 307 items in this window.
2026-10-05 11:02:32 +0000 - dagster - INFO - __ASSET_JOB - aa1a15c4-82a7-4549-a237-bc15656f5969 - hackernews - Querying time window: 2026-10-04 11:49:01 to 2026-10-04 12:49:01 (1791114541 to 1791118141)...
2026-10-05 11:02:32 +0000 - dagster - INFO - __ASSET_JOB - aa1a15c4-82a7-4549-a237-bc15656f5969 - hackernews - Making GET request to https://hn.algolia.com/api/v1/search_by_date?numericFilters=created_at_i%3E%3D1791114541%2Ccreated_at_i%3C1791118141&hitsPerPage=1000
2026-10-05 11:02:34 +0000 - dagster - INFO - __ASSET_JOB - aa1a15c4-82a7-4549-a237-bc15656f5969 - hackernews - Retrieved 375 items in this window.
2026-10-05 11:02:34 +0000 - dagster - INFO - __ASSET_JOB - aa1a15c4-82a7-4549-a237-bc15656f5969 - hackernews - Querying time window: 2026-10-04 12:49:01 to 2026-10-04 13:49:01 (1791118141 to 1791121741)...
2026-10-05 11:02:34 +0000 - dagster - INFO - __ASSET_JOB - aa1a15c4-82a7-4549-a237-bc15656f5969 - hackernews - Making GET request to https://hn.algolia.com/api/v1/search_by_date?numericFilters=created_at_i%3E%3D1791118141%2Ccreated_at_i%3C1791121741&hitsPerPage=1000
2026-10-05 11:02:34 +0000 - dagster - INFO - __ASSET_JOB - aa1a15c4-82a7-4549-a237-bc15656f5969 - hackernews - Retrieved 407 items in this window.
2026-10-05 11:02:34 +0000 - dagster - INFO - __ASSET_JOB - aa1a15c4-82a7-4549-a237-bc15656f5969 - hackernews - Querying time window: 2026-10-04 13:49:01 to 2026-10-04 14:49:01 (1791121741 to 1791125341)...
2026-10-05 11:02:34 +0000 - dagster - INFO - __ASSET_JOB - aa1a15c4-82a7-4549-a237-bc15656f5969 - hackernews - Making GET request to https://hn.algolia.com/api/v1/search_by_date?numericFilters=created_at_i%3E%3D1791121741%2Ccreated_at_i%3C1791125341&hitsPerPage=1000
2026-10-05 11:02:35 +0000 - dagster - INFO - __ASSET_JOB - aa1a15c4-82a7-4549-a237-bc15656f5969 - hackernews - Retrieved 393 items in this window.
2026-10-05 11:02:35 +0000 - dagster - INFO - __ASSET_JOB - aa1a15c4-82a7-4549-a237-bc15656f5969 - hackernews - Querying time window: 2026-10-04 14:49:01 to 2026-10-04 15:49:01 (1791125341 to 1791128941)...
2026-10-05 11:02:35 +0000 - dagster - INFO - __ASSET_JOB - aa1a15c4-82a7-4549-a237-bc15656f5969 - hackernews - Making GET request to https://hn.algolia.com/api/v1/search_by_date?numericFilters=created_at_i%3E%3D1791125341%2Ccreated_at_i%3C1791128941&hitsPerPage=1000
2026-10-05 11:02:36 +0000 - dagster - INFO - __ASSET_JOB - aa1a15c4-82a7-4549-a237-bc15656f5969 - hackernews - Retrieved 476 items in this window.
2026-10-05 11:02:36 +0000 - dagster - INFO - __ASSET_JOB - aa1a15c4-82a7-4549-a237-bc15656f5969 - hackernews - Querying time window: 2026-10-04 15:49:01 to 2026-10-04 16:49:01 (1791128941 to 1791132541)...
2026-10-05 11:02:36 +0000 - dagster - INFO - __ASSET_JOB - aa1a15c4-82a7-4549-a237-bc15656f5969 - hackernews - Making GET request to https://hn.algolia.com/api/v1/search_by_date?numericFilters=created_at_i%3E%3D1791128941%2Ccreated_at_i%3C1791132541&hitsPerPage=1000
2026-10-05 11:02:36 +0000 - dagster - INFO - __ASSET_JOB - aa1a15c4-82a7-4549-a237-bc15656f5969 - hackernews - Retrieved 539 items in this window.
2026-10-05 11:02:37 +0000 - dagster - INFO - __ASSET_JOB - aa1a15c4-82a7-4549-a237-bc15656f5969 - hackernews - Querying time window: 2026-10-04 16:49:01 to 2026-10-04 17:49:01 (1791132541 to 1791136141)...
2026-10-05 11:02:37 +0000 - dagster - INFO - __ASSET_JOB - aa1a15c4-82a7-4549-a237-bc15656f5969 - hackernews - Making GET request to https://hn.algolia.com/api/v1/search_by_date?numericFilters=created_at_i%3E%3D1791132541%2Ccreated_at_i%3C1791136141&hitsPerPage=1000
2026-10-05 11:02:37 +0000 - dagster - INFO - __ASSET_JOB - aa1a15c4-82a7-4549-a237-bc15656f5969 - hackernews - Retrieved 511 items in this window.
2026-10-05 11:02:37 +0000 - dagster - INFO - __ASSET_JOB - aa1a15c4-82a7-4549-a237-bc15656f5969 - hackernews - Querying time window: 2026-10-04 17:49:01 to 2026-10-04 18:49:01 (1791136141 to 1791139741)...
2026-10-05 11:02:37 +0000 - dagster - INFO - __ASSET_JOB - aa1a15c4-82a7-4549-a237-bc15656f5969 - hackernews - Making GET request to https://hn.algolia.com/api/v1/search_by_date?numericFilters=created_at_i%3E%3D1791136141%2Ccreated_at_i%3C1791139741&hitsPerPage=1000
2026-10-05 11:02:37 +0000 - dagster - INFO - __ASSET_JOB - aa1a15c4-82a7-4549-a237-bc15656f5969 - hackernews - Retrieved 510 items in this window.
2026-10-05 11:02:37 +0000 - dagster - INFO - __ASSET_JOB - aa1a15c4-82a7-4549-a237-bc15656f5969 - hackernews - Querying time window: 2026-10-04 18:49:01 to 2026-10-04 19:49:01 (1791139741 to 1791143341)...
2026-10-05 11:02:37 +0000 - dagster - INFO - __ASSET_JOB - aa1a15c4-82a7-4549-a237-bc15656f5969 - hackernews - Making GET request to https://hn.algolia.com/api/v1/search_by_date?numericFilters=created_at_i%3E%3D1791139741%2Ccreated_at_i%3C1791143341&hitsPerPage=1000
2026-10-05 11:02:38 +0000 - dagster - INFO - __ASSET_JOB - aa1a15c4-82a7-4549-a237-bc15656f5969 - hackernews - Retrieved 455 items in this window.
2026-10-05 11:02:38 +0000 - dagster - INFO - __ASSET_JOB - aa1a15c4-82a7-4549-a237-bc15656f5969 - hackernews - Querying time window: 2026-10-04 19:49:01 to 2026-10-04 20:49:01 (1791143341 to 1791146941)...
2026-10-05 11:02:38 +0000 - dagster - INFO - __ASSET_JOB - aa1a15c4-82a7-4549-a237-bc15656f5969 - hackernews - Making GET request to https://hn.algolia.com/api/v1/search_by_date?numericFilters=created_at_i%3E%3D1791143341%2Ccreated_at_i%3C1791146941&hitsPerPage=1000
2026-10-05 11:02:38 +0000 - dagster - INFO - __ASSET_JOB - aa1a15c4-82a7-4549-a237-bc15656f5969 - hackernews - Retrieved 431 items in this window.
2026-10-05 11:02:38 +0000 - dagster - INFO - __ASSET_JOB - aa1a15c4-82a7-4549-a237-bc15656f5969 - hackernews - Querying time window: 2026-10-04 20:49:01 to 2026-10-04 21:49:01 (1791146941 to 1791150541)...
2026-10-05 11:02:38 +0000 - dagster - INFO - __ASSET_JOB - aa1a15c4-82a7-4549-a237-bc15656f5969 - hackernews - Making GET request to https://hn.algolia.com/api/v1/search_by_date?numericFilters=created_at_i%3E%3D1791146941%2Ccreated_at_i%3C1791150541&hitsPerPage=1000
2026-10-05 11:02:39 +0000 - dagster - INFO - __ASSET_JOB - aa1a15c4-82a7-4549-a237-bc15656f5969 - hackernews - Retrieved 512 items in this window.
2026-10-05 11:02:39 +0000 - dagster - INFO - __ASSET_JOB - aa1a15c4-82a7-4549-a237-bc15656f5969 - hackernews - Querying time window: 2026-10-04 21:49:01 to 2026-10-04 22:49:01 (1791150541 to 1791154141)...
2026-10-05 11:02:39 +0000 - dagster - INFO - __ASSET_JOB - aa1a15c4-82a7-4549-a237-bc15656f5969 - hackernews - Making GET request to https://hn.algolia.com/api/v1/search_by_date?numericFilters=created_at_i%3E%3D1791150541%2Ccreated_at_i%3C1791154141&hitsPerPage=1000
2026-10-05 11:02:39 +0000 - dagster - INFO - __ASSET_JOB - aa1a15c4-82a7-4549-a237-bc15656f5969 - hackernews - Retrieved 438 items in this window.
2026-10-05 11:02:39 +0000 - dagster - INFO - __ASSET_JOB - aa1a15c4-82a7-4549-a237-bc15656f5969 - hackernews - Querying time window: 2026-10-04 22:49:01 to 2026-10-04 23:49:01 (1791154141 to 1791157741)...
2026-10-05 11:02:39 +0000 - dagster - INFO - __ASSET_JOB - aa1a15c4-82a7-4549-a237-bc15656f5969 - hackernews - Making GET request to https://hn.algolia.com/api/v1/search_by_date?numericFilters=created_at_i%3E%3D1791154141%2Ccreated_at_i%3C1791157741&hitsPerPage=1000
2026-10-05 11:02:40 +0000 - dagster - INFO - __ASSET_JOB - aa1a15c4-82a7-4549-a237-bc15656f5969 - hackernews - Retrieved 385 items in this window.
2026-10-05 11:02:40 +0000 - dagster - INFO - __ASSET_JOB - aa1a15c4-82a7-4549-a237-bc15656f5969 - hackernews - Querying time window: 2026-10-04 23:49:01 to 2026-10-05 00:49:01 (1791157741 to 1791161341)...
2026-10-05 11:02:40 +0000 - dagster - INFO - __ASSET_JOB - aa1a15c4-82a7-4549-a237-bc15656f5969 - hackernews - Making GET request to https://hn.algolia.com/api/v1/search_by_date?numericFilters=created_at_i%3E%3D1791157741%2Ccreated_at_i%3C1791161341&hitsPerPage=1000
2026-10-05 11:02:40 +0000 - dagster - INFO - __ASSET_JOB - aa1a15c4-82a7-4549-a237-bc15656f5969 - hackernews - Retrieved 351 items in this window.
2026-10-05 11:02:40 +0000 - dagster - INFO - __ASSET_JOB - aa1a15c4-82a7-4549-a237-bc15656f5969 - hackernews - Querying time window: 2026-10-05 00:49:01 to 2026-10-05 01:49:01 (1791161341 to 1791164941)...
2026-10-05 11:02:40 +0000 - dagster - INFO - __ASSET_JOB - aa1a15c4-82a7-4549-a237-bc15656f5969 - hackernews - Making GET request to https://hn.algolia.com/api/v1/search_by_date?numericFilters=created_at_i%3E%3D1791161341%2Ccreated_at_i%3C1791164941&hitsPerPage=1000
2026-10-05 11:02:40 +0000 - dagster - INFO - __ASSET_JOB - aa1a15c4-82a7-4549-a237-bc15656f5969 - hackernews - Retrieved 254 items in this window.
2026-10-05 11:02:41 +0000 - dagster - INFO - __ASSET_JOB - aa1a15c4-82a7-4549-a237-bc15656f5969 - hackernews - Querying time window: 2026-10-05 01:49:01 to 2026-10-05 02:49:01 (1791164941 to 1791168541)...
2026-10-05 11:02:41 +0000 - dagster - INFO - __ASSET_JOB - aa1a15c4-82a7-4549-a237-bc15656f5969 - hackernews - Making GET request to https://hn.algolia.com/api/v1/search_by_date?numericFilters=created_at_i%3E%3D1791164941%2Ccreated_at_i%3C1791168541&hitsPerPage=1000
2026-10-05 11:02:41 +0000 - dagster - INFO - __ASSET_JOB - aa1a15c4-82a7-4549-a237-bc15656f5969 - hackernews - Retrieved 295 items in this window.
2026-10-05 11:02:41 +0000 - dagster - INFO - __ASSET_JOB - aa1a15c4-82a7-4549-a237-bc15656f5969 - hackernews - Querying time window: 2026-10-05 02:49:01 to 2026-10-05 03:49:01 (1791168541 to 1791172141)...
2026-10-05 11:02:41 +0000 - dagster - INFO - __ASSET_JOB - aa1a15c4-82a7-4549-a237-bc15656f5969 - hackernews - Making GET request to https://hn.algolia.com/api/v1/search_by_date?numericFilters=created_at_i%3E%3D1791168541%2Ccreated_at_i%3C1791172141&hitsPerPage=1000
2026-10-05 11:02:41 +0000 - dagster - INFO - __ASSET_JOB - aa1a15c4-82a7-4549-a237-bc15656f5969 - hackernews - Retrieved 262 items in this window.
2026-10-05 11:02:41 +0000 - dagster - INFO - __ASSET_JOB - aa1a15c4-82a7-4549-a237-bc15656f5969 - hackernews - Querying time window: 2026-10-05 03:49:01 to 2026-10-05 04:49:01 (1791172141 to 1791175741)...
2026-10-05 11:02:41 +0000 - dagster - INFO - __ASSET_JOB - aa1a15c4-82a7-4549-a237-bc15656f5969 - hackernews - Making GET request to https://hn.algolia.com/api/v1/search_by_date?numericFilters=created_at_i%3E%3D1791172141%2Ccreated_at_i%3C1791175741&hitsPerPage=1000
2026-10-05 11:02:42 +0000 - dagster - INFO - __ASSET_JOB - aa1a15c4-82a7-4549-a237-bc15656f5969 - hackernews - Retrieved 267 items in this window.
2026-10-05 11:02:42 +0000 - dagster - INFO - __ASSET_JOB - aa1a15c4-82a7-4549-a237-bc15656f5969 - hackernews - Querying time window: 2026-10-05 04:49:01 to 2026-10-05 05:49:01 (1791175741 to 1791179341)...
2026-10-05 11:02:42 +0000 - dagster - INFO - __ASSET_JOB - aa1a15c4-82a7-4549-a237-bc15656f5969 - hackernews - Making GET request to https://hn.algolia.com/api/v1/search_by_date?numericFilters=created_at_i%3E%3D1791175741%2Ccreated_at_i%3C1791179341&hitsPerPage=1000
2026-10-05 11:02:42 +0000 - dagster - INFO - __ASSET_JOB - aa1a15c4-82a7-4549-a237-bc15656f5969 - hackernews - Retrieved 282 items in this window.
2026-10-05 11:02:42 +0000 - dagster - INFO - __ASSET_JOB - aa1a15c4-82a7-4549-a237-bc15656f5969 - hackernews - Querying time window: 2026-10-05 05:49:01 to 2026-10-05 06:49:01 (1791179341 to 1791182941)...
2026-10-05 11:02:42 +0000 - dagster - INFO - __ASSET_JOB - aa1a15c4-82a7-4549-a237-bc15656f5969 - hackernews - Making GET request to https://hn.algolia.com/api/v1/search_by_date?numericFilters=created_at_i%3E%3D1791179341%2Ccreated_at_i%3C1791182941&hitsPerPage=1000
2026-10-05 11:02:43 +0000 - dagster - INFO - __ASSET_JOB - aa1a15c4-82a7-4549-a237-bc15656f5969 - hackernews - Retrieved 312 items in this window.
2026-10-05 11:02:43 +0000 - dagster - INFO - __ASSET_JOB - aa1a15c4-82a7-4549-a237-bc15656f5969 - hackernews - Querying time window: 2026-10-05 06:49:01 to 2026-10-05 07:49:01 (1791182941 to 1791186541)...
2026-10-05 11:02:43 +0000 - dagster - INFO - __ASSET_JOB - aa1a15c4-82a7-4549-a237-bc15656f5969 - hackernews - Making GET request to https://hn.algolia.com/api/v1/search_by_date?numericFilters=created_at_i%3E%3D1791182941%2Ccreated_at_i%3C1791186541&hitsPerPage=1000
2026-10-05 11:02:44 +0000 - dagster - INFO - __ASSET_JOB - aa1a15c4-82a7-4549-a237-bc15656f5969 - hackernews - Retrieved 369 items in this window.
2026-10-05 11:02:44 +0000 - dagster - INFO - __ASSET_JOB - aa1a15c4-82a7-4549-a237-bc15656f5969 - hackernews - Querying time window: 2026-10-05 07:49:01 to 2026-10-05 08:49:01 (1791186541 to 1791190141)...
2026-10-05 11:02:44 +0000 - dagster - INFO - __ASSET_JOB - aa1a15c4-82a7-4549-a237-bc15656f5969 - hackernews - Making GET request to https://hn.algolia.com/api/v1/search_by_date?numericFilters=created_at_i%3E%3D1791186541%2Ccreated_at_i%3C1791190141&hitsPerPage=1000
2026-10-05 11:02:44 +0000 - dagster - INFO - __ASSET_JOB - aa1a15c4-82a7-4549-a237-bc15656f5969 - hackernews - Retrieved 336 items in this window.
2026-10-05 11:02:44 +0000 - dagster - INFO - __ASSET_JOB - aa1a15c4-82a7-4549-a237-bc15656f5969 - hackernews - Querying time window: 2026-10-05 08:49:01 to 2026-10-05 09:49:01 (1791190141 to 1791193741)...
2026-10-05 11:02:44 +0000 - dagster - INFO - __ASSET_JOB - aa1a15c4-82a7-4549-a237-bc15656f5969 - hackernews - Making GET request to https://hn.algolia.com/api/v1/search_by_date?numericFilters=created_at_i%3E%3D1791190141%2Ccreated_at_i%3C1791193741&hitsPerPage=1000
2026-10-05 11:02:45 +0000 - dagster - INFO - __ASSET_JOB - aa1a15c4-82a7-4549-a237-bc15656f5969 - hackernews - Retrieved 384 items in this window.
2026-10-05 11:02:45 +0000 - dagster - INFO - __ASSET_JOB - aa1a15c4-82a7-4549-a237-bc15656f5969 - hackernews - Querying time window: 2026-10-05 09:49:01 to 2026-10-05 10:49:01 (1791193741 to 1791197341)...
2026-10-05 11:02:45 +0000 - dagster - INFO - __ASSET_JOB - aa1a15c4-82a7-4549-a237-bc15656f5969 - hackernews - Making GET request to https://hn.algolia.com/api/v1/search_by_date?numericFilters=created_at_i%3E%3D1791193741%2Ccreated_at_i%3C1791197341&hitsPerPage=1000
2026-10-05 11:02:45 +0000 - dagster - INFO - __ASSET_JOB - aa1a15c4-82a7-4549-a237-bc15656f5969 - hackernews - Retrieved 390 items in this window.
2026-10-05 11:02:45 +0000 - dagster - INFO - __ASSET_JOB - aa1a15c4-82a7-4549-a237-bc15656f5969 - hackernews - Querying time window: 2026-10-05 10:49:01 to 2026-10-05 10:59:34 (1791197341 to 1791197974)...
2026-10-05 11:02:45 +0000 - dagster - INFO - __ASSET_JOB - aa1a15c4-82a7-4549-a237-bc15656f5969 - hackernews - Making GET request to https://hn.algolia.com/api/v1/search_by_date?numericFilters=created_at_i%3E%3D1791197341%2Ccreated_at_i%3C1791197974&hitsPerPage=1000
2026-10-05 11:02:46 +0000 - dagster - INFO - __ASSET_JOB - aa1a15c4-82a7-4549-a237-bc15656f5969 - hackernews - Retrieved 72 items in this window.
2026-10-05 11:02:46 +0000 - dagster - INFO - __ASSET_JOB - aa1a15c4-82a7-4549-a237-bc15656f5969 - hackernews - Ingested 77644 items. Catch-up completed up to 2026-10-05 10:59:34 (1791197974).
2026-10-05 11:02:46 +0000 - dagster - INFO - __ASSET_JOB - aa1a15c4-82a7-4549-a237-bc15656f5969 - hackernews - Created none pool with 1 workers
2026-10-05 11:02:46 +0000 - dagster - INFO - __ASSET_JOB - aa1a15c4-82a7-4549-a237-bc15656f5969 - hackernews - Running file normalizing
2026-10-05 11:02:46 +0000 - dagster - INFO - __ASSET_JOB - aa1a15c4-82a7-4549-a237-bc15656f5969 - hackernews - Found 1 load packages
2026-10-05 11:02:46 +0000 - dagster - INFO - __ASSET_JOB - aa1a15c4-82a7-4549-a237-bc15656f5969 - hackernews - Found 2 files in schema hackernews_source load_id 1791197974.007688
2026-10-05 11:02:46 +0000 - dagster - INFO - __ASSET_JOB - aa1a15c4-82a7-4549-a237-bc15656f5969 - hackernews - Created new load package 1791197974.007688 on loading volume with 2 files
2026-10-05 11:02:46 +0000 - dagster - INFO - __ASSET_JOB - aa1a15c4-82a7-4549-a237-bc15656f5969 - hackernews - Created items normalizer JsonLItemsNormalizer with writer ParquetDataWriter for item format object and file format parquet on table items
2026-10-05 11:02:49 +0000 - dagster - INFO - __ASSET_JOB - aa1a15c4-82a7-4549-a237-bc15656f5969 - hackernews - A file format for table _dlt_pipeline_state was specified to preferred in the resource so parquet format being used.
2026-10-05 11:02:49 +0000 - dagster - INFO - __ASSET_JOB - aa1a15c4-82a7-4549-a237-bc15656f5969 - hackernews - Created items normalizer JsonLItemsNormalizer with writer ParquetDataWriter for item format object and file format parquet on table _dlt_pipeline_state
2026-10-05 11:02:49 +0000 - dagster - INFO - __ASSET_JOB - aa1a15c4-82a7-4549-a237-bc15656f5969 - hackernews - Processed all items in 2 files
2026-10-05 11:02:49 +0000 - dagster - INFO - __ASSET_JOB - aa1a15c4-82a7-4549-a237-bc15656f5969 - hackernews - Schema hackernews_source with version 3 was not modified. Save skipped
2026-10-05 11:02:49 +0000 - dagster - INFO - __ASSET_JOB - aa1a15c4-82a7-4549-a237-bc15656f5969 - hackernews - Committing storage, do not kill this process
2026-10-05 11:02:49 +0000 - dagster - INFO - __ASSET_JOB - aa1a15c4-82a7-4549-a237-bc15656f5969 - hackernews - Extracted package 1791197974.007688 processed
2026-10-05 11:02:49 +0000 - dagster - INFO - __ASSET_JOB - aa1a15c4-82a7-4549-a237-bc15656f5969 - hackernews - Closing processing pool
2026-10-05 11:02:49 +0000 - dagster - INFO - __ASSET_JOB - aa1a15c4-82a7-4549-a237-bc15656f5969 - hackernews - Processing pool closed
2026-10-05 11:02:49 +0000 - dagster - INFO - __ASSET_JOB - aa1a15c4-82a7-4549-a237-bc15656f5969 - hackernews - Created thread pool with 20 workers
2026-10-05 11:02:49 +0000 - dagster - INFO - __ASSET_JOB - aa1a15c4-82a7-4549-a237-bc15656f5969 - hackernews - Running file loading
2026-10-05 11:02:49 +0000 - dagster - INFO - __ASSET_JOB - aa1a15c4-82a7-4549-a237-bc15656f5969 - hackernews - Found 1 load packages
2026-10-05 11:02:49 +0000 - dagster - INFO - __ASSET_JOB - aa1a15c4-82a7-4549-a237-bc15656f5969 - hackernews - Loading schema from load package in 1791197974.007688
2026-10-05 11:02:49 +0000 - dagster - INFO - __ASSET_JOB - aa1a15c4-82a7-4549-a237-bc15656f5969 - hackernews - Loaded schema name hackernews_source and version 3
2026-10-05 11:02:49 +0000 - dagster - INFO - __ASSET_JOB - aa1a15c4-82a7-4549-a237-bc15656f5969 - hackernews - Client for ducklake will start initialize storage 
2026-10-05 11:02:49 +0000 - dagster - INFO - __ASSET_JOB - aa1a15c4-82a7-4549-a237-bc15656f5969 - hackernews - Client for ducklake will update schema to package schema 
2026-10-05 11:02:49 +0000 - dagster - INFO - __ASSET_JOB - aa1a15c4-82a7-4549-a237-bc15656f5969 - hackernews - Schema with hash 6By9nwqTTrhznnSPDpfURqHpWrsY2BVikyibecXijOE= inserted at 2026-08-10 23:15:46.025744+00:00 found in storage, no upgrade required
2026-10-05 11:02:49 +0000 - dagster - INFO - __ASSET_JOB - aa1a15c4-82a7-4549-a237-bc15656f5969 - hackernews - Client for ducklake will start initialize storage for staging dataset
2026-10-05 11:02:49 +0000 - dagster - INFO - __ASSET_JOB - aa1a15c4-82a7-4549-a237-bc15656f5969 - hackernews - Client for ducklake will update schema to package schema for staging dataset
2026-10-05 11:02:49 +0000 - dagster - INFO - __ASSET_JOB - aa1a15c4-82a7-4549-a237-bc15656f5969 - hackernews - Schema with hash 6By9nwqTTrhznnSPDpfURqHpWrsY2BVikyibecXijOE= not found in the storage. upgrading
2026-10-05 11:02:49 +0000 - dagster - INFO - __ASSET_JOB - aa1a15c4-82a7-4549-a237-bc15656f5969 - hackernews - Found 6 updates for _dlt_version in hackernews_source
2026-10-05 11:02:49 +0000 - dagster - INFO - __ASSET_JOB - aa1a15c4-82a7-4549-a237-bc15656f5969 - hackernews - Found 13 updates for items in hackernews_source
2026-10-05 11:02:49 +0000 - dagster - INFO - __ASSET_JOB - aa1a15c4-82a7-4549-a237-bc15656f5969 - hackernews - Client for ducklake will truncate tables for staging dataset
2026-10-05 11:02:49 +0000 - dagster - INFO - __ASSET_JOB - aa1a15c4-82a7-4549-a237-bc15656f5969 - hackernews - 0 started jobs found, which should be continued
2026-10-05 11:02:49 +0000 - dagster - INFO - __ASSET_JOB - aa1a15c4-82a7-4549-a237-bc15656f5969 - hackernews - Will complete 0 for 1791197974.007688
2026-10-05 11:02:49 +0000 - dagster - INFO - __ASSET_JOB - aa1a15c4-82a7-4549-a237-bc15656f5969 - hackernews - Will load additional 1, creating jobs
2026-10-05 11:02:49 +0000 - dagster - INFO - __ASSET_JOB - aa1a15c4-82a7-4549-a237-bc15656f5969 - hackernews - Will load file 1791197974.007688/new_jobs/items.f937580adb.0.parquet with table name items
2026-10-05 11:02:50 +0000 - dagster - INFO - __ASSET_JOB - aa1a15c4-82a7-4549-a237-bc15656f5969 - hackernews - Will complete 1 for 1791197974.007688
2026-10-05 11:02:50 +0000 - dagster - INFO - __ASSET_JOB - aa1a15c4-82a7-4549-a237-bc15656f5969 - hackernews - Job items.f937580adb.parquet CREATED a new FOLLOWUP JOB /tmp/items.48c2cdf3f9.0.sql placed in new_jobs
2026-10-05 11:02:50 +0000 - dagster - INFO - __ASSET_JOB - aa1a15c4-82a7-4549-a237-bc15656f5969 - hackernews - Job for items.f937580adb.parquet completed in load 1791197974.007688
2026-10-05 11:02:50 +0000 - dagster - INFO - __ASSET_JOB - aa1a15c4-82a7-4549-a237-bc15656f5969 - hackernews - Will load additional 1, creating jobs
2026-10-05 11:02:50 +0000 - dagster - INFO - __ASSET_JOB - aa1a15c4-82a7-4549-a237-bc15656f5969 - hackernews - Will load file 1791197974.007688/new_jobs/items.48c2cdf3f9.0.sql with table name items
2026-10-05 11:02:50 +0000 - dagster - INFO - __ASSET_JOB - aa1a15c4-82a7-4549-a237-bc15656f5969 - hackernews - Will complete 1 for 1791197974.007688
2026-10-05 11:02:50 +0000 - dagster - INFO - __ASSET_JOB - aa1a15c4-82a7-4549-a237-bc15656f5969 - hackernews - Job for items.48c2cdf3f9.sql completed in load 1791197974.007688
2026-10-05 11:02:50 +0000 - dagster - INFO - __ASSET_JOB - aa1a15c4-82a7-4549-a237-bc15656f5969 - hackernews - Will load additional 1, creating jobs
2026-10-05 11:02:50 +0000 - dagster - INFO - __ASSET_JOB - aa1a15c4-82a7-4549-a237-bc15656f5969 - hackernews - Will load file 1791197974.007688/new_jobs/_dlt_pipeline_state.63f8d95915.0.parquet with table name _dlt_pipeline_state
2026-10-05 11:02:50 +0000 - dagster - INFO - __ASSET_JOB - aa1a15c4-82a7-4549-a237-bc15656f5969 - hackernews - Will complete 1 for 1791197974.007688
2026-10-05 11:02:50 +0000 - dagster - INFO - __ASSET_JOB - aa1a15c4-82a7-4549-a237-bc15656f5969 - hackernews - Job for _dlt_pipeline_state.63f8d95915.parquet completed in load 1791197974.007688
2026-10-05 11:02:50 +0000 - dagster - INFO - __ASSET_JOB - aa1a15c4-82a7-4549-a237-bc15656f5969 - hackernews - Will load additional 0, creating jobs
2026-10-05 11:02:50 +0000 - dagster - INFO - __ASSET_JOB - aa1a15c4-82a7-4549-a237-bc15656f5969 - hackernews - All jobs completed, archiving package 1791197974.007688 with aborted set to False
2026-10-05 11:02:50 +0000 - dagster - INFO - __ASSET_JOB - aa1a15c4-82a7-4549-a237-bc15656f5969 - hackernews - Closing processing pool
2026-10-05 11:02:50 +0000 - dagster - INFO - __ASSET_JOB - aa1a15c4-82a7-4549-a237-bc15656f5969 - hackernews - Processing pool closed
2026-10-05 11:02:50 +0000 - dagster - INFO - __ASSET_JOB - aa1a15c4-82a7-4549-a237-bc15656f5969 - dbt_assets - A dbt subsetted execution is not being performed. Using the default dbt selection arguments `['--select', 'fqn:*']`.
2026-10-05 11:02:54 +0000 - dagster - INFO - __ASSET_JOB - aa1a15c4-82a7-4549-a237-bc15656f5969 - dbt_assets - Copying `/home/runner/work/orca/orca/transformation/target/partial_parse.msgpack` to `/home/runner/work/orca/orca/transformation/target/dbt_assets-aa1a15c-80abaf4/partial_parse.msgpack` to take advantage of partial parsing.
2026-10-05 11:02:54 +0000 - dagster - INFO - __ASSET_JOB - aa1a15c4-82a7-4549-a237-bc15656f5969 - dbt_assets - Running dbt command: `dbt build --select fqn:*`.
2026-10-05 11:03:01 +0000 - dagster - INFO - __ASSET_JOB - aa1a15c4-82a7-4549-a237-bc15656f5969 - dbt_assets - Finished dbt command: `dbt build --select fqn:*`.
