2026-07-27 06:55:45 +0000 - dagster - INFO - __ASSET_JOB - 63bdf09a-9df6-4446-8bee-04db6d38a2aa - hackernews - The state was restored from the destination ducklake (dlt.destinations.ducklake):raw
2026-07-27 06:55:45 +0000 - dagster - INFO - __ASSET_JOB - 63bdf09a-9df6-4446-8bee-04db6d38a2aa - hackernews - The schema hackernews_source version 2 hash x2O+283VfDO1ZKj6vXc0p2ZY5gazwm9WbeP6G+WGXfs= was restored from the destination ducklake:raw
2026-07-27 06:55:45 +0000 - dagster - INFO - __ASSET_JOB - 63bdf09a-9df6-4446-8bee-04db6d38a2aa - hackernews - Bind incremental on items with initial_value: 2026-07-01 00:00:00+00:00, start_value: 2026-07-20 06:38:48+00:00, end_value: None, func: max, row_order: None, on_missing: raise, range_start: closed, range_end: open
2026-07-27 06:55:45 +0000 - dagster - INFO - __ASSET_JOB - 63bdf09a-9df6-4446-8bee-04db6d38a2aa - hackernews - Starting incremental ingestion from 2026-07-20 06:38:48 UTC (1784529528)...
2026-07-27 06:55:45 +0000 - dagster - INFO - __ASSET_JOB - 63bdf09a-9df6-4446-8bee-04db6d38a2aa - hackernews - Querying time window: 2026-07-20 06:38:48 to 2026-07-20 07:38:48 (1784529528 to 1784533128)...
2026-07-27 06:55:45 +0000 - dagster - INFO - __ASSET_JOB - 63bdf09a-9df6-4446-8bee-04db6d38a2aa - hackernews - Making GET request to https://hn.algolia.com/api/v1/search_by_date?numericFilters=created_at_i%3E%3D1784529528%2Ccreated_at_i%3C1784533128&hitsPerPage=1000
2026-07-27 06:55:46 +0000 - dagster - INFO - __ASSET_JOB - 63bdf09a-9df6-4446-8bee-04db6d38a2aa - hackernews - Retrieved 357 items in this window.
2026-07-27 06:55:46 +0000 - dagster - INFO - __ASSET_JOB - 63bdf09a-9df6-4446-8bee-04db6d38a2aa - hackernews - Querying time window: 2026-07-20 07:38:48 to 2026-07-20 08:38:48 (1784533128 to 1784536728)...
2026-07-27 06:55:46 +0000 - dagster - INFO - __ASSET_JOB - 63bdf09a-9df6-4446-8bee-04db6d38a2aa - hackernews - Making GET request to https://hn.algolia.com/api/v1/search_by_date?numericFilters=created_at_i%3E%3D1784533128%2Ccreated_at_i%3C1784536728&hitsPerPage=1000
2026-07-27 06:55:46 +0000 - dagster - INFO - __ASSET_JOB - 63bdf09a-9df6-4446-8bee-04db6d38a2aa - hackernews - Retrieved 397 items in this window.
2026-07-27 06:55:46 +0000 - dagster - INFO - __ASSET_JOB - 63bdf09a-9df6-4446-8bee-04db6d38a2aa - hackernews - Querying time window: 2026-07-20 08:38:48 to 2026-07-20 09:38:48 (1784536728 to 1784540328)...
2026-07-27 06:55:46 +0000 - dagster - INFO - __ASSET_JOB - 63bdf09a-9df6-4446-8bee-04db6d38a2aa - hackernews - Making GET request to https://hn.algolia.com/api/v1/search_by_date?numericFilters=created_at_i%3E%3D1784536728%2Ccreated_at_i%3C1784540328&hitsPerPage=1000
2026-07-27 06:55:46 +0000 - dagster - INFO - __ASSET_JOB - 63bdf09a-9df6-4446-8bee-04db6d38a2aa - hackernews - Retrieved 434 items in this window.
2026-07-27 06:55:47 +0000 - dagster - INFO - __ASSET_JOB - 63bdf09a-9df6-4446-8bee-04db6d38a2aa - hackernews - Querying time window: 2026-07-20 09:38:48 to 2026-07-20 10:38:48 (1784540328 to 1784543928)...
2026-07-27 06:55:47 +0000 - dagster - INFO - __ASSET_JOB - 63bdf09a-9df6-4446-8bee-04db6d38a2aa - hackernews - Making GET request to https://hn.algolia.com/api/v1/search_by_date?numericFilters=created_at_i%3E%3D1784540328%2Ccreated_at_i%3C1784543928&hitsPerPage=1000
2026-07-27 06:55:47 +0000 - dagster - INFO - __ASSET_JOB - 63bdf09a-9df6-4446-8bee-04db6d38a2aa - hackernews - Retrieved 457 items in this window.
2026-07-27 06:55:47 +0000 - dagster - INFO - __ASSET_JOB - 63bdf09a-9df6-4446-8bee-04db6d38a2aa - hackernews - Querying time window: 2026-07-20 10:38:48 to 2026-07-20 11:38:48 (1784543928 to 1784547528)...
2026-07-27 06:55:47 +0000 - dagster - INFO - __ASSET_JOB - 63bdf09a-9df6-4446-8bee-04db6d38a2aa - hackernews - Making GET request to https://hn.algolia.com/api/v1/search_by_date?numericFilters=created_at_i%3E%3D1784543928%2Ccreated_at_i%3C1784547528&hitsPerPage=1000
2026-07-27 06:55:47 +0000 - dagster - INFO - __ASSET_JOB - 63bdf09a-9df6-4446-8bee-04db6d38a2aa - hackernews - Retrieved 393 items in this window.
2026-07-27 06:55:47 +0000 - dagster - INFO - __ASSET_JOB - 63bdf09a-9df6-4446-8bee-04db6d38a2aa - hackernews - Querying time window: 2026-07-20 11:38:48 to 2026-07-20 12:38:48 (1784547528 to 1784551128)...
2026-07-27 06:55:47 +0000 - dagster - INFO - __ASSET_JOB - 63bdf09a-9df6-4446-8bee-04db6d38a2aa - hackernews - Making GET request to https://hn.algolia.com/api/v1/search_by_date?numericFilters=created_at_i%3E%3D1784547528%2Ccreated_at_i%3C1784551128&hitsPerPage=1000
2026-07-27 06:55:48 +0000 - dagster - INFO - __ASSET_JOB - 63bdf09a-9df6-4446-8bee-04db6d38a2aa - hackernews - Retrieved 560 items in this window.
2026-07-27 06:55:48 +0000 - dagster - INFO - __ASSET_JOB - 63bdf09a-9df6-4446-8bee-04db6d38a2aa - hackernews - Querying time window: 2026-07-20 12:38:48 to 2026-07-20 13:38:48 (1784551128 to 1784554728)...
2026-07-27 06:55:48 +0000 - dagster - INFO - __ASSET_JOB - 63bdf09a-9df6-4446-8bee-04db6d38a2aa - hackernews - Making GET request to https://hn.algolia.com/api/v1/search_by_date?numericFilters=created_at_i%3E%3D1784551128%2Ccreated_at_i%3C1784554728&hitsPerPage=1000
2026-07-27 06:55:48 +0000 - dagster - INFO - __ASSET_JOB - 63bdf09a-9df6-4446-8bee-04db6d38a2aa - hackernews - Retrieved 645 items in this window.
2026-07-27 06:55:48 +0000 - dagster - INFO - __ASSET_JOB - 63bdf09a-9df6-4446-8bee-04db6d38a2aa - hackernews - Querying time window: 2026-07-20 13:38:48 to 2026-07-20 14:38:48 (1784554728 to 1784558328)...
2026-07-27 06:55:48 +0000 - dagster - INFO - __ASSET_JOB - 63bdf09a-9df6-4446-8bee-04db6d38a2aa - hackernews - Making GET request to https://hn.algolia.com/api/v1/search_by_date?numericFilters=created_at_i%3E%3D1784554728%2Ccreated_at_i%3C1784558328&hitsPerPage=1000
2026-07-27 06:55:49 +0000 - dagster - INFO - __ASSET_JOB - 63bdf09a-9df6-4446-8bee-04db6d38a2aa - hackernews - Retrieved 693 items in this window.
2026-07-27 06:55:49 +0000 - dagster - INFO - __ASSET_JOB - 63bdf09a-9df6-4446-8bee-04db6d38a2aa - hackernews - Querying time window: 2026-07-20 14:38:48 to 2026-07-20 15:38:48 (1784558328 to 1784561928)...
2026-07-27 06:55:49 +0000 - dagster - INFO - __ASSET_JOB - 63bdf09a-9df6-4446-8bee-04db6d38a2aa - hackernews - Making GET request to https://hn.algolia.com/api/v1/search_by_date?numericFilters=created_at_i%3E%3D1784558328%2Ccreated_at_i%3C1784561928&hitsPerPage=1000
2026-07-27 06:55:49 +0000 - dagster - INFO - __ASSET_JOB - 63bdf09a-9df6-4446-8bee-04db6d38a2aa - hackernews - Retrieved 782 items in this window.
2026-07-27 06:55:49 +0000 - dagster - INFO - __ASSET_JOB - 63bdf09a-9df6-4446-8bee-04db6d38a2aa - hackernews - Querying time window: 2026-07-20 15:38:48 to 2026-07-20 16:38:48 (1784561928 to 1784565528)...
2026-07-27 06:55:49 +0000 - dagster - INFO - __ASSET_JOB - 63bdf09a-9df6-4446-8bee-04db6d38a2aa - hackernews - Making GET request to https://hn.algolia.com/api/v1/search_by_date?numericFilters=created_at_i%3E%3D1784561928%2Ccreated_at_i%3C1784565528&hitsPerPage=1000
2026-07-27 06:55:50 +0000 - dagster - INFO - __ASSET_JOB - 63bdf09a-9df6-4446-8bee-04db6d38a2aa - hackernews - Retrieved 767 items in this window.
2026-07-27 06:55:50 +0000 - dagster - INFO - __ASSET_JOB - 63bdf09a-9df6-4446-8bee-04db6d38a2aa - hackernews - Querying time window: 2026-07-20 16:38:48 to 2026-07-20 17:38:48 (1784565528 to 1784569128)...
2026-07-27 06:55:50 +0000 - dagster - INFO - __ASSET_JOB - 63bdf09a-9df6-4446-8bee-04db6d38a2aa - hackernews - Making GET request to https://hn.algolia.com/api/v1/search_by_date?numericFilters=created_at_i%3E%3D1784565528%2Ccreated_at_i%3C1784569128&hitsPerPage=1000
2026-07-27 06:55:51 +0000 - dagster - INFO - __ASSET_JOB - 63bdf09a-9df6-4446-8bee-04db6d38a2aa - hackernews - Retrieved 778 items in this window.
2026-07-27 06:55:51 +0000 - dagster - INFO - __ASSET_JOB - 63bdf09a-9df6-4446-8bee-04db6d38a2aa - hackernews - Querying time window: 2026-07-20 17:38:48 to 2026-07-20 18:38:48 (1784569128 to 1784572728)...
2026-07-27 06:55:51 +0000 - dagster - INFO - __ASSET_JOB - 63bdf09a-9df6-4446-8bee-04db6d38a2aa - hackernews - Making GET request to https://hn.algolia.com/api/v1/search_by_date?numericFilters=created_at_i%3E%3D1784569128%2Ccreated_at_i%3C1784572728&hitsPerPage=1000
2026-07-27 06:55:51 +0000 - dagster - INFO - __ASSET_JOB - 63bdf09a-9df6-4446-8bee-04db6d38a2aa - hackernews - Retrieved 837 items in this window.
2026-07-27 06:55:51 +0000 - dagster - INFO - __ASSET_JOB - 63bdf09a-9df6-4446-8bee-04db6d38a2aa - hackernews - Querying time window: 2026-07-20 18:38:48 to 2026-07-20 19:38:48 (1784572728 to 1784576328)...
2026-07-27 06:55:51 +0000 - dagster - INFO - __ASSET_JOB - 63bdf09a-9df6-4446-8bee-04db6d38a2aa - hackernews - Making GET request to https://hn.algolia.com/api/v1/search_by_date?numericFilters=created_at_i%3E%3D1784572728%2Ccreated_at_i%3C1784576328&hitsPerPage=1000
2026-07-27 06:55:52 +0000 - dagster - INFO - __ASSET_JOB - 63bdf09a-9df6-4446-8bee-04db6d38a2aa - hackernews - Retrieved 747 items in this window.
2026-07-27 06:55:52 +0000 - dagster - INFO - __ASSET_JOB - 63bdf09a-9df6-4446-8bee-04db6d38a2aa - hackernews - Querying time window: 2026-07-20 19:38:48 to 2026-07-20 20:38:48 (1784576328 to 1784579928)...
2026-07-27 06:55:52 +0000 - dagster - INFO - __ASSET_JOB - 63bdf09a-9df6-4446-8bee-04db6d38a2aa - hackernews - Making GET request to https://hn.algolia.com/api/v1/search_by_date?numericFilters=created_at_i%3E%3D1784576328%2Ccreated_at_i%3C1784579928&hitsPerPage=1000
2026-07-27 06:55:52 +0000 - dagster - INFO - __ASSET_JOB - 63bdf09a-9df6-4446-8bee-04db6d38a2aa - hackernews - Retrieved 674 items in this window.
2026-07-27 06:55:52 +0000 - dagster - INFO - __ASSET_JOB - 63bdf09a-9df6-4446-8bee-04db6d38a2aa - hackernews - Querying time window: 2026-07-20 20:38:48 to 2026-07-20 21:38:48 (1784579928 to 1784583528)...
2026-07-27 06:55:52 +0000 - dagster - INFO - __ASSET_JOB - 63bdf09a-9df6-4446-8bee-04db6d38a2aa - hackernews - Making GET request to https://hn.algolia.com/api/v1/search_by_date?numericFilters=created_at_i%3E%3D1784579928%2Ccreated_at_i%3C1784583528&hitsPerPage=1000
2026-07-27 06:55:52 +0000 - dagster - INFO - __ASSET_JOB - 63bdf09a-9df6-4446-8bee-04db6d38a2aa - hackernews - Retrieved 572 items in this window.
2026-07-27 06:55:52 +0000 - dagster - INFO - __ASSET_JOB - 63bdf09a-9df6-4446-8bee-04db6d38a2aa - hackernews - Querying time window: 2026-07-20 21:38:48 to 2026-07-20 22:38:48 (1784583528 to 1784587128)...
2026-07-27 06:55:52 +0000 - dagster - INFO - __ASSET_JOB - 63bdf09a-9df6-4446-8bee-04db6d38a2aa - hackernews - Making GET request to https://hn.algolia.com/api/v1/search_by_date?numericFilters=created_at_i%3E%3D1784583528%2Ccreated_at_i%3C1784587128&hitsPerPage=1000
2026-07-27 06:55:53 +0000 - dagster - INFO - __ASSET_JOB - 63bdf09a-9df6-4446-8bee-04db6d38a2aa - hackernews - Retrieved 507 items in this window.
2026-07-27 06:55:53 +0000 - dagster - INFO - __ASSET_JOB - 63bdf09a-9df6-4446-8bee-04db6d38a2aa - hackernews - Querying time window: 2026-07-20 22:38:48 to 2026-07-20 23:38:48 (1784587128 to 1784590728)...
2026-07-27 06:55:53 +0000 - dagster - INFO - __ASSET_JOB - 63bdf09a-9df6-4446-8bee-04db6d38a2aa - hackernews - Making GET request to https://hn.algolia.com/api/v1/search_by_date?numericFilters=created_at_i%3E%3D1784587128%2Ccreated_at_i%3C1784590728&hitsPerPage=1000
2026-07-27 06:55:53 +0000 - dagster - INFO - __ASSET_JOB - 63bdf09a-9df6-4446-8bee-04db6d38a2aa - hackernews - Retrieved 476 items in this window.
2026-07-27 06:55:54 +0000 - dagster - INFO - __ASSET_JOB - 63bdf09a-9df6-4446-8bee-04db6d38a2aa - hackernews - Querying time window: 2026-07-20 23:38:48 to 2026-07-21 00:38:48 (1784590728 to 1784594328)...
2026-07-27 06:55:54 +0000 - dagster - INFO - __ASSET_JOB - 63bdf09a-9df6-4446-8bee-04db6d38a2aa - hackernews - Making GET request to https://hn.algolia.com/api/v1/search_by_date?numericFilters=created_at_i%3E%3D1784590728%2Ccreated_at_i%3C1784594328&hitsPerPage=1000
2026-07-27 06:55:54 +0000 - dagster - INFO - __ASSET_JOB - 63bdf09a-9df6-4446-8bee-04db6d38a2aa - hackernews - Retrieved 410 items in this window.
2026-07-27 06:55:54 +0000 - dagster - INFO - __ASSET_JOB - 63bdf09a-9df6-4446-8bee-04db6d38a2aa - hackernews - Querying time window: 2026-07-21 00:38:48 to 2026-07-21 01:38:48 (1784594328 to 1784597928)...
2026-07-27 06:55:54 +0000 - dagster - INFO - __ASSET_JOB - 63bdf09a-9df6-4446-8bee-04db6d38a2aa - hackernews - Making GET request to https://hn.algolia.com/api/v1/search_by_date?numericFilters=created_at_i%3E%3D1784594328%2Ccreated_at_i%3C1784597928&hitsPerPage=1000
2026-07-27 06:55:54 +0000 - dagster - INFO - __ASSET_JOB - 63bdf09a-9df6-4446-8bee-04db6d38a2aa - hackernews - Retrieved 306 items in this window.
2026-07-27 06:55:54 +0000 - dagster - INFO - __ASSET_JOB - 63bdf09a-9df6-4446-8bee-04db6d38a2aa - hackernews - Querying time window: 2026-07-21 01:38:48 to 2026-07-21 02:38:48 (1784597928 to 1784601528)...
2026-07-27 06:55:54 +0000 - dagster - INFO - __ASSET_JOB - 63bdf09a-9df6-4446-8bee-04db6d38a2aa - hackernews - Making GET request to https://hn.algolia.com/api/v1/search_by_date?numericFilters=created_at_i%3E%3D1784597928%2Ccreated_at_i%3C1784601528&hitsPerPage=1000
2026-07-27 06:55:55 +0000 - dagster - INFO - __ASSET_JOB - 63bdf09a-9df6-4446-8bee-04db6d38a2aa - hackernews - Retrieved 302 items in this window.
2026-07-27 06:55:55 +0000 - dagster - INFO - __ASSET_JOB - 63bdf09a-9df6-4446-8bee-04db6d38a2aa - hackernews - Querying time window: 2026-07-21 02:38:48 to 2026-07-21 03:38:48 (1784601528 to 1784605128)...
2026-07-27 06:55:55 +0000 - dagster - INFO - __ASSET_JOB - 63bdf09a-9df6-4446-8bee-04db6d38a2aa - hackernews - Making GET request to https://hn.algolia.com/api/v1/search_by_date?numericFilters=created_at_i%3E%3D1784601528%2Ccreated_at_i%3C1784605128&hitsPerPage=1000
2026-07-27 06:55:55 +0000 - dagster - INFO - __ASSET_JOB - 63bdf09a-9df6-4446-8bee-04db6d38a2aa - hackernews - Retrieved 294 items in this window.
2026-07-27 06:55:55 +0000 - dagster - INFO - __ASSET_JOB - 63bdf09a-9df6-4446-8bee-04db6d38a2aa - hackernews - Querying time window: 2026-07-21 03:38:48 to 2026-07-21 04:38:48 (1784605128 to 1784608728)...
2026-07-27 06:55:55 +0000 - dagster - INFO - __ASSET_JOB - 63bdf09a-9df6-4446-8bee-04db6d38a2aa - hackernews - Making GET request to https://hn.algolia.com/api/v1/search_by_date?numericFilters=created_at_i%3E%3D1784605128%2Ccreated_at_i%3C1784608728&hitsPerPage=1000
2026-07-27 06:55:55 +0000 - dagster - INFO - __ASSET_JOB - 63bdf09a-9df6-4446-8bee-04db6d38a2aa - hackernews - Retrieved 307 items in this window.
2026-07-27 06:55:55 +0000 - dagster - INFO - __ASSET_JOB - 63bdf09a-9df6-4446-8bee-04db6d38a2aa - hackernews - Querying time window: 2026-07-21 04:38:48 to 2026-07-21 05:38:48 (1784608728 to 1784612328)...
2026-07-27 06:55:55 +0000 - dagster - INFO - __ASSET_JOB - 63bdf09a-9df6-4446-8bee-04db6d38a2aa - hackernews - Making GET request to https://hn.algolia.com/api/v1/search_by_date?numericFilters=created_at_i%3E%3D1784608728%2Ccreated_at_i%3C1784612328&hitsPerPage=1000
2026-07-27 06:55:56 +0000 - dagster - INFO - __ASSET_JOB - 63bdf09a-9df6-4446-8bee-04db6d38a2aa - hackernews - Retrieved 321 items in this window.
2026-07-27 06:55:56 +0000 - dagster - INFO - __ASSET_JOB - 63bdf09a-9df6-4446-8bee-04db6d38a2aa - hackernews - Querying time window: 2026-07-21 05:38:48 to 2026-07-21 06:38:48 (1784612328 to 1784615928)...
2026-07-27 06:55:56 +0000 - dagster - INFO - __ASSET_JOB - 63bdf09a-9df6-4446-8bee-04db6d38a2aa - hackernews - Making GET request to https://hn.algolia.com/api/v1/search_by_date?numericFilters=created_at_i%3E%3D1784612328%2Ccreated_at_i%3C1784615928&hitsPerPage=1000
2026-07-27 06:55:56 +0000 - dagster - INFO - __ASSET_JOB - 63bdf09a-9df6-4446-8bee-04db6d38a2aa - hackernews - Retrieved 353 items in this window.
2026-07-27 06:55:56 +0000 - dagster - INFO - __ASSET_JOB - 63bdf09a-9df6-4446-8bee-04db6d38a2aa - hackernews - Querying time window: 2026-07-21 06:38:48 to 2026-07-21 07:38:48 (1784615928 to 1784619528)...
2026-07-27 06:55:56 +0000 - dagster - INFO - __ASSET_JOB - 63bdf09a-9df6-4446-8bee-04db6d38a2aa - hackernews - Making GET request to https://hn.algolia.com/api/v1/search_by_date?numericFilters=created_at_i%3E%3D1784615928%2Ccreated_at_i%3C1784619528&hitsPerPage=1000
2026-07-27 06:55:56 +0000 - dagster - INFO - __ASSET_JOB - 63bdf09a-9df6-4446-8bee-04db6d38a2aa - hackernews - Retrieved 348 items in this window.
2026-07-27 06:55:56 +0000 - dagster - INFO - __ASSET_JOB - 63bdf09a-9df6-4446-8bee-04db6d38a2aa - hackernews - Querying time window: 2026-07-21 07:38:48 to 2026-07-21 08:38:48 (1784619528 to 1784623128)...
2026-07-27 06:55:56 +0000 - dagster - INFO - __ASSET_JOB - 63bdf09a-9df6-4446-8bee-04db6d38a2aa - hackernews - Making GET request to https://hn.algolia.com/api/v1/search_by_date?numericFilters=created_at_i%3E%3D1784619528%2Ccreated_at_i%3C1784623128&hitsPerPage=1000
2026-07-27 06:55:57 +0000 - dagster - INFO - __ASSET_JOB - 63bdf09a-9df6-4446-8bee-04db6d38a2aa - hackernews - Retrieved 364 items in this window.
2026-07-27 06:55:57 +0000 - dagster - INFO - __ASSET_JOB - 63bdf09a-9df6-4446-8bee-04db6d38a2aa - hackernews - Querying time window: 2026-07-21 08:38:48 to 2026-07-21 09:38:48 (1784623128 to 1784626728)...
2026-07-27 06:55:57 +0000 - dagster - INFO - __ASSET_JOB - 63bdf09a-9df6-4446-8bee-04db6d38a2aa - hackernews - Making GET request to https://hn.algolia.com/api/v1/search_by_date?numericFilters=created_at_i%3E%3D1784623128%2Ccreated_at_i%3C1784626728&hitsPerPage=1000
2026-07-27 06:55:57 +0000 - dagster - INFO - __ASSET_JOB - 63bdf09a-9df6-4446-8bee-04db6d38a2aa - hackernews - Retrieved 307 items in this window.
2026-07-27 06:55:57 +0000 - dagster - INFO - __ASSET_JOB - 63bdf09a-9df6-4446-8bee-04db6d38a2aa - hackernews - Querying time window: 2026-07-21 09:38:48 to 2026-07-21 10:38:48 (1784626728 to 1784630328)...
2026-07-27 06:55:57 +0000 - dagster - INFO - __ASSET_JOB - 63bdf09a-9df6-4446-8bee-04db6d38a2aa - hackernews - Making GET request to https://hn.algolia.com/api/v1/search_by_date?numericFilters=created_at_i%3E%3D1784626728%2Ccreated_at_i%3C1784630328&hitsPerPage=1000
2026-07-27 06:55:58 +0000 - dagster - INFO - __ASSET_JOB - 63bdf09a-9df6-4446-8bee-04db6d38a2aa - hackernews - Retrieved 373 items in this window.
2026-07-27 06:55:58 +0000 - dagster - INFO - __ASSET_JOB - 63bdf09a-9df6-4446-8bee-04db6d38a2aa - hackernews - Querying time window: 2026-07-21 10:38:48 to 2026-07-21 11:38:48 (1784630328 to 1784633928)...
2026-07-27 06:55:58 +0000 - dagster - INFO - __ASSET_JOB - 63bdf09a-9df6-4446-8bee-04db6d38a2aa - hackernews - Making GET request to https://hn.algolia.com/api/v1/search_by_date?numericFilters=created_at_i%3E%3D1784630328%2Ccreated_at_i%3C1784633928&hitsPerPage=1000
2026-07-27 06:55:58 +0000 - dagster - INFO - __ASSET_JOB - 63bdf09a-9df6-4446-8bee-04db6d38a2aa - hackernews - Retrieved 382 items in this window.
2026-07-27 06:55:58 +0000 - dagster - INFO - __ASSET_JOB - 63bdf09a-9df6-4446-8bee-04db6d38a2aa - hackernews - Querying time window: 2026-07-21 11:38:48 to 2026-07-21 12:38:48 (1784633928 to 1784637528)...
2026-07-27 06:55:58 +0000 - dagster - INFO - __ASSET_JOB - 63bdf09a-9df6-4446-8bee-04db6d38a2aa - hackernews - Making GET request to https://hn.algolia.com/api/v1/search_by_date?numericFilters=created_at_i%3E%3D1784633928%2Ccreated_at_i%3C1784637528&hitsPerPage=1000
2026-07-27 06:55:58 +0000 - dagster - INFO - __ASSET_JOB - 63bdf09a-9df6-4446-8bee-04db6d38a2aa - hackernews - Retrieved 525 items in this window.
2026-07-27 06:55:58 +0000 - dagster - INFO - __ASSET_JOB - 63bdf09a-9df6-4446-8bee-04db6d38a2aa - hackernews - Querying time window: 2026-07-21 12:38:48 to 2026-07-21 13:38:48 (1784637528 to 1784641128)...
2026-07-27 06:55:58 +0000 - dagster - INFO - __ASSET_JOB - 63bdf09a-9df6-4446-8bee-04db6d38a2aa - hackernews - Making GET request to https://hn.algolia.com/api/v1/search_by_date?numericFilters=created_at_i%3E%3D1784637528%2Ccreated_at_i%3C1784641128&hitsPerPage=1000
2026-07-27 06:55:59 +0000 - dagster - INFO - __ASSET_JOB - 63bdf09a-9df6-4446-8bee-04db6d38a2aa - hackernews - Retrieved 542 items in this window.
2026-07-27 06:55:59 +0000 - dagster - INFO - __ASSET_JOB - 63bdf09a-9df6-4446-8bee-04db6d38a2aa - hackernews - Querying time window: 2026-07-21 13:38:48 to 2026-07-21 14:38:48 (1784641128 to 1784644728)...
2026-07-27 06:55:59 +0000 - dagster - INFO - __ASSET_JOB - 63bdf09a-9df6-4446-8bee-04db6d38a2aa - hackernews - Making GET request to https://hn.algolia.com/api/v1/search_by_date?numericFilters=created_at_i%3E%3D1784641128%2Ccreated_at_i%3C1784644728&hitsPerPage=1000
2026-07-27 06:55:59 +0000 - dagster - INFO - __ASSET_JOB - 63bdf09a-9df6-4446-8bee-04db6d38a2aa - hackernews - Retrieved 622 items in this window.
2026-07-27 06:55:59 +0000 - dagster - INFO - __ASSET_JOB - 63bdf09a-9df6-4446-8bee-04db6d38a2aa - hackernews - Querying time window: 2026-07-21 14:38:48 to 2026-07-21 15:38:48 (1784644728 to 1784648328)...
2026-07-27 06:55:59 +0000 - dagster - INFO - __ASSET_JOB - 63bdf09a-9df6-4446-8bee-04db6d38a2aa - hackernews - Making GET request to https://hn.algolia.com/api/v1/search_by_date?numericFilters=created_at_i%3E%3D1784644728%2Ccreated_at_i%3C1784648328&hitsPerPage=1000
2026-07-27 06:56:00 +0000 - dagster - INFO - __ASSET_JOB - 63bdf09a-9df6-4446-8bee-04db6d38a2aa - hackernews - Retrieved 738 items in this window.
2026-07-27 06:56:00 +0000 - dagster - INFO - __ASSET_JOB - 63bdf09a-9df6-4446-8bee-04db6d38a2aa - hackernews - Querying time window: 2026-07-21 15:38:48 to 2026-07-21 16:38:48 (1784648328 to 1784651928)...
2026-07-27 06:56:00 +0000 - dagster - INFO - __ASSET_JOB - 63bdf09a-9df6-4446-8bee-04db6d38a2aa - hackernews - Making GET request to https://hn.algolia.com/api/v1/search_by_date?numericFilters=created_at_i%3E%3D1784648328%2Ccreated_at_i%3C1784651928&hitsPerPage=1000
2026-07-27 06:56:00 +0000 - dagster - INFO - __ASSET_JOB - 63bdf09a-9df6-4446-8bee-04db6d38a2aa - hackernews - Retrieved 829 items in this window.
2026-07-27 06:56:00 +0000 - dagster - INFO - __ASSET_JOB - 63bdf09a-9df6-4446-8bee-04db6d38a2aa - hackernews - Querying time window: 2026-07-21 16:38:48 to 2026-07-21 17:38:48 (1784651928 to 1784655528)...
2026-07-27 06:56:00 +0000 - dagster - INFO - __ASSET_JOB - 63bdf09a-9df6-4446-8bee-04db6d38a2aa - hackernews - Making GET request to https://hn.algolia.com/api/v1/search_by_date?numericFilters=created_at_i%3E%3D1784651928%2Ccreated_at_i%3C1784655528&hitsPerPage=1000
2026-07-27 06:56:01 +0000 - dagster - INFO - __ASSET_JOB - 63bdf09a-9df6-4446-8bee-04db6d38a2aa - hackernews - Retrieved 757 items in this window.
2026-07-27 06:56:01 +0000 - dagster - INFO - __ASSET_JOB - 63bdf09a-9df6-4446-8bee-04db6d38a2aa - hackernews - Querying time window: 2026-07-21 17:38:48 to 2026-07-21 18:38:48 (1784655528 to 1784659128)...
2026-07-27 06:56:01 +0000 - dagster - INFO - __ASSET_JOB - 63bdf09a-9df6-4446-8bee-04db6d38a2aa - hackernews - Making GET request to https://hn.algolia.com/api/v1/search_by_date?numericFilters=created_at_i%3E%3D1784655528%2Ccreated_at_i%3C1784659128&hitsPerPage=1000
2026-07-27 06:56:01 +0000 - dagster - INFO - __ASSET_JOB - 63bdf09a-9df6-4446-8bee-04db6d38a2aa - hackernews - Retrieved 679 items in this window.
2026-07-27 06:56:01 +0000 - dagster - INFO - __ASSET_JOB - 63bdf09a-9df6-4446-8bee-04db6d38a2aa - hackernews - Querying time window: 2026-07-21 18:38:48 to 2026-07-21 19:38:48 (1784659128 to 1784662728)...
2026-07-27 06:56:01 +0000 - dagster - INFO - __ASSET_JOB - 63bdf09a-9df6-4446-8bee-04db6d38a2aa - hackernews - Making GET request to https://hn.algolia.com/api/v1/search_by_date?numericFilters=created_at_i%3E%3D1784659128%2Ccreated_at_i%3C1784662728&hitsPerPage=1000
2026-07-27 06:56:02 +0000 - dagster - INFO - __ASSET_JOB - 63bdf09a-9df6-4446-8bee-04db6d38a2aa - hackernews - Retrieved 766 items in this window.
2026-07-27 06:56:02 +0000 - dagster - INFO - __ASSET_JOB - 63bdf09a-9df6-4446-8bee-04db6d38a2aa - hackernews - Querying time window: 2026-07-21 19:38:48 to 2026-07-21 20:38:48 (1784662728 to 1784666328)...
2026-07-27 06:56:02 +0000 - dagster - INFO - __ASSET_JOB - 63bdf09a-9df6-4446-8bee-04db6d38a2aa - hackernews - Making GET request to https://hn.algolia.com/api/v1/search_by_date?numericFilters=created_at_i%3E%3D1784662728%2Ccreated_at_i%3C1784666328&hitsPerPage=1000
2026-07-27 06:56:02 +0000 - dagster - INFO - __ASSET_JOB - 63bdf09a-9df6-4446-8bee-04db6d38a2aa - hackernews - Retrieved 701 items in this window.
2026-07-27 06:56:02 +0000 - dagster - INFO - __ASSET_JOB - 63bdf09a-9df6-4446-8bee-04db6d38a2aa - hackernews - Querying time window: 2026-07-21 20:38:48 to 2026-07-21 21:38:48 (1784666328 to 1784669928)...
2026-07-27 06:56:02 +0000 - dagster - INFO - __ASSET_JOB - 63bdf09a-9df6-4446-8bee-04db6d38a2aa - hackernews - Making GET request to https://hn.algolia.com/api/v1/search_by_date?numericFilters=created_at_i%3E%3D1784666328%2Ccreated_at_i%3C1784669928&hitsPerPage=1000
2026-07-27 06:56:03 +0000 - dagster - INFO - __ASSET_JOB - 63bdf09a-9df6-4446-8bee-04db6d38a2aa - hackernews - Retrieved 722 items in this window.
2026-07-27 06:56:03 +0000 - dagster - INFO - __ASSET_JOB - 63bdf09a-9df6-4446-8bee-04db6d38a2aa - hackernews - Querying time window: 2026-07-21 21:38:48 to 2026-07-21 22:38:48 (1784669928 to 1784673528)...
2026-07-27 06:56:03 +0000 - dagster - INFO - __ASSET_JOB - 63bdf09a-9df6-4446-8bee-04db6d38a2aa - hackernews - Making GET request to https://hn.algolia.com/api/v1/search_by_date?numericFilters=created_at_i%3E%3D1784669928%2Ccreated_at_i%3C1784673528&hitsPerPage=1000
2026-07-27 06:56:03 +0000 - dagster - INFO - __ASSET_JOB - 63bdf09a-9df6-4446-8bee-04db6d38a2aa - hackernews - Retrieved 528 items in this window.
2026-07-27 06:56:03 +0000 - dagster - INFO - __ASSET_JOB - 63bdf09a-9df6-4446-8bee-04db6d38a2aa - hackernews - Querying time window: 2026-07-21 22:38:48 to 2026-07-21 23:38:48 (1784673528 to 1784677128)...
2026-07-27 06:56:03 +0000 - dagster - INFO - __ASSET_JOB - 63bdf09a-9df6-4446-8bee-04db6d38a2aa - hackernews - Making GET request to https://hn.algolia.com/api/v1/search_by_date?numericFilters=created_at_i%3E%3D1784673528%2Ccreated_at_i%3C1784677128&hitsPerPage=1000
2026-07-27 06:56:04 +0000 - dagster - INFO - __ASSET_JOB - 63bdf09a-9df6-4446-8bee-04db6d38a2aa - hackernews - Retrieved 491 items in this window.
2026-07-27 06:56:04 +0000 - dagster - INFO - __ASSET_JOB - 63bdf09a-9df6-4446-8bee-04db6d38a2aa - hackernews - Querying time window: 2026-07-21 23:38:48 to 2026-07-22 00:38:48 (1784677128 to 1784680728)...
2026-07-27 06:56:04 +0000 - dagster - INFO - __ASSET_JOB - 63bdf09a-9df6-4446-8bee-04db6d38a2aa - hackernews - Making GET request to https://hn.algolia.com/api/v1/search_by_date?numericFilters=created_at_i%3E%3D1784677128%2Ccreated_at_i%3C1784680728&hitsPerPage=1000
2026-07-27 06:56:04 +0000 - dagster - INFO - __ASSET_JOB - 63bdf09a-9df6-4446-8bee-04db6d38a2aa - hackernews - Retrieved 434 items in this window.
2026-07-27 06:56:04 +0000 - dagster - INFO - __ASSET_JOB - 63bdf09a-9df6-4446-8bee-04db6d38a2aa - hackernews - Querying time window: 2026-07-22 00:38:48 to 2026-07-22 01:38:48 (1784680728 to 1784684328)...
2026-07-27 06:56:04 +0000 - dagster - INFO - __ASSET_JOB - 63bdf09a-9df6-4446-8bee-04db6d38a2aa - hackernews - Making GET request to https://hn.algolia.com/api/v1/search_by_date?numericFilters=created_at_i%3E%3D1784680728%2Ccreated_at_i%3C1784684328&hitsPerPage=1000
2026-07-27 06:56:04 +0000 - dagster - INFO - __ASSET_JOB - 63bdf09a-9df6-4446-8bee-04db6d38a2aa - hackernews - Retrieved 361 items in this window.
2026-07-27 06:56:04 +0000 - dagster - INFO - __ASSET_JOB - 63bdf09a-9df6-4446-8bee-04db6d38a2aa - hackernews - Querying time window: 2026-07-22 01:38:48 to 2026-07-22 02:38:48 (1784684328 to 1784687928)...
2026-07-27 06:56:04 +0000 - dagster - INFO - __ASSET_JOB - 63bdf09a-9df6-4446-8bee-04db6d38a2aa - hackernews - Making GET request to https://hn.algolia.com/api/v1/search_by_date?numericFilters=created_at_i%3E%3D1784684328%2Ccreated_at_i%3C1784687928&hitsPerPage=1000
2026-07-27 06:56:05 +0000 - dagster - INFO - __ASSET_JOB - 63bdf09a-9df6-4446-8bee-04db6d38a2aa - hackernews - Retrieved 362 items in this window.
2026-07-27 06:56:05 +0000 - dagster - INFO - __ASSET_JOB - 63bdf09a-9df6-4446-8bee-04db6d38a2aa - hackernews - Querying time window: 2026-07-22 02:38:48 to 2026-07-22 03:38:48 (1784687928 to 1784691528)...
2026-07-27 06:56:05 +0000 - dagster - INFO - __ASSET_JOB - 63bdf09a-9df6-4446-8bee-04db6d38a2aa - hackernews - Making GET request to https://hn.algolia.com/api/v1/search_by_date?numericFilters=created_at_i%3E%3D1784687928%2Ccreated_at_i%3C1784691528&hitsPerPage=1000
2026-07-27 06:56:05 +0000 - dagster - INFO - __ASSET_JOB - 63bdf09a-9df6-4446-8bee-04db6d38a2aa - hackernews - Retrieved 366 items in this window.
2026-07-27 06:56:05 +0000 - dagster - INFO - __ASSET_JOB - 63bdf09a-9df6-4446-8bee-04db6d38a2aa - hackernews - Querying time window: 2026-07-22 03:38:48 to 2026-07-22 04:38:48 (1784691528 to 1784695128)...
2026-07-27 06:56:05 +0000 - dagster - INFO - __ASSET_JOB - 63bdf09a-9df6-4446-8bee-04db6d38a2aa - hackernews - Making GET request to https://hn.algolia.com/api/v1/search_by_date?numericFilters=created_at_i%3E%3D1784691528%2Ccreated_at_i%3C1784695128&hitsPerPage=1000
2026-07-27 06:56:05 +0000 - dagster - INFO - __ASSET_JOB - 63bdf09a-9df6-4446-8bee-04db6d38a2aa - hackernews - Retrieved 336 items in this window.
2026-07-27 06:56:05 +0000 - dagster - INFO - __ASSET_JOB - 63bdf09a-9df6-4446-8bee-04db6d38a2aa - hackernews - Querying time window: 2026-07-22 04:38:48 to 2026-07-22 05:38:48 (1784695128 to 1784698728)...
2026-07-27 06:56:05 +0000 - dagster - INFO - __ASSET_JOB - 63bdf09a-9df6-4446-8bee-04db6d38a2aa - hackernews - Making GET request to https://hn.algolia.com/api/v1/search_by_date?numericFilters=created_at_i%3E%3D1784695128%2Ccreated_at_i%3C1784698728&hitsPerPage=1000
2026-07-27 06:56:06 +0000 - dagster - INFO - __ASSET_JOB - 63bdf09a-9df6-4446-8bee-04db6d38a2aa - hackernews - Retrieved 268 items in this window.
2026-07-27 06:56:06 +0000 - dagster - INFO - __ASSET_JOB - 63bdf09a-9df6-4446-8bee-04db6d38a2aa - hackernews - Querying time window: 2026-07-22 05:38:48 to 2026-07-22 06:38:48 (1784698728 to 1784702328)...
2026-07-27 06:56:06 +0000 - dagster - INFO - __ASSET_JOB - 63bdf09a-9df6-4446-8bee-04db6d38a2aa - hackernews - Making GET request to https://hn.algolia.com/api/v1/search_by_date?numericFilters=created_at_i%3E%3D1784698728%2Ccreated_at_i%3C1784702328&hitsPerPage=1000
2026-07-27 06:56:06 +0000 - dagster - INFO - __ASSET_JOB - 63bdf09a-9df6-4446-8bee-04db6d38a2aa - hackernews - Retrieved 343 items in this window.
2026-07-27 06:56:06 +0000 - dagster - INFO - __ASSET_JOB - 63bdf09a-9df6-4446-8bee-04db6d38a2aa - hackernews - Querying time window: 2026-07-22 06:38:48 to 2026-07-22 07:38:48 (1784702328 to 1784705928)...
2026-07-27 06:56:06 +0000 - dagster - INFO - __ASSET_JOB - 63bdf09a-9df6-4446-8bee-04db6d38a2aa - hackernews - Making GET request to https://hn.algolia.com/api/v1/search_by_date?numericFilters=created_at_i%3E%3D1784702328%2Ccreated_at_i%3C1784705928&hitsPerPage=1000
2026-07-27 06:56:06 +0000 - dagster - INFO - __ASSET_JOB - 63bdf09a-9df6-4446-8bee-04db6d38a2aa - hackernews - Retrieved 391 items in this window.
2026-07-27 06:56:07 +0000 - dagster - INFO - __ASSET_JOB - 63bdf09a-9df6-4446-8bee-04db6d38a2aa - hackernews - Querying time window: 2026-07-22 07:38:48 to 2026-07-22 08:38:48 (1784705928 to 1784709528)...
2026-07-27 06:56:07 +0000 - dagster - INFO - __ASSET_JOB - 63bdf09a-9df6-4446-8bee-04db6d38a2aa - hackernews - Making GET request to https://hn.algolia.com/api/v1/search_by_date?numericFilters=created_at_i%3E%3D1784705928%2Ccreated_at_i%3C1784709528&hitsPerPage=1000
2026-07-27 06:56:07 +0000 - dagster - INFO - __ASSET_JOB - 63bdf09a-9df6-4446-8bee-04db6d38a2aa - hackernews - Retrieved 411 items in this window.
2026-07-27 06:56:07 +0000 - dagster - INFO - __ASSET_JOB - 63bdf09a-9df6-4446-8bee-04db6d38a2aa - hackernews - Querying time window: 2026-07-22 08:38:48 to 2026-07-22 09:38:48 (1784709528 to 1784713128)...
2026-07-27 06:56:07 +0000 - dagster - INFO - __ASSET_JOB - 63bdf09a-9df6-4446-8bee-04db6d38a2aa - hackernews - Making GET request to https://hn.algolia.com/api/v1/search_by_date?numericFilters=created_at_i%3E%3D1784709528%2Ccreated_at_i%3C1784713128&hitsPerPage=1000
2026-07-27 06:56:07 +0000 - dagster - INFO - __ASSET_JOB - 63bdf09a-9df6-4446-8bee-04db6d38a2aa - hackernews - Retrieved 446 items in this window.
2026-07-27 06:56:07 +0000 - dagster - INFO - __ASSET_JOB - 63bdf09a-9df6-4446-8bee-04db6d38a2aa - hackernews - Querying time window: 2026-07-22 09:38:48 to 2026-07-22 10:38:48 (1784713128 to 1784716728)...
2026-07-27 06:56:07 +0000 - dagster - INFO - __ASSET_JOB - 63bdf09a-9df6-4446-8bee-04db6d38a2aa - hackernews - Making GET request to https://hn.algolia.com/api/v1/search_by_date?numericFilters=created_at_i%3E%3D1784713128%2Ccreated_at_i%3C1784716728&hitsPerPage=1000
2026-07-27 06:56:08 +0000 - dagster - INFO - __ASSET_JOB - 63bdf09a-9df6-4446-8bee-04db6d38a2aa - hackernews - Retrieved 454 items in this window.
2026-07-27 06:56:08 +0000 - dagster - INFO - __ASSET_JOB - 63bdf09a-9df6-4446-8bee-04db6d38a2aa - hackernews - Querying time window: 2026-07-22 10:38:48 to 2026-07-22 11:38:48 (1784716728 to 1784720328)...
2026-07-27 06:56:08 +0000 - dagster - INFO - __ASSET_JOB - 63bdf09a-9df6-4446-8bee-04db6d38a2aa - hackernews - Making GET request to https://hn.algolia.com/api/v1/search_by_date?numericFilters=created_at_i%3E%3D1784716728%2Ccreated_at_i%3C1784720328&hitsPerPage=1000
2026-07-27 06:56:08 +0000 - dagster - INFO - __ASSET_JOB - 63bdf09a-9df6-4446-8bee-04db6d38a2aa - hackernews - Retrieved 492 items in this window.
2026-07-27 06:56:08 +0000 - dagster - INFO - __ASSET_JOB - 63bdf09a-9df6-4446-8bee-04db6d38a2aa - hackernews - Querying time window: 2026-07-22 11:38:48 to 2026-07-22 12:38:48 (1784720328 to 1784723928)...
2026-07-27 06:56:08 +0000 - dagster - INFO - __ASSET_JOB - 63bdf09a-9df6-4446-8bee-04db6d38a2aa - hackernews - Making GET request to https://hn.algolia.com/api/v1/search_by_date?numericFilters=created_at_i%3E%3D1784720328%2Ccreated_at_i%3C1784723928&hitsPerPage=1000
2026-07-27 06:56:09 +0000 - dagster - INFO - __ASSET_JOB - 63bdf09a-9df6-4446-8bee-04db6d38a2aa - hackernews - Retrieved 588 items in this window.
2026-07-27 06:56:09 +0000 - dagster - INFO - __ASSET_JOB - 63bdf09a-9df6-4446-8bee-04db6d38a2aa - hackernews - Querying time window: 2026-07-22 12:38:48 to 2026-07-22 13:38:48 (1784723928 to 1784727528)...
2026-07-27 06:56:09 +0000 - dagster - INFO - __ASSET_JOB - 63bdf09a-9df6-4446-8bee-04db6d38a2aa - hackernews - Making GET request to https://hn.algolia.com/api/v1/search_by_date?numericFilters=created_at_i%3E%3D1784723928%2Ccreated_at_i%3C1784727528&hitsPerPage=1000
2026-07-27 06:56:09 +0000 - dagster - INFO - __ASSET_JOB - 63bdf09a-9df6-4446-8bee-04db6d38a2aa - hackernews - Retrieved 712 items in this window.
2026-07-27 06:56:09 +0000 - dagster - INFO - __ASSET_JOB - 63bdf09a-9df6-4446-8bee-04db6d38a2aa - hackernews - Querying time window: 2026-07-22 13:38:48 to 2026-07-22 14:38:48 (1784727528 to 1784731128)...
2026-07-27 06:56:09 +0000 - dagster - INFO - __ASSET_JOB - 63bdf09a-9df6-4446-8bee-04db6d38a2aa - hackernews - Making GET request to https://hn.algolia.com/api/v1/search_by_date?numericFilters=created_at_i%3E%3D1784727528%2Ccreated_at_i%3C1784731128&hitsPerPage=1000
2026-07-27 06:56:09 +0000 - dagster - INFO - __ASSET_JOB - 63bdf09a-9df6-4446-8bee-04db6d38a2aa - hackernews - Retrieved 815 items in this window.
2026-07-27 06:56:09 +0000 - dagster - INFO - __ASSET_JOB - 63bdf09a-9df6-4446-8bee-04db6d38a2aa - hackernews - Querying time window: 2026-07-22 14:38:48 to 2026-07-22 15:38:48 (1784731128 to 1784734728)...
2026-07-27 06:56:09 +0000 - dagster - INFO - __ASSET_JOB - 63bdf09a-9df6-4446-8bee-04db6d38a2aa - hackernews - Making GET request to https://hn.algolia.com/api/v1/search_by_date?numericFilters=created_at_i%3E%3D1784731128%2Ccreated_at_i%3C1784734728&hitsPerPage=1000
2026-07-27 06:56:10 +0000 - dagster - INFO - __ASSET_JOB - 63bdf09a-9df6-4446-8bee-04db6d38a2aa - hackernews - Retrieved 877 items in this window.
2026-07-27 06:56:10 +0000 - dagster - INFO - __ASSET_JOB - 63bdf09a-9df6-4446-8bee-04db6d38a2aa - hackernews - Querying time window: 2026-07-22 15:38:48 to 2026-07-22 16:38:48 (1784734728 to 1784738328)...
2026-07-27 06:56:10 +0000 - dagster - INFO - __ASSET_JOB - 63bdf09a-9df6-4446-8bee-04db6d38a2aa - hackernews - Making GET request to https://hn.algolia.com/api/v1/search_by_date?numericFilters=created_at_i%3E%3D1784734728%2Ccreated_at_i%3C1784738328&hitsPerPage=1000
2026-07-27 06:56:11 +0000 - dagster - INFO - __ASSET_JOB - 63bdf09a-9df6-4446-8bee-04db6d38a2aa - hackernews - Retrieved 926 items in this window.
2026-07-27 06:56:11 +0000 - dagster - INFO - __ASSET_JOB - 63bdf09a-9df6-4446-8bee-04db6d38a2aa - hackernews - Querying time window: 2026-07-22 16:38:48 to 2026-07-22 17:38:48 (1784738328 to 1784741928)...
2026-07-27 06:56:11 +0000 - dagster - INFO - __ASSET_JOB - 63bdf09a-9df6-4446-8bee-04db6d38a2aa - hackernews - Making GET request to https://hn.algolia.com/api/v1/search_by_date?numericFilters=created_at_i%3E%3D1784738328%2Ccreated_at_i%3C1784741928&hitsPerPage=1000
2026-07-27 06:56:11 +0000 - dagster - INFO - __ASSET_JOB - 63bdf09a-9df6-4446-8bee-04db6d38a2aa - hackernews - Retrieved 830 items in this window.
2026-07-27 06:56:11 +0000 - dagster - INFO - __ASSET_JOB - 63bdf09a-9df6-4446-8bee-04db6d38a2aa - hackernews - Querying time window: 2026-07-22 17:38:48 to 2026-07-22 18:38:48 (1784741928 to 1784745528)...
2026-07-27 06:56:11 +0000 - dagster - INFO - __ASSET_JOB - 63bdf09a-9df6-4446-8bee-04db6d38a2aa - hackernews - Making GET request to https://hn.algolia.com/api/v1/search_by_date?numericFilters=created_at_i%3E%3D1784741928%2Ccreated_at_i%3C1784745528&hitsPerPage=1000
2026-07-27 06:56:12 +0000 - dagster - INFO - __ASSET_JOB - 63bdf09a-9df6-4446-8bee-04db6d38a2aa - hackernews - Retrieved 847 items in this window.
2026-07-27 06:56:12 +0000 - dagster - INFO - __ASSET_JOB - 63bdf09a-9df6-4446-8bee-04db6d38a2aa - hackernews - Querying time window: 2026-07-22 18:38:48 to 2026-07-22 19:38:48 (1784745528 to 1784749128)...
2026-07-27 06:56:12 +0000 - dagster - INFO - __ASSET_JOB - 63bdf09a-9df6-4446-8bee-04db6d38a2aa - hackernews - Making GET request to https://hn.algolia.com/api/v1/search_by_date?numericFilters=created_at_i%3E%3D1784745528%2Ccreated_at_i%3C1784749128&hitsPerPage=1000
2026-07-27 06:56:12 +0000 - dagster - INFO - __ASSET_JOB - 63bdf09a-9df6-4446-8bee-04db6d38a2aa - hackernews - Retrieved 819 items in this window.
2026-07-27 06:56:12 +0000 - dagster - INFO - __ASSET_JOB - 63bdf09a-9df6-4446-8bee-04db6d38a2aa - hackernews - Querying time window: 2026-07-22 19:38:48 to 2026-07-22 20:38:48 (1784749128 to 1784752728)...
2026-07-27 06:56:12 +0000 - dagster - INFO - __ASSET_JOB - 63bdf09a-9df6-4446-8bee-04db6d38a2aa - hackernews - Making GET request to https://hn.algolia.com/api/v1/search_by_date?numericFilters=created_at_i%3E%3D1784749128%2Ccreated_at_i%3C1784752728&hitsPerPage=1000
2026-07-27 06:56:13 +0000 - dagster - INFO - __ASSET_JOB - 63bdf09a-9df6-4446-8bee-04db6d38a2aa - hackernews - Retrieved 708 items in this window.
2026-07-27 06:56:13 +0000 - dagster - INFO - __ASSET_JOB - 63bdf09a-9df6-4446-8bee-04db6d38a2aa - hackernews - Querying time window: 2026-07-22 20:38:48 to 2026-07-22 21:38:48 (1784752728 to 1784756328)...
2026-07-27 06:56:13 +0000 - dagster - INFO - __ASSET_JOB - 63bdf09a-9df6-4446-8bee-04db6d38a2aa - hackernews - Making GET request to https://hn.algolia.com/api/v1/search_by_date?numericFilters=created_at_i%3E%3D1784752728%2Ccreated_at_i%3C1784756328&hitsPerPage=1000
2026-07-27 06:56:13 +0000 - dagster - INFO - __ASSET_JOB - 63bdf09a-9df6-4446-8bee-04db6d38a2aa - hackernews - Retrieved 662 items in this window.
2026-07-27 06:56:13 +0000 - dagster - INFO - __ASSET_JOB - 63bdf09a-9df6-4446-8bee-04db6d38a2aa - hackernews - Querying time window: 2026-07-22 21:38:48 to 2026-07-22 22:38:48 (1784756328 to 1784759928)...
2026-07-27 06:56:13 +0000 - dagster - INFO - __ASSET_JOB - 63bdf09a-9df6-4446-8bee-04db6d38a2aa - hackernews - Making GET request to https://hn.algolia.com/api/v1/search_by_date?numericFilters=created_at_i%3E%3D1784756328%2Ccreated_at_i%3C1784759928&hitsPerPage=1000
2026-07-27 06:56:14 +0000 - dagster - INFO - __ASSET_JOB - 63bdf09a-9df6-4446-8bee-04db6d38a2aa - hackernews - Retrieved 576 items in this window.
2026-07-27 06:56:14 +0000 - dagster - INFO - __ASSET_JOB - 63bdf09a-9df6-4446-8bee-04db6d38a2aa - hackernews - Querying time window: 2026-07-22 22:38:48 to 2026-07-22 23:38:48 (1784759928 to 1784763528)...
2026-07-27 06:56:14 +0000 - dagster - INFO - __ASSET_JOB - 63bdf09a-9df6-4446-8bee-04db6d38a2aa - hackernews - Making GET request to https://hn.algolia.com/api/v1/search_by_date?numericFilters=created_at_i%3E%3D1784759928%2Ccreated_at_i%3C1784763528&hitsPerPage=1000
2026-07-27 06:56:14 +0000 - dagster - INFO - __ASSET_JOB - 63bdf09a-9df6-4446-8bee-04db6d38a2aa - hackernews - Retrieved 467 items in this window.
2026-07-27 06:56:14 +0000 - dagster - INFO - __ASSET_JOB - 63bdf09a-9df6-4446-8bee-04db6d38a2aa - hackernews - Querying time window: 2026-07-22 23:38:48 to 2026-07-23 00:38:48 (1784763528 to 1784767128)...
2026-07-27 06:56:14 +0000 - dagster - INFO - __ASSET_JOB - 63bdf09a-9df6-4446-8bee-04db6d38a2aa - hackernews - Making GET request to https://hn.algolia.com/api/v1/search_by_date?numericFilters=created_at_i%3E%3D1784763528%2Ccreated_at_i%3C1784767128&hitsPerPage=1000
2026-07-27 06:56:15 +0000 - dagster - INFO - __ASSET_JOB - 63bdf09a-9df6-4446-8bee-04db6d38a2aa - hackernews - Retrieved 395 items in this window.
2026-07-27 06:56:15 +0000 - dagster - INFO - __ASSET_JOB - 63bdf09a-9df6-4446-8bee-04db6d38a2aa - hackernews - Querying time window: 2026-07-23 00:38:48 to 2026-07-23 01:38:48 (1784767128 to 1784770728)...
2026-07-27 06:56:15 +0000 - dagster - INFO - __ASSET_JOB - 63bdf09a-9df6-4446-8bee-04db6d38a2aa - hackernews - Making GET request to https://hn.algolia.com/api/v1/search_by_date?numericFilters=created_at_i%3E%3D1784767128%2Ccreated_at_i%3C1784770728&hitsPerPage=1000
2026-07-27 06:56:15 +0000 - dagster - INFO - __ASSET_JOB - 63bdf09a-9df6-4446-8bee-04db6d38a2aa - hackernews - Retrieved 316 items in this window.
2026-07-27 06:56:15 +0000 - dagster - INFO - __ASSET_JOB - 63bdf09a-9df6-4446-8bee-04db6d38a2aa - hackernews - Querying time window: 2026-07-23 01:38:48 to 2026-07-23 02:38:48 (1784770728 to 1784774328)...
2026-07-27 06:56:15 +0000 - dagster - INFO - __ASSET_JOB - 63bdf09a-9df6-4446-8bee-04db6d38a2aa - hackernews - Making GET request to https://hn.algolia.com/api/v1/search_by_date?numericFilters=created_at_i%3E%3D1784770728%2Ccreated_at_i%3C1784774328&hitsPerPage=1000
2026-07-27 06:56:15 +0000 - dagster - INFO - __ASSET_JOB - 63bdf09a-9df6-4446-8bee-04db6d38a2aa - hackernews - Retrieved 363 items in this window.
2026-07-27 06:56:15 +0000 - dagster - INFO - __ASSET_JOB - 63bdf09a-9df6-4446-8bee-04db6d38a2aa - hackernews - Querying time window: 2026-07-23 02:38:48 to 2026-07-23 03:38:48 (1784774328 to 1784777928)...
2026-07-27 06:56:15 +0000 - dagster - INFO - __ASSET_JOB - 63bdf09a-9df6-4446-8bee-04db6d38a2aa - hackernews - Making GET request to https://hn.algolia.com/api/v1/search_by_date?numericFilters=created_at_i%3E%3D1784774328%2Ccreated_at_i%3C1784777928&hitsPerPage=1000
2026-07-27 06:56:16 +0000 - dagster - INFO - __ASSET_JOB - 63bdf09a-9df6-4446-8bee-04db6d38a2aa - hackernews - Retrieved 381 items in this window.
2026-07-27 06:56:16 +0000 - dagster - INFO - __ASSET_JOB - 63bdf09a-9df6-4446-8bee-04db6d38a2aa - hackernews - Querying time window: 2026-07-23 03:38:48 to 2026-07-23 04:38:48 (1784777928 to 1784781528)...
2026-07-27 06:56:16 +0000 - dagster - INFO - __ASSET_JOB - 63bdf09a-9df6-4446-8bee-04db6d38a2aa - hackernews - Making GET request to https://hn.algolia.com/api/v1/search_by_date?numericFilters=created_at_i%3E%3D1784777928%2Ccreated_at_i%3C1784781528&hitsPerPage=1000
2026-07-27 06:56:16 +0000 - dagster - INFO - __ASSET_JOB - 63bdf09a-9df6-4446-8bee-04db6d38a2aa - hackernews - Retrieved 328 items in this window.
2026-07-27 06:56:16 +0000 - dagster - INFO - __ASSET_JOB - 63bdf09a-9df6-4446-8bee-04db6d38a2aa - hackernews - Querying time window: 2026-07-23 04:38:48 to 2026-07-23 05:38:48 (1784781528 to 1784785128)...
2026-07-27 06:56:16 +0000 - dagster - INFO - __ASSET_JOB - 63bdf09a-9df6-4446-8bee-04db6d38a2aa - hackernews - Making GET request to https://hn.algolia.com/api/v1/search_by_date?numericFilters=created_at_i%3E%3D1784781528%2Ccreated_at_i%3C1784785128&hitsPerPage=1000
2026-07-27 06:56:16 +0000 - dagster - INFO - __ASSET_JOB - 63bdf09a-9df6-4446-8bee-04db6d38a2aa - hackernews - Retrieved 292 items in this window.
2026-07-27 06:56:16 +0000 - dagster - INFO - __ASSET_JOB - 63bdf09a-9df6-4446-8bee-04db6d38a2aa - hackernews - Querying time window: 2026-07-23 05:38:48 to 2026-07-23 06:38:48 (1784785128 to 1784788728)...
2026-07-27 06:56:16 +0000 - dagster - INFO - __ASSET_JOB - 63bdf09a-9df6-4446-8bee-04db6d38a2aa - hackernews - Making GET request to https://hn.algolia.com/api/v1/search_by_date?numericFilters=created_at_i%3E%3D1784785128%2Ccreated_at_i%3C1784788728&hitsPerPage=1000
2026-07-27 06:56:17 +0000 - dagster - INFO - __ASSET_JOB - 63bdf09a-9df6-4446-8bee-04db6d38a2aa - hackernews - Retrieved 305 items in this window.
2026-07-27 06:56:17 +0000 - dagster - INFO - __ASSET_JOB - 63bdf09a-9df6-4446-8bee-04db6d38a2aa - hackernews - Querying time window: 2026-07-23 06:38:48 to 2026-07-23 07:38:48 (1784788728 to 1784792328)...
2026-07-27 06:56:17 +0000 - dagster - INFO - __ASSET_JOB - 63bdf09a-9df6-4446-8bee-04db6d38a2aa - hackernews - Making GET request to https://hn.algolia.com/api/v1/search_by_date?numericFilters=created_at_i%3E%3D1784788728%2Ccreated_at_i%3C1784792328&hitsPerPage=1000
2026-07-27 06:56:17 +0000 - dagster - INFO - __ASSET_JOB - 63bdf09a-9df6-4446-8bee-04db6d38a2aa - hackernews - Retrieved 348 items in this window.
2026-07-27 06:56:17 +0000 - dagster - INFO - __ASSET_JOB - 63bdf09a-9df6-4446-8bee-04db6d38a2aa - hackernews - Querying time window: 2026-07-23 07:38:48 to 2026-07-23 08:38:48 (1784792328 to 1784795928)...
2026-07-27 06:56:17 +0000 - dagster - INFO - __ASSET_JOB - 63bdf09a-9df6-4446-8bee-04db6d38a2aa - hackernews - Making GET request to https://hn.algolia.com/api/v1/search_by_date?numericFilters=created_at_i%3E%3D1784792328%2Ccreated_at_i%3C1784795928&hitsPerPage=1000
2026-07-27 06:56:17 +0000 - dagster - INFO - __ASSET_JOB - 63bdf09a-9df6-4446-8bee-04db6d38a2aa - hackernews - Retrieved 365 items in this window.
2026-07-27 06:56:17 +0000 - dagster - INFO - __ASSET_JOB - 63bdf09a-9df6-4446-8bee-04db6d38a2aa - hackernews - Querying time window: 2026-07-23 08:38:48 to 2026-07-23 09:38:48 (1784795928 to 1784799528)...
2026-07-27 06:56:17 +0000 - dagster - INFO - __ASSET_JOB - 63bdf09a-9df6-4446-8bee-04db6d38a2aa - hackernews - Making GET request to https://hn.algolia.com/api/v1/search_by_date?numericFilters=created_at_i%3E%3D1784795928%2Ccreated_at_i%3C1784799528&hitsPerPage=1000
2026-07-27 06:56:18 +0000 - dagster - INFO - __ASSET_JOB - 63bdf09a-9df6-4446-8bee-04db6d38a2aa - hackernews - Retrieved 410 items in this window.
2026-07-27 06:56:18 +0000 - dagster - INFO - __ASSET_JOB - 63bdf09a-9df6-4446-8bee-04db6d38a2aa - hackernews - Querying time window: 2026-07-23 09:38:48 to 2026-07-23 10:38:48 (1784799528 to 1784803128)...
2026-07-27 06:56:18 +0000 - dagster - INFO - __ASSET_JOB - 63bdf09a-9df6-4446-8bee-04db6d38a2aa - hackernews - Making GET request to https://hn.algolia.com/api/v1/search_by_date?numericFilters=created_at_i%3E%3D1784799528%2Ccreated_at_i%3C1784803128&hitsPerPage=1000
2026-07-27 06:56:18 +0000 - dagster - INFO - __ASSET_JOB - 63bdf09a-9df6-4446-8bee-04db6d38a2aa - hackernews - Retrieved 347 items in this window.
2026-07-27 06:56:18 +0000 - dagster - INFO - __ASSET_JOB - 63bdf09a-9df6-4446-8bee-04db6d38a2aa - hackernews - Querying time window: 2026-07-23 10:38:48 to 2026-07-23 11:38:48 (1784803128 to 1784806728)...
2026-07-27 06:56:18 +0000 - dagster - INFO - __ASSET_JOB - 63bdf09a-9df6-4446-8bee-04db6d38a2aa - hackernews - Making GET request to https://hn.algolia.com/api/v1/search_by_date?numericFilters=created_at_i%3E%3D1784803128%2Ccreated_at_i%3C1784806728&hitsPerPage=1000
2026-07-27 06:56:19 +0000 - dagster - INFO - __ASSET_JOB - 63bdf09a-9df6-4446-8bee-04db6d38a2aa - hackernews - Retrieved 469 items in this window.
2026-07-27 06:56:19 +0000 - dagster - INFO - __ASSET_JOB - 63bdf09a-9df6-4446-8bee-04db6d38a2aa - hackernews - Querying time window: 2026-07-23 11:38:48 to 2026-07-23 12:38:48 (1784806728 to 1784810328)...
2026-07-27 06:56:19 +0000 - dagster - INFO - __ASSET_JOB - 63bdf09a-9df6-4446-8bee-04db6d38a2aa - hackernews - Making GET request to https://hn.algolia.com/api/v1/search_by_date?numericFilters=created_at_i%3E%3D1784806728%2Ccreated_at_i%3C1784810328&hitsPerPage=1000
2026-07-27 06:56:19 +0000 - dagster - INFO - __ASSET_JOB - 63bdf09a-9df6-4446-8bee-04db6d38a2aa - hackernews - Retrieved 583 items in this window.
2026-07-27 06:56:19 +0000 - dagster - INFO - __ASSET_JOB - 63bdf09a-9df6-4446-8bee-04db6d38a2aa - hackernews - Querying time window: 2026-07-23 12:38:48 to 2026-07-23 13:38:48 (1784810328 to 1784813928)...
2026-07-27 06:56:19 +0000 - dagster - INFO - __ASSET_JOB - 63bdf09a-9df6-4446-8bee-04db6d38a2aa - hackernews - Making GET request to https://hn.algolia.com/api/v1/search_by_date?numericFilters=created_at_i%3E%3D1784810328%2Ccreated_at_i%3C1784813928&hitsPerPage=1000
2026-07-27 06:56:20 +0000 - dagster - INFO - __ASSET_JOB - 63bdf09a-9df6-4446-8bee-04db6d38a2aa - hackernews - Retrieved 679 items in this window.
2026-07-27 06:56:20 +0000 - dagster - INFO - __ASSET_JOB - 63bdf09a-9df6-4446-8bee-04db6d38a2aa - hackernews - Querying time window: 2026-07-23 13:38:48 to 2026-07-23 14:38:48 (1784813928 to 1784817528)...
2026-07-27 06:56:20 +0000 - dagster - INFO - __ASSET_JOB - 63bdf09a-9df6-4446-8bee-04db6d38a2aa - hackernews - Making GET request to https://hn.algolia.com/api/v1/search_by_date?numericFilters=created_at_i%3E%3D1784813928%2Ccreated_at_i%3C1784817528&hitsPerPage=1000
2026-07-27 06:56:20 +0000 - dagster - INFO - __ASSET_JOB - 63bdf09a-9df6-4446-8bee-04db6d38a2aa - hackernews - Retrieved 877 items in this window.
2026-07-27 06:56:20 +0000 - dagster - INFO - __ASSET_JOB - 63bdf09a-9df6-4446-8bee-04db6d38a2aa - hackernews - Querying time window: 2026-07-23 14:38:48 to 2026-07-23 15:38:48 (1784817528 to 1784821128)...
2026-07-27 06:56:20 +0000 - dagster - INFO - __ASSET_JOB - 63bdf09a-9df6-4446-8bee-04db6d38a2aa - hackernews - Making GET request to https://hn.algolia.com/api/v1/search_by_date?numericFilters=created_at_i%3E%3D1784817528%2Ccreated_at_i%3C1784821128&hitsPerPage=1000
2026-07-27 06:56:21 +0000 - dagster - INFO - __ASSET_JOB - 63bdf09a-9df6-4446-8bee-04db6d38a2aa - hackernews - Retrieved 844 items in this window.
2026-07-27 06:56:21 +0000 - dagster - INFO - __ASSET_JOB - 63bdf09a-9df6-4446-8bee-04db6d38a2aa - hackernews - Querying time window: 2026-07-23 15:38:48 to 2026-07-23 16:38:48 (1784821128 to 1784824728)...
2026-07-27 06:56:21 +0000 - dagster - INFO - __ASSET_JOB - 63bdf09a-9df6-4446-8bee-04db6d38a2aa - hackernews - Making GET request to https://hn.algolia.com/api/v1/search_by_date?numericFilters=created_at_i%3E%3D1784821128%2Ccreated_at_i%3C1784824728&hitsPerPage=1000
2026-07-27 06:56:22 +0000 - dagster - WARNING - __ASSET_JOB - 63bdf09a-9df6-4446-8bee-04db6d38a2aa - hackernews - Window 2026-07-23 15:38:48 to 2026-07-23 16:38:48 (1784821128 to 1784824728) has 1007 hits (exceeds Algolia limit of 1000). Shrinking window size from 3600 to 1800 seconds.
2026-07-27 06:56:22 +0000 - dagster - INFO - __ASSET_JOB - 63bdf09a-9df6-4446-8bee-04db6d38a2aa - hackernews - Querying time window: 2026-07-23 15:38:48 to 2026-07-23 16:08:48 (1784821128 to 1784822928)...
2026-07-27 06:56:22 +0000 - dagster - INFO - __ASSET_JOB - 63bdf09a-9df6-4446-8bee-04db6d38a2aa - hackernews - Making GET request to https://hn.algolia.com/api/v1/search_by_date?numericFilters=created_at_i%3E%3D1784821128%2Ccreated_at_i%3C1784822928&hitsPerPage=1000
2026-07-27 06:56:22 +0000 - dagster - INFO - __ASSET_JOB - 63bdf09a-9df6-4446-8bee-04db6d38a2aa - hackernews - Retrieved 531 items in this window.
2026-07-27 06:56:22 +0000 - dagster - INFO - __ASSET_JOB - 63bdf09a-9df6-4446-8bee-04db6d38a2aa - hackernews - Querying time window: 2026-07-23 16:08:48 to 2026-07-23 17:08:48 (1784822928 to 1784826528)...
2026-07-27 06:56:22 +0000 - dagster - INFO - __ASSET_JOB - 63bdf09a-9df6-4446-8bee-04db6d38a2aa - hackernews - Making GET request to https://hn.algolia.com/api/v1/search_by_date?numericFilters=created_at_i%3E%3D1784822928%2Ccreated_at_i%3C1784826528&hitsPerPage=1000
2026-07-27 06:56:23 +0000 - dagster - INFO - __ASSET_JOB - 63bdf09a-9df6-4446-8bee-04db6d38a2aa - hackernews - Retrieved 895 items in this window.
2026-07-27 06:56:23 +0000 - dagster - INFO - __ASSET_JOB - 63bdf09a-9df6-4446-8bee-04db6d38a2aa - hackernews - Querying time window: 2026-07-23 17:08:48 to 2026-07-23 18:08:48 (1784826528 to 1784830128)...
2026-07-27 06:56:23 +0000 - dagster - INFO - __ASSET_JOB - 63bdf09a-9df6-4446-8bee-04db6d38a2aa - hackernews - Making GET request to https://hn.algolia.com/api/v1/search_by_date?numericFilters=created_at_i%3E%3D1784826528%2Ccreated_at_i%3C1784830128&hitsPerPage=1000
2026-07-27 06:56:23 +0000 - dagster - INFO - __ASSET_JOB - 63bdf09a-9df6-4446-8bee-04db6d38a2aa - hackernews - Retrieved 768 items in this window.
2026-07-27 06:56:24 +0000 - dagster - INFO - __ASSET_JOB - 63bdf09a-9df6-4446-8bee-04db6d38a2aa - hackernews - Querying time window: 2026-07-23 18:08:48 to 2026-07-23 19:08:48 (1784830128 to 1784833728)...
2026-07-27 06:56:24 +0000 - dagster - INFO - __ASSET_JOB - 63bdf09a-9df6-4446-8bee-04db6d38a2aa - hackernews - Making GET request to https://hn.algolia.com/api/v1/search_by_date?numericFilters=created_at_i%3E%3D1784830128%2Ccreated_at_i%3C1784833728&hitsPerPage=1000
2026-07-27 06:56:24 +0000 - dagster - INFO - __ASSET_JOB - 63bdf09a-9df6-4446-8bee-04db6d38a2aa - hackernews - Retrieved 731 items in this window.
2026-07-27 06:56:24 +0000 - dagster - INFO - __ASSET_JOB - 63bdf09a-9df6-4446-8bee-04db6d38a2aa - hackernews - Querying time window: 2026-07-23 19:08:48 to 2026-07-23 20:08:48 (1784833728 to 1784837328)...
2026-07-27 06:56:24 +0000 - dagster - INFO - __ASSET_JOB - 63bdf09a-9df6-4446-8bee-04db6d38a2aa - hackernews - Making GET request to https://hn.algolia.com/api/v1/search_by_date?numericFilters=created_at_i%3E%3D1784833728%2Ccreated_at_i%3C1784837328&hitsPerPage=1000
2026-07-27 06:56:24 +0000 - dagster - INFO - __ASSET_JOB - 63bdf09a-9df6-4446-8bee-04db6d38a2aa - hackernews - Retrieved 694 items in this window.
2026-07-27 06:56:24 +0000 - dagster - INFO - __ASSET_JOB - 63bdf09a-9df6-4446-8bee-04db6d38a2aa - hackernews - Querying time window: 2026-07-23 20:08:48 to 2026-07-23 21:08:48 (1784837328 to 1784840928)...
2026-07-27 06:56:24 +0000 - dagster - INFO - __ASSET_JOB - 63bdf09a-9df6-4446-8bee-04db6d38a2aa - hackernews - Making GET request to https://hn.algolia.com/api/v1/search_by_date?numericFilters=created_at_i%3E%3D1784837328%2Ccreated_at_i%3C1784840928&hitsPerPage=1000
2026-07-27 06:56:25 +0000 - dagster - INFO - __ASSET_JOB - 63bdf09a-9df6-4446-8bee-04db6d38a2aa - hackernews - Retrieved 665 items in this window.
2026-07-27 06:56:25 +0000 - dagster - INFO - __ASSET_JOB - 63bdf09a-9df6-4446-8bee-04db6d38a2aa - hackernews - Querying time window: 2026-07-23 21:08:48 to 2026-07-23 22:08:48 (1784840928 to 1784844528)...
2026-07-27 06:56:25 +0000 - dagster - INFO - __ASSET_JOB - 63bdf09a-9df6-4446-8bee-04db6d38a2aa - hackernews - Making GET request to https://hn.algolia.com/api/v1/search_by_date?numericFilters=created_at_i%3E%3D1784840928%2Ccreated_at_i%3C1784844528&hitsPerPage=1000
2026-07-27 06:56:25 +0000 - dagster - INFO - __ASSET_JOB - 63bdf09a-9df6-4446-8bee-04db6d38a2aa - hackernews - Retrieved 569 items in this window.
2026-07-27 06:56:25 +0000 - dagster - INFO - __ASSET_JOB - 63bdf09a-9df6-4446-8bee-04db6d38a2aa - hackernews - Querying time window: 2026-07-23 22:08:48 to 2026-07-23 23:08:48 (1784844528 to 1784848128)...
2026-07-27 06:56:25 +0000 - dagster - INFO - __ASSET_JOB - 63bdf09a-9df6-4446-8bee-04db6d38a2aa - hackernews - Making GET request to https://hn.algolia.com/api/v1/search_by_date?numericFilters=created_at_i%3E%3D1784844528%2Ccreated_at_i%3C1784848128&hitsPerPage=1000
2026-07-27 06:56:26 +0000 - dagster - INFO - __ASSET_JOB - 63bdf09a-9df6-4446-8bee-04db6d38a2aa - hackernews - Retrieved 510 items in this window.
2026-07-27 06:56:26 +0000 - dagster - INFO - __ASSET_JOB - 63bdf09a-9df6-4446-8bee-04db6d38a2aa - hackernews - Querying time window: 2026-07-23 23:08:48 to 2026-07-24 00:08:48 (1784848128 to 1784851728)...
2026-07-27 06:56:26 +0000 - dagster - INFO - __ASSET_JOB - 63bdf09a-9df6-4446-8bee-04db6d38a2aa - hackernews - Making GET request to https://hn.algolia.com/api/v1/search_by_date?numericFilters=created_at_i%3E%3D1784848128%2Ccreated_at_i%3C1784851728&hitsPerPage=1000
2026-07-27 06:56:26 +0000 - dagster - INFO - __ASSET_JOB - 63bdf09a-9df6-4446-8bee-04db6d38a2aa - hackernews - Retrieved 421 items in this window.
2026-07-27 06:56:26 +0000 - dagster - INFO - __ASSET_JOB - 63bdf09a-9df6-4446-8bee-04db6d38a2aa - hackernews - Querying time window: 2026-07-24 00:08:48 to 2026-07-24 01:08:48 (1784851728 to 1784855328)...
2026-07-27 06:56:26 +0000 - dagster - INFO - __ASSET_JOB - 63bdf09a-9df6-4446-8bee-04db6d38a2aa - hackernews - Making GET request to https://hn.algolia.com/api/v1/search_by_date?numericFilters=created_at_i%3E%3D1784851728%2Ccreated_at_i%3C1784855328&hitsPerPage=1000
2026-07-27 06:56:27 +0000 - dagster - INFO - __ASSET_JOB - 63bdf09a-9df6-4446-8bee-04db6d38a2aa - hackernews - Retrieved 372 items in this window.
2026-07-27 06:56:27 +0000 - dagster - INFO - __ASSET_JOB - 63bdf09a-9df6-4446-8bee-04db6d38a2aa - hackernews - Querying time window: 2026-07-24 01:08:48 to 2026-07-24 02:08:48 (1784855328 to 1784858928)...
2026-07-27 06:56:27 +0000 - dagster - INFO - __ASSET_JOB - 63bdf09a-9df6-4446-8bee-04db6d38a2aa - hackernews - Making GET request to https://hn.algolia.com/api/v1/search_by_date?numericFilters=created_at_i%3E%3D1784855328%2Ccreated_at_i%3C1784858928&hitsPerPage=1000
2026-07-27 06:56:27 +0000 - dagster - INFO - __ASSET_JOB - 63bdf09a-9df6-4446-8bee-04db6d38a2aa - hackernews - Retrieved 299 items in this window.
2026-07-27 06:56:27 +0000 - dagster - INFO - __ASSET_JOB - 63bdf09a-9df6-4446-8bee-04db6d38a2aa - hackernews - Querying time window: 2026-07-24 02:08:48 to 2026-07-24 03:08:48 (1784858928 to 1784862528)...
2026-07-27 06:56:27 +0000 - dagster - INFO - __ASSET_JOB - 63bdf09a-9df6-4446-8bee-04db6d38a2aa - hackernews - Making GET request to https://hn.algolia.com/api/v1/search_by_date?numericFilters=created_at_i%3E%3D1784858928%2Ccreated_at_i%3C1784862528&hitsPerPage=1000
2026-07-27 06:56:27 +0000 - dagster - INFO - __ASSET_JOB - 63bdf09a-9df6-4446-8bee-04db6d38a2aa - hackernews - Retrieved 293 items in this window.
2026-07-27 06:56:27 +0000 - dagster - INFO - __ASSET_JOB - 63bdf09a-9df6-4446-8bee-04db6d38a2aa - hackernews - Querying time window: 2026-07-24 03:08:48 to 2026-07-24 04:08:48 (1784862528 to 1784866128)...
2026-07-27 06:56:27 +0000 - dagster - INFO - __ASSET_JOB - 63bdf09a-9df6-4446-8bee-04db6d38a2aa - hackernews - Making GET request to https://hn.algolia.com/api/v1/search_by_date?numericFilters=created_at_i%3E%3D1784862528%2Ccreated_at_i%3C1784866128&hitsPerPage=1000
2026-07-27 06:56:28 +0000 - dagster - INFO - __ASSET_JOB - 63bdf09a-9df6-4446-8bee-04db6d38a2aa - hackernews - Retrieved 278 items in this window.
2026-07-27 06:56:28 +0000 - dagster - INFO - __ASSET_JOB - 63bdf09a-9df6-4446-8bee-04db6d38a2aa - hackernews - Querying time window: 2026-07-24 04:08:48 to 2026-07-24 05:08:48 (1784866128 to 1784869728)...
2026-07-27 06:56:28 +0000 - dagster - INFO - __ASSET_JOB - 63bdf09a-9df6-4446-8bee-04db6d38a2aa - hackernews - Making GET request to https://hn.algolia.com/api/v1/search_by_date?numericFilters=created_at_i%3E%3D1784866128%2Ccreated_at_i%3C1784869728&hitsPerPage=1000
2026-07-27 06:56:28 +0000 - dagster - INFO - __ASSET_JOB - 63bdf09a-9df6-4446-8bee-04db6d38a2aa - hackernews - Retrieved 241 items in this window.
2026-07-27 06:56:28 +0000 - dagster - INFO - __ASSET_JOB - 63bdf09a-9df6-4446-8bee-04db6d38a2aa - hackernews - Querying time window: 2026-07-24 05:08:48 to 2026-07-24 06:08:48 (1784869728 to 1784873328)...
2026-07-27 06:56:28 +0000 - dagster - INFO - __ASSET_JOB - 63bdf09a-9df6-4446-8bee-04db6d38a2aa - hackernews - Making GET request to https://hn.algolia.com/api/v1/search_by_date?numericFilters=created_at_i%3E%3D1784869728%2Ccreated_at_i%3C1784873328&hitsPerPage=1000
2026-07-27 06:56:29 +0000 - dagster - INFO - __ASSET_JOB - 63bdf09a-9df6-4446-8bee-04db6d38a2aa - hackernews - Retrieved 287 items in this window.
2026-07-27 06:56:29 +0000 - dagster - INFO - __ASSET_JOB - 63bdf09a-9df6-4446-8bee-04db6d38a2aa - hackernews - Querying time window: 2026-07-24 06:08:48 to 2026-07-24 07:08:48 (1784873328 to 1784876928)...
2026-07-27 06:56:29 +0000 - dagster - INFO - __ASSET_JOB - 63bdf09a-9df6-4446-8bee-04db6d38a2aa - hackernews - Making GET request to https://hn.algolia.com/api/v1/search_by_date?numericFilters=created_at_i%3E%3D1784873328%2Ccreated_at_i%3C1784876928&hitsPerPage=1000
2026-07-27 06:56:29 +0000 - dagster - INFO - __ASSET_JOB - 63bdf09a-9df6-4446-8bee-04db6d38a2aa - hackernews - Retrieved 351 items in this window.
2026-07-27 06:56:29 +0000 - dagster - INFO - __ASSET_JOB - 63bdf09a-9df6-4446-8bee-04db6d38a2aa - hackernews - Querying time window: 2026-07-24 07:08:48 to 2026-07-24 08:08:48 (1784876928 to 1784880528)...
2026-07-27 06:56:29 +0000 - dagster - INFO - __ASSET_JOB - 63bdf09a-9df6-4446-8bee-04db6d38a2aa - hackernews - Making GET request to https://hn.algolia.com/api/v1/search_by_date?numericFilters=created_at_i%3E%3D1784876928%2Ccreated_at_i%3C1784880528&hitsPerPage=1000
2026-07-27 06:56:30 +0000 - dagster - INFO - __ASSET_JOB - 63bdf09a-9df6-4446-8bee-04db6d38a2aa - hackernews - Retrieved 394 items in this window.
2026-07-27 06:56:30 +0000 - dagster - INFO - __ASSET_JOB - 63bdf09a-9df6-4446-8bee-04db6d38a2aa - hackernews - Querying time window: 2026-07-24 08:08:48 to 2026-07-24 09:08:48 (1784880528 to 1784884128)...
2026-07-27 06:56:30 +0000 - dagster - INFO - __ASSET_JOB - 63bdf09a-9df6-4446-8bee-04db6d38a2aa - hackernews - Making GET request to https://hn.algolia.com/api/v1/search_by_date?numericFilters=created_at_i%3E%3D1784880528%2Ccreated_at_i%3C1784884128&hitsPerPage=1000
2026-07-27 06:56:30 +0000 - dagster - INFO - __ASSET_JOB - 63bdf09a-9df6-4446-8bee-04db6d38a2aa - hackernews - Retrieved 358 items in this window.
2026-07-27 06:56:30 +0000 - dagster - INFO - __ASSET_JOB - 63bdf09a-9df6-4446-8bee-04db6d38a2aa - hackernews - Querying time window: 2026-07-24 09:08:48 to 2026-07-24 10:08:48 (1784884128 to 1784887728)...
2026-07-27 06:56:30 +0000 - dagster - INFO - __ASSET_JOB - 63bdf09a-9df6-4446-8bee-04db6d38a2aa - hackernews - Making GET request to https://hn.algolia.com/api/v1/search_by_date?numericFilters=created_at_i%3E%3D1784884128%2Ccreated_at_i%3C1784887728&hitsPerPage=1000
2026-07-27 06:56:30 +0000 - dagster - INFO - __ASSET_JOB - 63bdf09a-9df6-4446-8bee-04db6d38a2aa - hackernews - Retrieved 295 items in this window.
2026-07-27 06:56:30 +0000 - dagster - INFO - __ASSET_JOB - 63bdf09a-9df6-4446-8bee-04db6d38a2aa - hackernews - Querying time window: 2026-07-24 10:08:48 to 2026-07-24 11:08:48 (1784887728 to 1784891328)...
2026-07-27 06:56:30 +0000 - dagster - INFO - __ASSET_JOB - 63bdf09a-9df6-4446-8bee-04db6d38a2aa - hackernews - Making GET request to https://hn.algolia.com/api/v1/search_by_date?numericFilters=created_at_i%3E%3D1784887728%2Ccreated_at_i%3C1784891328&hitsPerPage=1000
2026-07-27 06:56:31 +0000 - dagster - INFO - __ASSET_JOB - 63bdf09a-9df6-4446-8bee-04db6d38a2aa - hackernews - Retrieved 422 items in this window.
2026-07-27 06:56:31 +0000 - dagster - INFO - __ASSET_JOB - 63bdf09a-9df6-4446-8bee-04db6d38a2aa - hackernews - Querying time window: 2026-07-24 11:08:48 to 2026-07-24 12:08:48 (1784891328 to 1784894928)...
2026-07-27 06:56:31 +0000 - dagster - INFO - __ASSET_JOB - 63bdf09a-9df6-4446-8bee-04db6d38a2aa - hackernews - Making GET request to https://hn.algolia.com/api/v1/search_by_date?numericFilters=created_at_i%3E%3D1784891328%2Ccreated_at_i%3C1784894928&hitsPerPage=1000
2026-07-27 06:56:31 +0000 - dagster - INFO - __ASSET_JOB - 63bdf09a-9df6-4446-8bee-04db6d38a2aa - hackernews - Retrieved 484 items in this window.
2026-07-27 06:56:31 +0000 - dagster - INFO - __ASSET_JOB - 63bdf09a-9df6-4446-8bee-04db6d38a2aa - hackernews - Querying time window: 2026-07-24 12:08:48 to 2026-07-24 13:08:48 (1784894928 to 1784898528)...
2026-07-27 06:56:31 +0000 - dagster - INFO - __ASSET_JOB - 63bdf09a-9df6-4446-8bee-04db6d38a2aa - hackernews - Making GET request to https://hn.algolia.com/api/v1/search_by_date?numericFilters=created_at_i%3E%3D1784894928%2Ccreated_at_i%3C1784898528&hitsPerPage=1000
2026-07-27 06:56:32 +0000 - dagster - INFO - __ASSET_JOB - 63bdf09a-9df6-4446-8bee-04db6d38a2aa - hackernews - Retrieved 547 items in this window.
2026-07-27 06:56:32 +0000 - dagster - INFO - __ASSET_JOB - 63bdf09a-9df6-4446-8bee-04db6d38a2aa - hackernews - Querying time window: 2026-07-24 13:08:48 to 2026-07-24 14:08:48 (1784898528 to 1784902128)...
2026-07-27 06:56:32 +0000 - dagster - INFO - __ASSET_JOB - 63bdf09a-9df6-4446-8bee-04db6d38a2aa - hackernews - Making GET request to https://hn.algolia.com/api/v1/search_by_date?numericFilters=created_at_i%3E%3D1784898528%2Ccreated_at_i%3C1784902128&hitsPerPage=1000
2026-07-27 06:56:32 +0000 - dagster - INFO - __ASSET_JOB - 63bdf09a-9df6-4446-8bee-04db6d38a2aa - hackernews - Retrieved 807 items in this window.
2026-07-27 06:56:32 +0000 - dagster - INFO - __ASSET_JOB - 63bdf09a-9df6-4446-8bee-04db6d38a2aa - hackernews - Querying time window: 2026-07-24 14:08:48 to 2026-07-24 15:08:48 (1784902128 to 1784905728)...
2026-07-27 06:56:32 +0000 - dagster - INFO - __ASSET_JOB - 63bdf09a-9df6-4446-8bee-04db6d38a2aa - hackernews - Making GET request to https://hn.algolia.com/api/v1/search_by_date?numericFilters=created_at_i%3E%3D1784902128%2Ccreated_at_i%3C1784905728&hitsPerPage=1000
2026-07-27 06:56:33 +0000 - dagster - INFO - __ASSET_JOB - 63bdf09a-9df6-4446-8bee-04db6d38a2aa - hackernews - Retrieved 829 items in this window.
2026-07-27 06:56:33 +0000 - dagster - INFO - __ASSET_JOB - 63bdf09a-9df6-4446-8bee-04db6d38a2aa - hackernews - Querying time window: 2026-07-24 15:08:48 to 2026-07-24 16:08:48 (1784905728 to 1784909328)...
2026-07-27 06:56:33 +0000 - dagster - INFO - __ASSET_JOB - 63bdf09a-9df6-4446-8bee-04db6d38a2aa - hackernews - Making GET request to https://hn.algolia.com/api/v1/search_by_date?numericFilters=created_at_i%3E%3D1784905728%2Ccreated_at_i%3C1784909328&hitsPerPage=1000
2026-07-27 06:56:33 +0000 - dagster - INFO - __ASSET_JOB - 63bdf09a-9df6-4446-8bee-04db6d38a2aa - hackernews - Retrieved 779 items in this window.
2026-07-27 06:56:33 +0000 - dagster - INFO - __ASSET_JOB - 63bdf09a-9df6-4446-8bee-04db6d38a2aa - hackernews - Querying time window: 2026-07-24 16:08:48 to 2026-07-24 17:08:48 (1784909328 to 1784912928)...
2026-07-27 06:56:33 +0000 - dagster - INFO - __ASSET_JOB - 63bdf09a-9df6-4446-8bee-04db6d38a2aa - hackernews - Making GET request to https://hn.algolia.com/api/v1/search_by_date?numericFilters=created_at_i%3E%3D1784909328%2Ccreated_at_i%3C1784912928&hitsPerPage=1000
2026-07-27 06:56:34 +0000 - dagster - INFO - __ASSET_JOB - 63bdf09a-9df6-4446-8bee-04db6d38a2aa - hackernews - Retrieved 824 items in this window.
2026-07-27 06:56:34 +0000 - dagster - INFO - __ASSET_JOB - 63bdf09a-9df6-4446-8bee-04db6d38a2aa - hackernews - Querying time window: 2026-07-24 17:08:48 to 2026-07-24 18:08:48 (1784912928 to 1784916528)...
2026-07-27 06:56:34 +0000 - dagster - INFO - __ASSET_JOB - 63bdf09a-9df6-4446-8bee-04db6d38a2aa - hackernews - Making GET request to https://hn.algolia.com/api/v1/search_by_date?numericFilters=created_at_i%3E%3D1784912928%2Ccreated_at_i%3C1784916528&hitsPerPage=1000
2026-07-27 06:56:34 +0000 - dagster - INFO - __ASSET_JOB - 63bdf09a-9df6-4446-8bee-04db6d38a2aa - hackernews - Retrieved 814 items in this window.
2026-07-27 06:56:34 +0000 - dagster - INFO - __ASSET_JOB - 63bdf09a-9df6-4446-8bee-04db6d38a2aa - hackernews - Querying time window: 2026-07-24 18:08:48 to 2026-07-24 19:08:48 (1784916528 to 1784920128)...
2026-07-27 06:56:34 +0000 - dagster - INFO - __ASSET_JOB - 63bdf09a-9df6-4446-8bee-04db6d38a2aa - hackernews - Making GET request to https://hn.algolia.com/api/v1/search_by_date?numericFilters=created_at_i%3E%3D1784916528%2Ccreated_at_i%3C1784920128&hitsPerPage=1000
2026-07-27 06:56:35 +0000 - dagster - INFO - __ASSET_JOB - 63bdf09a-9df6-4446-8bee-04db6d38a2aa - hackernews - Retrieved 747 items in this window.
2026-07-27 06:56:35 +0000 - dagster - INFO - __ASSET_JOB - 63bdf09a-9df6-4446-8bee-04db6d38a2aa - hackernews - Querying time window: 2026-07-24 19:08:48 to 2026-07-24 20:08:48 (1784920128 to 1784923728)...
2026-07-27 06:56:35 +0000 - dagster - INFO - __ASSET_JOB - 63bdf09a-9df6-4446-8bee-04db6d38a2aa - hackernews - Making GET request to https://hn.algolia.com/api/v1/search_by_date?numericFilters=created_at_i%3E%3D1784920128%2Ccreated_at_i%3C1784923728&hitsPerPage=1000
2026-07-27 06:56:35 +0000 - dagster - INFO - __ASSET_JOB - 63bdf09a-9df6-4446-8bee-04db6d38a2aa - hackernews - Retrieved 608 items in this window.
2026-07-27 06:56:35 +0000 - dagster - INFO - __ASSET_JOB - 63bdf09a-9df6-4446-8bee-04db6d38a2aa - hackernews - Querying time window: 2026-07-24 20:08:48 to 2026-07-24 21:08:48 (1784923728 to 1784927328)...
2026-07-27 06:56:35 +0000 - dagster - INFO - __ASSET_JOB - 63bdf09a-9df6-4446-8bee-04db6d38a2aa - hackernews - Making GET request to https://hn.algolia.com/api/v1/search_by_date?numericFilters=created_at_i%3E%3D1784923728%2Ccreated_at_i%3C1784927328&hitsPerPage=1000
2026-07-27 06:56:35 +0000 - dagster - INFO - __ASSET_JOB - 63bdf09a-9df6-4446-8bee-04db6d38a2aa - hackernews - Retrieved 539 items in this window.
2026-07-27 06:56:35 +0000 - dagster - INFO - __ASSET_JOB - 63bdf09a-9df6-4446-8bee-04db6d38a2aa - hackernews - Querying time window: 2026-07-24 21:08:48 to 2026-07-24 22:08:48 (1784927328 to 1784930928)...
2026-07-27 06:56:35 +0000 - dagster - INFO - __ASSET_JOB - 63bdf09a-9df6-4446-8bee-04db6d38a2aa - hackernews - Making GET request to https://hn.algolia.com/api/v1/search_by_date?numericFilters=created_at_i%3E%3D1784927328%2Ccreated_at_i%3C1784930928&hitsPerPage=1000
2026-07-27 06:56:36 +0000 - dagster - INFO - __ASSET_JOB - 63bdf09a-9df6-4446-8bee-04db6d38a2aa - hackernews - Retrieved 569 items in this window.
2026-07-27 06:56:36 +0000 - dagster - INFO - __ASSET_JOB - 63bdf09a-9df6-4446-8bee-04db6d38a2aa - hackernews - Querying time window: 2026-07-24 22:08:48 to 2026-07-24 23:08:48 (1784930928 to 1784934528)...
2026-07-27 06:56:36 +0000 - dagster - INFO - __ASSET_JOB - 63bdf09a-9df6-4446-8bee-04db6d38a2aa - hackernews - Making GET request to https://hn.algolia.com/api/v1/search_by_date?numericFilters=created_at_i%3E%3D1784930928%2Ccreated_at_i%3C1784934528&hitsPerPage=1000
2026-07-27 06:56:36 +0000 - dagster - INFO - __ASSET_JOB - 63bdf09a-9df6-4446-8bee-04db6d38a2aa - hackernews - Retrieved 444 items in this window.
2026-07-27 06:56:36 +0000 - dagster - INFO - __ASSET_JOB - 63bdf09a-9df6-4446-8bee-04db6d38a2aa - hackernews - Querying time window: 2026-07-24 23:08:48 to 2026-07-25 00:08:48 (1784934528 to 1784938128)...
2026-07-27 06:56:36 +0000 - dagster - INFO - __ASSET_JOB - 63bdf09a-9df6-4446-8bee-04db6d38a2aa - hackernews - Making GET request to https://hn.algolia.com/api/v1/search_by_date?numericFilters=created_at_i%3E%3D1784934528%2Ccreated_at_i%3C1784938128&hitsPerPage=1000
2026-07-27 06:56:37 +0000 - dagster - INFO - __ASSET_JOB - 63bdf09a-9df6-4446-8bee-04db6d38a2aa - hackernews - Retrieved 381 items in this window.
2026-07-27 06:56:37 +0000 - dagster - INFO - __ASSET_JOB - 63bdf09a-9df6-4446-8bee-04db6d38a2aa - hackernews - Querying time window: 2026-07-25 00:08:48 to 2026-07-25 01:08:48 (1784938128 to 1784941728)...
2026-07-27 06:56:37 +0000 - dagster - INFO - __ASSET_JOB - 63bdf09a-9df6-4446-8bee-04db6d38a2aa - hackernews - Making GET request to https://hn.algolia.com/api/v1/search_by_date?numericFilters=created_at_i%3E%3D1784938128%2Ccreated_at_i%3C1784941728&hitsPerPage=1000
2026-07-27 06:56:37 +0000 - dagster - INFO - __ASSET_JOB - 63bdf09a-9df6-4446-8bee-04db6d38a2aa - hackernews - Retrieved 351 items in this window.
2026-07-27 06:56:37 +0000 - dagster - INFO - __ASSET_JOB - 63bdf09a-9df6-4446-8bee-04db6d38a2aa - hackernews - Querying time window: 2026-07-25 01:08:48 to 2026-07-25 02:08:48 (1784941728 to 1784945328)...
2026-07-27 06:56:37 +0000 - dagster - INFO - __ASSET_JOB - 63bdf09a-9df6-4446-8bee-04db6d38a2aa - hackernews - Making GET request to https://hn.algolia.com/api/v1/search_by_date?numericFilters=created_at_i%3E%3D1784941728%2Ccreated_at_i%3C1784945328&hitsPerPage=1000
2026-07-27 06:56:37 +0000 - dagster - INFO - __ASSET_JOB - 63bdf09a-9df6-4446-8bee-04db6d38a2aa - hackernews - Retrieved 273 items in this window.
2026-07-27 06:56:37 +0000 - dagster - INFO - __ASSET_JOB - 63bdf09a-9df6-4446-8bee-04db6d38a2aa - hackernews - Querying time window: 2026-07-25 02:08:48 to 2026-07-25 03:08:48 (1784945328 to 1784948928)...
2026-07-27 06:56:37 +0000 - dagster - INFO - __ASSET_JOB - 63bdf09a-9df6-4446-8bee-04db6d38a2aa - hackernews - Making GET request to https://hn.algolia.com/api/v1/search_by_date?numericFilters=created_at_i%3E%3D1784945328%2Ccreated_at_i%3C1784948928&hitsPerPage=1000
2026-07-27 06:56:38 +0000 - dagster - INFO - __ASSET_JOB - 63bdf09a-9df6-4446-8bee-04db6d38a2aa - hackernews - Retrieved 276 items in this window.
2026-07-27 06:56:38 +0000 - dagster - INFO - __ASSET_JOB - 63bdf09a-9df6-4446-8bee-04db6d38a2aa - hackernews - Querying time window: 2026-07-25 03:08:48 to 2026-07-25 04:08:48 (1784948928 to 1784952528)...
2026-07-27 06:56:38 +0000 - dagster - INFO - __ASSET_JOB - 63bdf09a-9df6-4446-8bee-04db6d38a2aa - hackernews - Making GET request to https://hn.algolia.com/api/v1/search_by_date?numericFilters=created_at_i%3E%3D1784948928%2Ccreated_at_i%3C1784952528&hitsPerPage=1000
2026-07-27 06:56:38 +0000 - dagster - INFO - __ASSET_JOB - 63bdf09a-9df6-4446-8bee-04db6d38a2aa - hackernews - Retrieved 277 items in this window.
2026-07-27 06:56:38 +0000 - dagster - INFO - __ASSET_JOB - 63bdf09a-9df6-4446-8bee-04db6d38a2aa - hackernews - Querying time window: 2026-07-25 04:08:48 to 2026-07-25 05:08:48 (1784952528 to 1784956128)...
2026-07-27 06:56:38 +0000 - dagster - INFO - __ASSET_JOB - 63bdf09a-9df6-4446-8bee-04db6d38a2aa - hackernews - Making GET request to https://hn.algolia.com/api/v1/search_by_date?numericFilters=created_at_i%3E%3D1784952528%2Ccreated_at_i%3C1784956128&hitsPerPage=1000
2026-07-27 06:56:38 +0000 - dagster - INFO - __ASSET_JOB - 63bdf09a-9df6-4446-8bee-04db6d38a2aa - hackernews - Retrieved 239 items in this window.
2026-07-27 06:56:39 +0000 - dagster - INFO - __ASSET_JOB - 63bdf09a-9df6-4446-8bee-04db6d38a2aa - hackernews - Querying time window: 2026-07-25 05:08:48 to 2026-07-25 06:08:48 (1784956128 to 1784959728)...
2026-07-27 06:56:39 +0000 - dagster - INFO - __ASSET_JOB - 63bdf09a-9df6-4446-8bee-04db6d38a2aa - hackernews - Making GET request to https://hn.algolia.com/api/v1/search_by_date?numericFilters=created_at_i%3E%3D1784956128%2Ccreated_at_i%3C1784959728&hitsPerPage=1000
2026-07-27 06:56:39 +0000 - dagster - INFO - __ASSET_JOB - 63bdf09a-9df6-4446-8bee-04db6d38a2aa - hackernews - Retrieved 215 items in this window.
2026-07-27 06:56:39 +0000 - dagster - INFO - __ASSET_JOB - 63bdf09a-9df6-4446-8bee-04db6d38a2aa - hackernews - Querying time window: 2026-07-25 06:08:48 to 2026-07-25 07:08:48 (1784959728 to 1784963328)...
2026-07-27 06:56:39 +0000 - dagster - INFO - __ASSET_JOB - 63bdf09a-9df6-4446-8bee-04db6d38a2aa - hackernews - Making GET request to https://hn.algolia.com/api/v1/search_by_date?numericFilters=created_at_i%3E%3D1784959728%2Ccreated_at_i%3C1784963328&hitsPerPage=1000
2026-07-27 06:56:39 +0000 - dagster - INFO - __ASSET_JOB - 63bdf09a-9df6-4446-8bee-04db6d38a2aa - hackernews - Retrieved 250 items in this window.
2026-07-27 06:56:39 +0000 - dagster - INFO - __ASSET_JOB - 63bdf09a-9df6-4446-8bee-04db6d38a2aa - hackernews - Querying time window: 2026-07-25 07:08:48 to 2026-07-25 08:08:48 (1784963328 to 1784966928)...
2026-07-27 06:56:39 +0000 - dagster - INFO - __ASSET_JOB - 63bdf09a-9df6-4446-8bee-04db6d38a2aa - hackernews - Making GET request to https://hn.algolia.com/api/v1/search_by_date?numericFilters=created_at_i%3E%3D1784963328%2Ccreated_at_i%3C1784966928&hitsPerPage=1000
2026-07-27 06:56:40 +0000 - dagster - INFO - __ASSET_JOB - 63bdf09a-9df6-4446-8bee-04db6d38a2aa - hackernews - Retrieved 276 items in this window.
2026-07-27 06:56:40 +0000 - dagster - INFO - __ASSET_JOB - 63bdf09a-9df6-4446-8bee-04db6d38a2aa - hackernews - Querying time window: 2026-07-25 08:08:48 to 2026-07-25 09:08:48 (1784966928 to 1784970528)...
2026-07-27 06:56:40 +0000 - dagster - INFO - __ASSET_JOB - 63bdf09a-9df6-4446-8bee-04db6d38a2aa - hackernews - Making GET request to https://hn.algolia.com/api/v1/search_by_date?numericFilters=created_at_i%3E%3D1784966928%2Ccreated_at_i%3C1784970528&hitsPerPage=1000
2026-07-27 06:56:40 +0000 - dagster - INFO - __ASSET_JOB - 63bdf09a-9df6-4446-8bee-04db6d38a2aa - hackernews - Retrieved 315 items in this window.
2026-07-27 06:56:40 +0000 - dagster - INFO - __ASSET_JOB - 63bdf09a-9df6-4446-8bee-04db6d38a2aa - hackernews - Querying time window: 2026-07-25 09:08:48 to 2026-07-25 10:08:48 (1784970528 to 1784974128)...
2026-07-27 06:56:40 +0000 - dagster - INFO - __ASSET_JOB - 63bdf09a-9df6-4446-8bee-04db6d38a2aa - hackernews - Making GET request to https://hn.algolia.com/api/v1/search_by_date?numericFilters=created_at_i%3E%3D1784970528%2Ccreated_at_i%3C1784974128&hitsPerPage=1000
2026-07-27 06:56:40 +0000 - dagster - INFO - __ASSET_JOB - 63bdf09a-9df6-4446-8bee-04db6d38a2aa - hackernews - Retrieved 302 items in this window.
2026-07-27 06:56:40 +0000 - dagster - INFO - __ASSET_JOB - 63bdf09a-9df6-4446-8bee-04db6d38a2aa - hackernews - Querying time window: 2026-07-25 10:08:48 to 2026-07-25 11:08:48 (1784974128 to 1784977728)...
2026-07-27 06:56:40 +0000 - dagster - INFO - __ASSET_JOB - 63bdf09a-9df6-4446-8bee-04db6d38a2aa - hackernews - Making GET request to https://hn.algolia.com/api/v1/search_by_date?numericFilters=created_at_i%3E%3D1784974128%2Ccreated_at_i%3C1784977728&hitsPerPage=1000
2026-07-27 06:56:41 +0000 - dagster - INFO - __ASSET_JOB - 63bdf09a-9df6-4446-8bee-04db6d38a2aa - hackernews - Retrieved 279 items in this window.
2026-07-27 06:56:41 +0000 - dagster - INFO - __ASSET_JOB - 63bdf09a-9df6-4446-8bee-04db6d38a2aa - hackernews - Querying time window: 2026-07-25 11:08:48 to 2026-07-25 12:08:48 (1784977728 to 1784981328)...
2026-07-27 06:56:41 +0000 - dagster - INFO - __ASSET_JOB - 63bdf09a-9df6-4446-8bee-04db6d38a2aa - hackernews - Making GET request to https://hn.algolia.com/api/v1/search_by_date?numericFilters=created_at_i%3E%3D1784977728%2Ccreated_at_i%3C1784981328&hitsPerPage=1000
2026-07-27 06:56:41 +0000 - dagster - INFO - __ASSET_JOB - 63bdf09a-9df6-4446-8bee-04db6d38a2aa - hackernews - Retrieved 315 items in this window.
2026-07-27 06:56:41 +0000 - dagster - INFO - __ASSET_JOB - 63bdf09a-9df6-4446-8bee-04db6d38a2aa - hackernews - Querying time window: 2026-07-25 12:08:48 to 2026-07-25 13:08:48 (1784981328 to 1784984928)...
2026-07-27 06:56:41 +0000 - dagster - INFO - __ASSET_JOB - 63bdf09a-9df6-4446-8bee-04db6d38a2aa - hackernews - Making GET request to https://hn.algolia.com/api/v1/search_by_date?numericFilters=created_at_i%3E%3D1784981328%2Ccreated_at_i%3C1784984928&hitsPerPage=1000
2026-07-27 06:56:41 +0000 - dagster - INFO - __ASSET_JOB - 63bdf09a-9df6-4446-8bee-04db6d38a2aa - hackernews - Retrieved 344 items in this window.
2026-07-27 06:56:41 +0000 - dagster - INFO - __ASSET_JOB - 63bdf09a-9df6-4446-8bee-04db6d38a2aa - hackernews - Querying time window: 2026-07-25 13:08:48 to 2026-07-25 14:08:48 (1784984928 to 1784988528)...
2026-07-27 06:56:41 +0000 - dagster - INFO - __ASSET_JOB - 63bdf09a-9df6-4446-8bee-04db6d38a2aa - hackernews - Making GET request to https://hn.algolia.com/api/v1/search_by_date?numericFilters=created_at_i%3E%3D1784984928%2Ccreated_at_i%3C1784988528&hitsPerPage=1000
2026-07-27 06:56:42 +0000 - dagster - INFO - __ASSET_JOB - 63bdf09a-9df6-4446-8bee-04db6d38a2aa - hackernews - Retrieved 354 items in this window.
2026-07-27 06:56:42 +0000 - dagster - INFO - __ASSET_JOB - 63bdf09a-9df6-4446-8bee-04db6d38a2aa - hackernews - Querying time window: 2026-07-25 14:08:48 to 2026-07-25 15:08:48 (1784988528 to 1784992128)...
2026-07-27 06:56:42 +0000 - dagster - INFO - __ASSET_JOB - 63bdf09a-9df6-4446-8bee-04db6d38a2aa - hackernews - Making GET request to https://hn.algolia.com/api/v1/search_by_date?numericFilters=created_at_i%3E%3D1784988528%2Ccreated_at_i%3C1784992128&hitsPerPage=1000
2026-07-27 06:56:42 +0000 - dagster - INFO - __ASSET_JOB - 63bdf09a-9df6-4446-8bee-04db6d38a2aa - hackernews - Retrieved 444 items in this window.
2026-07-27 06:56:42 +0000 - dagster - INFO - __ASSET_JOB - 63bdf09a-9df6-4446-8bee-04db6d38a2aa - hackernews - Querying time window: 2026-07-25 15:08:48 to 2026-07-25 16:08:48 (1784992128 to 1784995728)...
2026-07-27 06:56:42 +0000 - dagster - INFO - __ASSET_JOB - 63bdf09a-9df6-4446-8bee-04db6d38a2aa - hackernews - Making GET request to https://hn.algolia.com/api/v1/search_by_date?numericFilters=created_at_i%3E%3D1784992128%2Ccreated_at_i%3C1784995728&hitsPerPage=1000
2026-07-27 06:56:43 +0000 - dagster - INFO - __ASSET_JOB - 63bdf09a-9df6-4446-8bee-04db6d38a2aa - hackernews - Retrieved 569 items in this window.
2026-07-27 06:56:43 +0000 - dagster - INFO - __ASSET_JOB - 63bdf09a-9df6-4446-8bee-04db6d38a2aa - hackernews - Querying time window: 2026-07-25 16:08:48 to 2026-07-25 17:08:48 (1784995728 to 1784999328)...
2026-07-27 06:56:43 +0000 - dagster - INFO - __ASSET_JOB - 63bdf09a-9df6-4446-8bee-04db6d38a2aa - hackernews - Making GET request to https://hn.algolia.com/api/v1/search_by_date?numericFilters=created_at_i%3E%3D1784995728%2Ccreated_at_i%3C1784999328&hitsPerPage=1000
2026-07-27 06:56:43 +0000 - dagster - INFO - __ASSET_JOB - 63bdf09a-9df6-4446-8bee-04db6d38a2aa - hackernews - Retrieved 523 items in this window.
2026-07-27 06:56:43 +0000 - dagster - INFO - __ASSET_JOB - 63bdf09a-9df6-4446-8bee-04db6d38a2aa - hackernews - Querying time window: 2026-07-25 17:08:48 to 2026-07-25 18:08:48 (1784999328 to 1785002928)...
2026-07-27 06:56:43 +0000 - dagster - INFO - __ASSET_JOB - 63bdf09a-9df6-4446-8bee-04db6d38a2aa - hackernews - Making GET request to https://hn.algolia.com/api/v1/search_by_date?numericFilters=created_at_i%3E%3D1784999328%2Ccreated_at_i%3C1785002928&hitsPerPage=1000
2026-07-27 06:56:43 +0000 - dagster - INFO - __ASSET_JOB - 63bdf09a-9df6-4446-8bee-04db6d38a2aa - hackernews - Retrieved 604 items in this window.
2026-07-27 06:56:43 +0000 - dagster - INFO - __ASSET_JOB - 63bdf09a-9df6-4446-8bee-04db6d38a2aa - hackernews - Querying time window: 2026-07-25 18:08:48 to 2026-07-25 19:08:48 (1785002928 to 1785006528)...
2026-07-27 06:56:43 +0000 - dagster - INFO - __ASSET_JOB - 63bdf09a-9df6-4446-8bee-04db6d38a2aa - hackernews - Making GET request to https://hn.algolia.com/api/v1/search_by_date?numericFilters=created_at_i%3E%3D1785002928%2Ccreated_at_i%3C1785006528&hitsPerPage=1000
2026-07-27 06:56:44 +0000 - dagster - INFO - __ASSET_JOB - 63bdf09a-9df6-4446-8bee-04db6d38a2aa - hackernews - Retrieved 468 items in this window.
2026-07-27 06:56:44 +0000 - dagster - INFO - __ASSET_JOB - 63bdf09a-9df6-4446-8bee-04db6d38a2aa - hackernews - Querying time window: 2026-07-25 19:08:48 to 2026-07-25 20:08:48 (1785006528 to 1785010128)...
2026-07-27 06:56:44 +0000 - dagster - INFO - __ASSET_JOB - 63bdf09a-9df6-4446-8bee-04db6d38a2aa - hackernews - Making GET request to https://hn.algolia.com/api/v1/search_by_date?numericFilters=created_at_i%3E%3D1785006528%2Ccreated_at_i%3C1785010128&hitsPerPage=1000
2026-07-27 06:56:44 +0000 - dagster - INFO - __ASSET_JOB - 63bdf09a-9df6-4446-8bee-04db6d38a2aa - hackernews - Retrieved 416 items in this window.
2026-07-27 06:56:44 +0000 - dagster - INFO - __ASSET_JOB - 63bdf09a-9df6-4446-8bee-04db6d38a2aa - hackernews - Querying time window: 2026-07-25 20:08:48 to 2026-07-25 21:08:48 (1785010128 to 1785013728)...
2026-07-27 06:56:44 +0000 - dagster - INFO - __ASSET_JOB - 63bdf09a-9df6-4446-8bee-04db6d38a2aa - hackernews - Making GET request to https://hn.algolia.com/api/v1/search_by_date?numericFilters=created_at_i%3E%3D1785010128%2Ccreated_at_i%3C1785013728&hitsPerPage=1000
2026-07-27 06:56:45 +0000 - dagster - INFO - __ASSET_JOB - 63bdf09a-9df6-4446-8bee-04db6d38a2aa - hackernews - Retrieved 501 items in this window.
2026-07-27 06:56:45 +0000 - dagster - INFO - __ASSET_JOB - 63bdf09a-9df6-4446-8bee-04db6d38a2aa - hackernews - Querying time window: 2026-07-25 21:08:48 to 2026-07-25 22:08:48 (1785013728 to 1785017328)...
2026-07-27 06:56:45 +0000 - dagster - INFO - __ASSET_JOB - 63bdf09a-9df6-4446-8bee-04db6d38a2aa - hackernews - Making GET request to https://hn.algolia.com/api/v1/search_by_date?numericFilters=created_at_i%3E%3D1785013728%2Ccreated_at_i%3C1785017328&hitsPerPage=1000
2026-07-27 06:56:45 +0000 - dagster - INFO - __ASSET_JOB - 63bdf09a-9df6-4446-8bee-04db6d38a2aa - hackernews - Retrieved 502 items in this window.
2026-07-27 06:56:45 +0000 - dagster - INFO - __ASSET_JOB - 63bdf09a-9df6-4446-8bee-04db6d38a2aa - hackernews - Querying time window: 2026-07-25 22:08:48 to 2026-07-25 23:08:48 (1785017328 to 1785020928)...
2026-07-27 06:56:45 +0000 - dagster - INFO - __ASSET_JOB - 63bdf09a-9df6-4446-8bee-04db6d38a2aa - hackernews - Making GET request to https://hn.algolia.com/api/v1/search_by_date?numericFilters=created_at_i%3E%3D1785017328%2Ccreated_at_i%3C1785020928&hitsPerPage=1000
2026-07-27 06:56:46 +0000 - dagster - INFO - __ASSET_JOB - 63bdf09a-9df6-4446-8bee-04db6d38a2aa - hackernews - Retrieved 512 items in this window.
2026-07-27 06:56:46 +0000 - dagster - INFO - __ASSET_JOB - 63bdf09a-9df6-4446-8bee-04db6d38a2aa - hackernews - Querying time window: 2026-07-25 23:08:48 to 2026-07-26 00:08:48 (1785020928 to 1785024528)...
2026-07-27 06:56:46 +0000 - dagster - INFO - __ASSET_JOB - 63bdf09a-9df6-4446-8bee-04db6d38a2aa - hackernews - Making GET request to https://hn.algolia.com/api/v1/search_by_date?numericFilters=created_at_i%3E%3D1785020928%2Ccreated_at_i%3C1785024528&hitsPerPage=1000
2026-07-27 06:56:46 +0000 - dagster - INFO - __ASSET_JOB - 63bdf09a-9df6-4446-8bee-04db6d38a2aa - hackernews - Retrieved 432 items in this window.
2026-07-27 06:56:46 +0000 - dagster - INFO - __ASSET_JOB - 63bdf09a-9df6-4446-8bee-04db6d38a2aa - hackernews - Querying time window: 2026-07-26 00:08:48 to 2026-07-26 01:08:48 (1785024528 to 1785028128)...
2026-07-27 06:56:46 +0000 - dagster - INFO - __ASSET_JOB - 63bdf09a-9df6-4446-8bee-04db6d38a2aa - hackernews - Making GET request to https://hn.algolia.com/api/v1/search_by_date?numericFilters=created_at_i%3E%3D1785024528%2Ccreated_at_i%3C1785028128&hitsPerPage=1000
2026-07-27 06:56:47 +0000 - dagster - INFO - __ASSET_JOB - 63bdf09a-9df6-4446-8bee-04db6d38a2aa - hackernews - Retrieved 371 items in this window.
2026-07-27 06:56:47 +0000 - dagster - INFO - __ASSET_JOB - 63bdf09a-9df6-4446-8bee-04db6d38a2aa - hackernews - Querying time window: 2026-07-26 01:08:48 to 2026-07-26 02:08:48 (1785028128 to 1785031728)...
2026-07-27 06:56:47 +0000 - dagster - INFO - __ASSET_JOB - 63bdf09a-9df6-4446-8bee-04db6d38a2aa - hackernews - Making GET request to https://hn.algolia.com/api/v1/search_by_date?numericFilters=created_at_i%3E%3D1785028128%2Ccreated_at_i%3C1785031728&hitsPerPage=1000
2026-07-27 06:56:47 +0000 - dagster - INFO - __ASSET_JOB - 63bdf09a-9df6-4446-8bee-04db6d38a2aa - hackernews - Retrieved 328 items in this window.
2026-07-27 06:56:47 +0000 - dagster - INFO - __ASSET_JOB - 63bdf09a-9df6-4446-8bee-04db6d38a2aa - hackernews - Querying time window: 2026-07-26 02:08:48 to 2026-07-26 03:08:48 (1785031728 to 1785035328)...
2026-07-27 06:56:47 +0000 - dagster - INFO - __ASSET_JOB - 63bdf09a-9df6-4446-8bee-04db6d38a2aa - hackernews - Making GET request to https://hn.algolia.com/api/v1/search_by_date?numericFilters=created_at_i%3E%3D1785031728%2Ccreated_at_i%3C1785035328&hitsPerPage=1000
2026-07-27 06:56:47 +0000 - dagster - INFO - __ASSET_JOB - 63bdf09a-9df6-4446-8bee-04db6d38a2aa - hackernews - Retrieved 333 items in this window.
2026-07-27 06:56:47 +0000 - dagster - INFO - __ASSET_JOB - 63bdf09a-9df6-4446-8bee-04db6d38a2aa - hackernews - Querying time window: 2026-07-26 03:08:48 to 2026-07-26 04:08:48 (1785035328 to 1785038928)...
2026-07-27 06:56:47 +0000 - dagster - INFO - __ASSET_JOB - 63bdf09a-9df6-4446-8bee-04db6d38a2aa - hackernews - Making GET request to https://hn.algolia.com/api/v1/search_by_date?numericFilters=created_at_i%3E%3D1785035328%2Ccreated_at_i%3C1785038928&hitsPerPage=1000
2026-07-27 06:56:48 +0000 - dagster - INFO - __ASSET_JOB - 63bdf09a-9df6-4446-8bee-04db6d38a2aa - hackernews - Retrieved 313 items in this window.
2026-07-27 06:56:48 +0000 - dagster - INFO - __ASSET_JOB - 63bdf09a-9df6-4446-8bee-04db6d38a2aa - hackernews - Querying time window: 2026-07-26 04:08:48 to 2026-07-26 05:08:48 (1785038928 to 1785042528)...
2026-07-27 06:56:48 +0000 - dagster - INFO - __ASSET_JOB - 63bdf09a-9df6-4446-8bee-04db6d38a2aa - hackernews - Making GET request to https://hn.algolia.com/api/v1/search_by_date?numericFilters=created_at_i%3E%3D1785038928%2Ccreated_at_i%3C1785042528&hitsPerPage=1000
2026-07-27 06:56:48 +0000 - dagster - INFO - __ASSET_JOB - 63bdf09a-9df6-4446-8bee-04db6d38a2aa - hackernews - Retrieved 246 items in this window.
2026-07-27 06:56:48 +0000 - dagster - INFO - __ASSET_JOB - 63bdf09a-9df6-4446-8bee-04db6d38a2aa - hackernews - Querying time window: 2026-07-26 05:08:48 to 2026-07-26 06:08:48 (1785042528 to 1785046128)...
2026-07-27 06:56:48 +0000 - dagster - INFO - __ASSET_JOB - 63bdf09a-9df6-4446-8bee-04db6d38a2aa - hackernews - Making GET request to https://hn.algolia.com/api/v1/search_by_date?numericFilters=created_at_i%3E%3D1785042528%2Ccreated_at_i%3C1785046128&hitsPerPage=1000
2026-07-27 06:56:48 +0000 - dagster - INFO - __ASSET_JOB - 63bdf09a-9df6-4446-8bee-04db6d38a2aa - hackernews - Retrieved 288 items in this window.
2026-07-27 06:56:48 +0000 - dagster - INFO - __ASSET_JOB - 63bdf09a-9df6-4446-8bee-04db6d38a2aa - hackernews - Querying time window: 2026-07-26 06:08:48 to 2026-07-26 07:08:48 (1785046128 to 1785049728)...
2026-07-27 06:56:48 +0000 - dagster - INFO - __ASSET_JOB - 63bdf09a-9df6-4446-8bee-04db6d38a2aa - hackernews - Making GET request to https://hn.algolia.com/api/v1/search_by_date?numericFilters=created_at_i%3E%3D1785046128%2Ccreated_at_i%3C1785049728&hitsPerPage=1000
2026-07-27 06:56:49 +0000 - dagster - INFO - __ASSET_JOB - 63bdf09a-9df6-4446-8bee-04db6d38a2aa - hackernews - Retrieved 254 items in this window.
2026-07-27 06:56:49 +0000 - dagster - INFO - __ASSET_JOB - 63bdf09a-9df6-4446-8bee-04db6d38a2aa - hackernews - Querying time window: 2026-07-26 07:08:48 to 2026-07-26 08:08:48 (1785049728 to 1785053328)...
2026-07-27 06:56:49 +0000 - dagster - INFO - __ASSET_JOB - 63bdf09a-9df6-4446-8bee-04db6d38a2aa - hackernews - Making GET request to https://hn.algolia.com/api/v1/search_by_date?numericFilters=created_at_i%3E%3D1785049728%2Ccreated_at_i%3C1785053328&hitsPerPage=1000
2026-07-27 06:56:49 +0000 - dagster - INFO - __ASSET_JOB - 63bdf09a-9df6-4446-8bee-04db6d38a2aa - hackernews - Retrieved 262 items in this window.
2026-07-27 06:56:49 +0000 - dagster - INFO - __ASSET_JOB - 63bdf09a-9df6-4446-8bee-04db6d38a2aa - hackernews - Querying time window: 2026-07-26 08:08:48 to 2026-07-26 09:08:48 (1785053328 to 1785056928)...
2026-07-27 06:56:49 +0000 - dagster - INFO - __ASSET_JOB - 63bdf09a-9df6-4446-8bee-04db6d38a2aa - hackernews - Making GET request to https://hn.algolia.com/api/v1/search_by_date?numericFilters=created_at_i%3E%3D1785053328%2Ccreated_at_i%3C1785056928&hitsPerPage=1000
2026-07-27 06:56:49 +0000 - dagster - INFO - __ASSET_JOB - 63bdf09a-9df6-4446-8bee-04db6d38a2aa - hackernews - Retrieved 293 items in this window.
2026-07-27 06:56:49 +0000 - dagster - INFO - __ASSET_JOB - 63bdf09a-9df6-4446-8bee-04db6d38a2aa - hackernews - Querying time window: 2026-07-26 09:08:48 to 2026-07-26 10:08:48 (1785056928 to 1785060528)...
2026-07-27 06:56:49 +0000 - dagster - INFO - __ASSET_JOB - 63bdf09a-9df6-4446-8bee-04db6d38a2aa - hackernews - Making GET request to https://hn.algolia.com/api/v1/search_by_date?numericFilters=created_at_i%3E%3D1785056928%2Ccreated_at_i%3C1785060528&hitsPerPage=1000
2026-07-27 06:56:50 +0000 - dagster - INFO - __ASSET_JOB - 63bdf09a-9df6-4446-8bee-04db6d38a2aa - hackernews - Retrieved 302 items in this window.
2026-07-27 06:56:50 +0000 - dagster - INFO - __ASSET_JOB - 63bdf09a-9df6-4446-8bee-04db6d38a2aa - hackernews - Querying time window: 2026-07-26 10:08:48 to 2026-07-26 11:08:48 (1785060528 to 1785064128)...
2026-07-27 06:56:50 +0000 - dagster - INFO - __ASSET_JOB - 63bdf09a-9df6-4446-8bee-04db6d38a2aa - hackernews - Making GET request to https://hn.algolia.com/api/v1/search_by_date?numericFilters=created_at_i%3E%3D1785060528%2Ccreated_at_i%3C1785064128&hitsPerPage=1000
2026-07-27 06:56:50 +0000 - dagster - INFO - __ASSET_JOB - 63bdf09a-9df6-4446-8bee-04db6d38a2aa - hackernews - Retrieved 334 items in this window.
2026-07-27 06:56:50 +0000 - dagster - INFO - __ASSET_JOB - 63bdf09a-9df6-4446-8bee-04db6d38a2aa - hackernews - Querying time window: 2026-07-26 11:08:48 to 2026-07-26 12:08:48 (1785064128 to 1785067728)...
2026-07-27 06:56:50 +0000 - dagster - INFO - __ASSET_JOB - 63bdf09a-9df6-4446-8bee-04db6d38a2aa - hackernews - Making GET request to https://hn.algolia.com/api/v1/search_by_date?numericFilters=created_at_i%3E%3D1785064128%2Ccreated_at_i%3C1785067728&hitsPerPage=1000
2026-07-27 06:56:51 +0000 - dagster - INFO - __ASSET_JOB - 63bdf09a-9df6-4446-8bee-04db6d38a2aa - hackernews - Retrieved 374 items in this window.
2026-07-27 06:56:51 +0000 - dagster - INFO - __ASSET_JOB - 63bdf09a-9df6-4446-8bee-04db6d38a2aa - hackernews - Querying time window: 2026-07-26 12:08:48 to 2026-07-26 13:08:48 (1785067728 to 1785071328)...
2026-07-27 06:56:51 +0000 - dagster - INFO - __ASSET_JOB - 63bdf09a-9df6-4446-8bee-04db6d38a2aa - hackernews - Making GET request to https://hn.algolia.com/api/v1/search_by_date?numericFilters=created_at_i%3E%3D1785067728%2Ccreated_at_i%3C1785071328&hitsPerPage=1000
2026-07-27 06:56:51 +0000 - dagster - INFO - __ASSET_JOB - 63bdf09a-9df6-4446-8bee-04db6d38a2aa - hackernews - Retrieved 452 items in this window.
2026-07-27 06:56:51 +0000 - dagster - INFO - __ASSET_JOB - 63bdf09a-9df6-4446-8bee-04db6d38a2aa - hackernews - Querying time window: 2026-07-26 13:08:48 to 2026-07-26 14:08:48 (1785071328 to 1785074928)...
2026-07-27 06:56:51 +0000 - dagster - INFO - __ASSET_JOB - 63bdf09a-9df6-4446-8bee-04db6d38a2aa - hackernews - Making GET request to https://hn.algolia.com/api/v1/search_by_date?numericFilters=created_at_i%3E%3D1785071328%2Ccreated_at_i%3C1785074928&hitsPerPage=1000
2026-07-27 06:56:51 +0000 - dagster - INFO - __ASSET_JOB - 63bdf09a-9df6-4446-8bee-04db6d38a2aa - hackernews - Retrieved 512 items in this window.
2026-07-27 06:56:51 +0000 - dagster - INFO - __ASSET_JOB - 63bdf09a-9df6-4446-8bee-04db6d38a2aa - hackernews - Querying time window: 2026-07-26 14:08:48 to 2026-07-26 15:08:48 (1785074928 to 1785078528)...
2026-07-27 06:56:51 +0000 - dagster - INFO - __ASSET_JOB - 63bdf09a-9df6-4446-8bee-04db6d38a2aa - hackernews - Making GET request to https://hn.algolia.com/api/v1/search_by_date?numericFilters=created_at_i%3E%3D1785074928%2Ccreated_at_i%3C1785078528&hitsPerPage=1000
2026-07-27 06:56:52 +0000 - dagster - INFO - __ASSET_JOB - 63bdf09a-9df6-4446-8bee-04db6d38a2aa - hackernews - Retrieved 447 items in this window.
2026-07-27 06:56:52 +0000 - dagster - INFO - __ASSET_JOB - 63bdf09a-9df6-4446-8bee-04db6d38a2aa - hackernews - Querying time window: 2026-07-26 15:08:48 to 2026-07-26 16:08:48 (1785078528 to 1785082128)...
2026-07-27 06:56:52 +0000 - dagster - INFO - __ASSET_JOB - 63bdf09a-9df6-4446-8bee-04db6d38a2aa - hackernews - Making GET request to https://hn.algolia.com/api/v1/search_by_date?numericFilters=created_at_i%3E%3D1785078528%2Ccreated_at_i%3C1785082128&hitsPerPage=1000
2026-07-27 06:56:52 +0000 - dagster - INFO - __ASSET_JOB - 63bdf09a-9df6-4446-8bee-04db6d38a2aa - hackernews - Retrieved 514 items in this window.
2026-07-27 06:56:52 +0000 - dagster - INFO - __ASSET_JOB - 63bdf09a-9df6-4446-8bee-04db6d38a2aa - hackernews - Querying time window: 2026-07-26 16:08:48 to 2026-07-26 17:08:48 (1785082128 to 1785085728)...
2026-07-27 06:56:52 +0000 - dagster - INFO - __ASSET_JOB - 63bdf09a-9df6-4446-8bee-04db6d38a2aa - hackernews - Making GET request to https://hn.algolia.com/api/v1/search_by_date?numericFilters=created_at_i%3E%3D1785082128%2Ccreated_at_i%3C1785085728&hitsPerPage=1000
2026-07-27 06:56:53 +0000 - dagster - INFO - __ASSET_JOB - 63bdf09a-9df6-4446-8bee-04db6d38a2aa - hackernews - Retrieved 507 items in this window.
2026-07-27 06:56:53 +0000 - dagster - INFO - __ASSET_JOB - 63bdf09a-9df6-4446-8bee-04db6d38a2aa - hackernews - Querying time window: 2026-07-26 17:08:48 to 2026-07-26 18:08:48 (1785085728 to 1785089328)...
2026-07-27 06:56:53 +0000 - dagster - INFO - __ASSET_JOB - 63bdf09a-9df6-4446-8bee-04db6d38a2aa - hackernews - Making GET request to https://hn.algolia.com/api/v1/search_by_date?numericFilters=created_at_i%3E%3D1785085728%2Ccreated_at_i%3C1785089328&hitsPerPage=1000
2026-07-27 06:56:53 +0000 - dagster - INFO - __ASSET_JOB - 63bdf09a-9df6-4446-8bee-04db6d38a2aa - hackernews - Retrieved 540 items in this window.
2026-07-27 06:56:53 +0000 - dagster - INFO - __ASSET_JOB - 63bdf09a-9df6-4446-8bee-04db6d38a2aa - hackernews - Querying time window: 2026-07-26 18:08:48 to 2026-07-26 19:08:48 (1785089328 to 1785092928)...
2026-07-27 06:56:53 +0000 - dagster - INFO - __ASSET_JOB - 63bdf09a-9df6-4446-8bee-04db6d38a2aa - hackernews - Making GET request to https://hn.algolia.com/api/v1/search_by_date?numericFilters=created_at_i%3E%3D1785089328%2Ccreated_at_i%3C1785092928&hitsPerPage=1000
2026-07-27 06:56:54 +0000 - dagster - INFO - __ASSET_JOB - 63bdf09a-9df6-4446-8bee-04db6d38a2aa - hackernews - Retrieved 581 items in this window.
2026-07-27 06:56:54 +0000 - dagster - INFO - __ASSET_JOB - 63bdf09a-9df6-4446-8bee-04db6d38a2aa - hackernews - Querying time window: 2026-07-26 19:08:48 to 2026-07-26 20:08:48 (1785092928 to 1785096528)...
2026-07-27 06:56:54 +0000 - dagster - INFO - __ASSET_JOB - 63bdf09a-9df6-4446-8bee-04db6d38a2aa - hackernews - Making GET request to https://hn.algolia.com/api/v1/search_by_date?numericFilters=created_at_i%3E%3D1785092928%2Ccreated_at_i%3C1785096528&hitsPerPage=1000
2026-07-27 06:56:54 +0000 - dagster - INFO - __ASSET_JOB - 63bdf09a-9df6-4446-8bee-04db6d38a2aa - hackernews - Retrieved 561 items in this window.
2026-07-27 06:56:54 +0000 - dagster - INFO - __ASSET_JOB - 63bdf09a-9df6-4446-8bee-04db6d38a2aa - hackernews - Querying time window: 2026-07-26 20:08:48 to 2026-07-26 21:08:48 (1785096528 to 1785100128)...
2026-07-27 06:56:54 +0000 - dagster - INFO - __ASSET_JOB - 63bdf09a-9df6-4446-8bee-04db6d38a2aa - hackernews - Making GET request to https://hn.algolia.com/api/v1/search_by_date?numericFilters=created_at_i%3E%3D1785096528%2Ccreated_at_i%3C1785100128&hitsPerPage=1000
2026-07-27 06:56:54 +0000 - dagster - INFO - __ASSET_JOB - 63bdf09a-9df6-4446-8bee-04db6d38a2aa - hackernews - Retrieved 427 items in this window.
2026-07-27 06:56:54 +0000 - dagster - INFO - __ASSET_JOB - 63bdf09a-9df6-4446-8bee-04db6d38a2aa - hackernews - Querying time window: 2026-07-26 21:08:48 to 2026-07-26 22:08:48 (1785100128 to 1785103728)...
2026-07-27 06:56:54 +0000 - dagster - INFO - __ASSET_JOB - 63bdf09a-9df6-4446-8bee-04db6d38a2aa - hackernews - Making GET request to https://hn.algolia.com/api/v1/search_by_date?numericFilters=created_at_i%3E%3D1785100128%2Ccreated_at_i%3C1785103728&hitsPerPage=1000
2026-07-27 06:56:55 +0000 - dagster - INFO - __ASSET_JOB - 63bdf09a-9df6-4446-8bee-04db6d38a2aa - hackernews - Retrieved 483 items in this window.
2026-07-27 06:56:55 +0000 - dagster - INFO - __ASSET_JOB - 63bdf09a-9df6-4446-8bee-04db6d38a2aa - hackernews - Querying time window: 2026-07-26 22:08:48 to 2026-07-26 23:08:48 (1785103728 to 1785107328)...
2026-07-27 06:56:55 +0000 - dagster - INFO - __ASSET_JOB - 63bdf09a-9df6-4446-8bee-04db6d38a2aa - hackernews - Making GET request to https://hn.algolia.com/api/v1/search_by_date?numericFilters=created_at_i%3E%3D1785103728%2Ccreated_at_i%3C1785107328&hitsPerPage=1000
2026-07-27 06:56:55 +0000 - dagster - INFO - __ASSET_JOB - 63bdf09a-9df6-4446-8bee-04db6d38a2aa - hackernews - Retrieved 325 items in this window.
2026-07-27 06:56:55 +0000 - dagster - INFO - __ASSET_JOB - 63bdf09a-9df6-4446-8bee-04db6d38a2aa - hackernews - Querying time window: 2026-07-26 23:08:48 to 2026-07-27 00:08:48 (1785107328 to 1785110928)...
2026-07-27 06:56:55 +0000 - dagster - INFO - __ASSET_JOB - 63bdf09a-9df6-4446-8bee-04db6d38a2aa - hackernews - Making GET request to https://hn.algolia.com/api/v1/search_by_date?numericFilters=created_at_i%3E%3D1785107328%2Ccreated_at_i%3C1785110928&hitsPerPage=1000
2026-07-27 06:56:56 +0000 - dagster - INFO - __ASSET_JOB - 63bdf09a-9df6-4446-8bee-04db6d38a2aa - hackernews - Retrieved 359 items in this window.
2026-07-27 06:56:56 +0000 - dagster - INFO - __ASSET_JOB - 63bdf09a-9df6-4446-8bee-04db6d38a2aa - hackernews - Querying time window: 2026-07-27 00:08:48 to 2026-07-27 01:08:48 (1785110928 to 1785114528)...
2026-07-27 06:56:56 +0000 - dagster - INFO - __ASSET_JOB - 63bdf09a-9df6-4446-8bee-04db6d38a2aa - hackernews - Making GET request to https://hn.algolia.com/api/v1/search_by_date?numericFilters=created_at_i%3E%3D1785110928%2Ccreated_at_i%3C1785114528&hitsPerPage=1000
2026-07-27 06:56:56 +0000 - dagster - INFO - __ASSET_JOB - 63bdf09a-9df6-4446-8bee-04db6d38a2aa - hackernews - Retrieved 331 items in this window.
2026-07-27 06:56:56 +0000 - dagster - INFO - __ASSET_JOB - 63bdf09a-9df6-4446-8bee-04db6d38a2aa - hackernews - Querying time window: 2026-07-27 01:08:48 to 2026-07-27 02:08:48 (1785114528 to 1785118128)...
2026-07-27 06:56:56 +0000 - dagster - INFO - __ASSET_JOB - 63bdf09a-9df6-4446-8bee-04db6d38a2aa - hackernews - Making GET request to https://hn.algolia.com/api/v1/search_by_date?numericFilters=created_at_i%3E%3D1785114528%2Ccreated_at_i%3C1785118128&hitsPerPage=1000
2026-07-27 06:56:56 +0000 - dagster - INFO - __ASSET_JOB - 63bdf09a-9df6-4446-8bee-04db6d38a2aa - hackernews - Retrieved 361 items in this window.
2026-07-27 06:56:56 +0000 - dagster - INFO - __ASSET_JOB - 63bdf09a-9df6-4446-8bee-04db6d38a2aa - hackernews - Querying time window: 2026-07-27 02:08:48 to 2026-07-27 03:08:48 (1785118128 to 1785121728)...
2026-07-27 06:56:56 +0000 - dagster - INFO - __ASSET_JOB - 63bdf09a-9df6-4446-8bee-04db6d38a2aa - hackernews - Making GET request to https://hn.algolia.com/api/v1/search_by_date?numericFilters=created_at_i%3E%3D1785118128%2Ccreated_at_i%3C1785121728&hitsPerPage=1000
2026-07-27 06:56:56 +0000 - dagster - INFO - __ASSET_JOB - 63bdf09a-9df6-4446-8bee-04db6d38a2aa - hackernews - Retrieved 312 items in this window.
2026-07-27 06:56:57 +0000 - dagster - INFO - __ASSET_JOB - 63bdf09a-9df6-4446-8bee-04db6d38a2aa - hackernews - Querying time window: 2026-07-27 03:08:48 to 2026-07-27 04:08:48 (1785121728 to 1785125328)...
2026-07-27 06:56:57 +0000 - dagster - INFO - __ASSET_JOB - 63bdf09a-9df6-4446-8bee-04db6d38a2aa - hackernews - Making GET request to https://hn.algolia.com/api/v1/search_by_date?numericFilters=created_at_i%3E%3D1785121728%2Ccreated_at_i%3C1785125328&hitsPerPage=1000
2026-07-27 06:56:57 +0000 - dagster - INFO - __ASSET_JOB - 63bdf09a-9df6-4446-8bee-04db6d38a2aa - hackernews - Retrieved 300 items in this window.
2026-07-27 06:56:57 +0000 - dagster - INFO - __ASSET_JOB - 63bdf09a-9df6-4446-8bee-04db6d38a2aa - hackernews - Querying time window: 2026-07-27 04:08:48 to 2026-07-27 05:08:48 (1785125328 to 1785128928)...
2026-07-27 06:56:57 +0000 - dagster - INFO - __ASSET_JOB - 63bdf09a-9df6-4446-8bee-04db6d38a2aa - hackernews - Making GET request to https://hn.algolia.com/api/v1/search_by_date?numericFilters=created_at_i%3E%3D1785125328%2Ccreated_at_i%3C1785128928&hitsPerPage=1000
2026-07-27 06:56:57 +0000 - dagster - INFO - __ASSET_JOB - 63bdf09a-9df6-4446-8bee-04db6d38a2aa - hackernews - Retrieved 250 items in this window.
2026-07-27 06:56:57 +0000 - dagster - INFO - __ASSET_JOB - 63bdf09a-9df6-4446-8bee-04db6d38a2aa - hackernews - Querying time window: 2026-07-27 05:08:48 to 2026-07-27 06:08:48 (1785128928 to 1785132528)...
2026-07-27 06:56:57 +0000 - dagster - INFO - __ASSET_JOB - 63bdf09a-9df6-4446-8bee-04db6d38a2aa - hackernews - Making GET request to https://hn.algolia.com/api/v1/search_by_date?numericFilters=created_at_i%3E%3D1785128928%2Ccreated_at_i%3C1785132528&hitsPerPage=1000
2026-07-27 06:56:58 +0000 - dagster - INFO - __ASSET_JOB - 63bdf09a-9df6-4446-8bee-04db6d38a2aa - hackernews - Retrieved 269 items in this window.
2026-07-27 06:56:58 +0000 - dagster - INFO - __ASSET_JOB - 63bdf09a-9df6-4446-8bee-04db6d38a2aa - hackernews - Querying time window: 2026-07-27 06:08:48 to 2026-07-27 06:55:45 (1785132528 to 1785135345)...
2026-07-27 06:56:58 +0000 - dagster - INFO - __ASSET_JOB - 63bdf09a-9df6-4446-8bee-04db6d38a2aa - hackernews - Making GET request to https://hn.algolia.com/api/v1/search_by_date?numericFilters=created_at_i%3E%3D1785132528%2Ccreated_at_i%3C1785135345&hitsPerPage=1000
2026-07-27 06:56:58 +0000 - dagster - INFO - __ASSET_JOB - 63bdf09a-9df6-4446-8bee-04db6d38a2aa - hackernews - Retrieved 260 items in this window.
2026-07-27 06:56:58 +0000 - dagster - INFO - __ASSET_JOB - 63bdf09a-9df6-4446-8bee-04db6d38a2aa - hackernews - Ingested 81108 items. Catch-up completed up to 2026-07-27 06:55:45 (1785135345).
2026-07-27 06:56:58 +0000 - dagster - INFO - __ASSET_JOB - 63bdf09a-9df6-4446-8bee-04db6d38a2aa - hackernews - Created none pool with 1 workers
2026-07-27 06:56:58 +0000 - dagster - INFO - __ASSET_JOB - 63bdf09a-9df6-4446-8bee-04db6d38a2aa - hackernews - Running file normalizing
2026-07-27 06:56:58 +0000 - dagster - INFO - __ASSET_JOB - 63bdf09a-9df6-4446-8bee-04db6d38a2aa - hackernews - Found 1 load packages
2026-07-27 06:56:58 +0000 - dagster - INFO - __ASSET_JOB - 63bdf09a-9df6-4446-8bee-04db6d38a2aa - hackernews - Found 2 files in schema hackernews_source load_id 1785135345.6360228
2026-07-27 06:56:58 +0000 - dagster - INFO - __ASSET_JOB - 63bdf09a-9df6-4446-8bee-04db6d38a2aa - hackernews - Created new load package 1785135345.6360228 on loading volume with 2 files
2026-07-27 06:56:58 +0000 - dagster - INFO - __ASSET_JOB - 63bdf09a-9df6-4446-8bee-04db6d38a2aa - hackernews - Created items normalizer JsonLItemsNormalizer with writer ParquetDataWriter for item format object and file format parquet on table items
2026-07-27 06:57:01 +0000 - dagster - INFO - __ASSET_JOB - 63bdf09a-9df6-4446-8bee-04db6d38a2aa - hackernews - A file format for table _dlt_pipeline_state was specified to preferred in the resource so parquet format being used.
2026-07-27 06:57:01 +0000 - dagster - INFO - __ASSET_JOB - 63bdf09a-9df6-4446-8bee-04db6d38a2aa - hackernews - Created items normalizer JsonLItemsNormalizer with writer ParquetDataWriter for item format object and file format parquet on table _dlt_pipeline_state
2026-07-27 06:57:01 +0000 - dagster - INFO - __ASSET_JOB - 63bdf09a-9df6-4446-8bee-04db6d38a2aa - hackernews - Processed all items in 2 files
2026-07-27 06:57:01 +0000 - dagster - INFO - __ASSET_JOB - 63bdf09a-9df6-4446-8bee-04db6d38a2aa - hackernews - Schema hackernews_source with version 2 was not modified. Save skipped
2026-07-27 06:57:01 +0000 - dagster - INFO - __ASSET_JOB - 63bdf09a-9df6-4446-8bee-04db6d38a2aa - hackernews - Committing storage, do not kill this process
2026-07-27 06:57:01 +0000 - dagster - INFO - __ASSET_JOB - 63bdf09a-9df6-4446-8bee-04db6d38a2aa - hackernews - Extracted package 1785135345.6360228 processed
2026-07-27 06:57:01 +0000 - dagster - INFO - __ASSET_JOB - 63bdf09a-9df6-4446-8bee-04db6d38a2aa - hackernews - Closing processing pool
2026-07-27 06:57:01 +0000 - dagster - INFO - __ASSET_JOB - 63bdf09a-9df6-4446-8bee-04db6d38a2aa - hackernews - Processing pool closed
2026-07-27 06:57:01 +0000 - dagster - INFO - __ASSET_JOB - 63bdf09a-9df6-4446-8bee-04db6d38a2aa - hackernews - Created thread pool with 20 workers
2026-07-27 06:57:01 +0000 - dagster - INFO - __ASSET_JOB - 63bdf09a-9df6-4446-8bee-04db6d38a2aa - hackernews - Running file loading
2026-07-27 06:57:01 +0000 - dagster - INFO - __ASSET_JOB - 63bdf09a-9df6-4446-8bee-04db6d38a2aa - hackernews - Found 1 load packages
2026-07-27 06:57:01 +0000 - dagster - INFO - __ASSET_JOB - 63bdf09a-9df6-4446-8bee-04db6d38a2aa - hackernews - Loading schema from load package in 1785135345.6360228
2026-07-27 06:57:01 +0000 - dagster - INFO - __ASSET_JOB - 63bdf09a-9df6-4446-8bee-04db6d38a2aa - hackernews - Loaded schema name hackernews_source and version 2
2026-07-27 06:57:01 +0000 - dagster - INFO - __ASSET_JOB - 63bdf09a-9df6-4446-8bee-04db6d38a2aa - hackernews - Client for ducklake will start initialize storage 
2026-07-27 06:57:01 +0000 - dagster - INFO - __ASSET_JOB - 63bdf09a-9df6-4446-8bee-04db6d38a2aa - hackernews - Client for ducklake will update schema to package schema 
2026-07-27 06:57:01 +0000 - dagster - INFO - __ASSET_JOB - 63bdf09a-9df6-4446-8bee-04db6d38a2aa - hackernews - Schema with hash x2O+283VfDO1ZKj6vXc0p2ZY5gazwm9WbeP6G+WGXfs= inserted at 2026-07-12 09:51:22.059119+00:00 found in storage, no upgrade required
2026-07-27 06:57:01 +0000 - dagster - INFO - __ASSET_JOB - 63bdf09a-9df6-4446-8bee-04db6d38a2aa - hackernews - Client for ducklake will start initialize storage for staging dataset
2026-07-27 06:57:01 +0000 - dagster - INFO - __ASSET_JOB - 63bdf09a-9df6-4446-8bee-04db6d38a2aa - hackernews - Client for ducklake will update schema to package schema for staging dataset
2026-07-27 06:57:01 +0000 - dagster - INFO - __ASSET_JOB - 63bdf09a-9df6-4446-8bee-04db6d38a2aa - hackernews - Schema with hash x2O+283VfDO1ZKj6vXc0p2ZY5gazwm9WbeP6G+WGXfs= not found in the storage. upgrading
2026-07-27 06:57:01 +0000 - dagster - INFO - __ASSET_JOB - 63bdf09a-9df6-4446-8bee-04db6d38a2aa - hackernews - Found 6 updates for _dlt_version in hackernews_source
2026-07-27 06:57:01 +0000 - dagster - INFO - __ASSET_JOB - 63bdf09a-9df6-4446-8bee-04db6d38a2aa - hackernews - Found 13 updates for items in hackernews_source
2026-07-27 06:57:01 +0000 - dagster - INFO - __ASSET_JOB - 63bdf09a-9df6-4446-8bee-04db6d38a2aa - hackernews - Client for ducklake will truncate tables for staging dataset
2026-07-27 06:57:01 +0000 - dagster - INFO - __ASSET_JOB - 63bdf09a-9df6-4446-8bee-04db6d38a2aa - hackernews - 0 started jobs found, which should be continued
2026-07-27 06:57:01 +0000 - dagster - INFO - __ASSET_JOB - 63bdf09a-9df6-4446-8bee-04db6d38a2aa - hackernews - Will complete 0 for 1785135345.6360228
2026-07-27 06:57:01 +0000 - dagster - INFO - __ASSET_JOB - 63bdf09a-9df6-4446-8bee-04db6d38a2aa - hackernews - Will load additional 1, creating jobs
2026-07-27 06:57:01 +0000 - dagster - INFO - __ASSET_JOB - 63bdf09a-9df6-4446-8bee-04db6d38a2aa - hackernews - Will load file 1785135345.6360228/new_jobs/_dlt_pipeline_state.fb0eee1572.0.parquet with table name _dlt_pipeline_state
2026-07-27 06:57:01 +0000 - dagster - INFO - __ASSET_JOB - 63bdf09a-9df6-4446-8bee-04db6d38a2aa - hackernews - Will complete 1 for 1785135345.6360228
2026-07-27 06:57:01 +0000 - dagster - INFO - __ASSET_JOB - 63bdf09a-9df6-4446-8bee-04db6d38a2aa - hackernews - Job for _dlt_pipeline_state.fb0eee1572.parquet completed in load 1785135345.6360228
2026-07-27 06:57:01 +0000 - dagster - INFO - __ASSET_JOB - 63bdf09a-9df6-4446-8bee-04db6d38a2aa - hackernews - Will load additional 1, creating jobs
2026-07-27 06:57:01 +0000 - dagster - INFO - __ASSET_JOB - 63bdf09a-9df6-4446-8bee-04db6d38a2aa - hackernews - Will load file 1785135345.6360228/new_jobs/items.68487e1100.0.parquet with table name items
2026-07-27 06:57:02 +0000 - dagster - INFO - __ASSET_JOB - 63bdf09a-9df6-4446-8bee-04db6d38a2aa - hackernews - Will complete 1 for 1785135345.6360228
2026-07-27 06:57:02 +0000 - dagster - INFO - __ASSET_JOB - 63bdf09a-9df6-4446-8bee-04db6d38a2aa - hackernews - Job items.68487e1100.parquet CREATED a new FOLLOWUP JOB /tmp/items.5836ec970a.0.sql placed in new_jobs
2026-07-27 06:57:02 +0000 - dagster - INFO - __ASSET_JOB - 63bdf09a-9df6-4446-8bee-04db6d38a2aa - hackernews - Job for items.68487e1100.parquet completed in load 1785135345.6360228
2026-07-27 06:57:02 +0000 - dagster - INFO - __ASSET_JOB - 63bdf09a-9df6-4446-8bee-04db6d38a2aa - hackernews - Will load additional 1, creating jobs
2026-07-27 06:57:02 +0000 - dagster - INFO - __ASSET_JOB - 63bdf09a-9df6-4446-8bee-04db6d38a2aa - hackernews - Will load file 1785135345.6360228/new_jobs/items.5836ec970a.0.sql with table name items
2026-07-27 06:57:02 +0000 - dagster - INFO - __ASSET_JOB - 63bdf09a-9df6-4446-8bee-04db6d38a2aa - hackernews - Will complete 1 for 1785135345.6360228
2026-07-27 06:57:02 +0000 - dagster - INFO - __ASSET_JOB - 63bdf09a-9df6-4446-8bee-04db6d38a2aa - hackernews - Job for items.5836ec970a.sql completed in load 1785135345.6360228
2026-07-27 06:57:02 +0000 - dagster - INFO - __ASSET_JOB - 63bdf09a-9df6-4446-8bee-04db6d38a2aa - hackernews - Will load additional 0, creating jobs
2026-07-27 06:57:03 +0000 - dagster - INFO - __ASSET_JOB - 63bdf09a-9df6-4446-8bee-04db6d38a2aa - hackernews - All jobs completed, archiving package 1785135345.6360228 with aborted set to False
2026-07-27 06:57:03 +0000 - dagster - INFO - __ASSET_JOB - 63bdf09a-9df6-4446-8bee-04db6d38a2aa - hackernews - Closing processing pool
2026-07-27 06:57:03 +0000 - dagster - INFO - __ASSET_JOB - 63bdf09a-9df6-4446-8bee-04db6d38a2aa - hackernews - Processing pool closed
2026-07-27 06:57:03 +0000 - dagster - INFO - __ASSET_JOB - 63bdf09a-9df6-4446-8bee-04db6d38a2aa - dbt_assets - A dbt subsetted execution is not being performed. Using the default dbt selection arguments `['--select', 'fqn:*']`.
2026-07-27 06:57:06 +0000 - dagster - INFO - __ASSET_JOB - 63bdf09a-9df6-4446-8bee-04db6d38a2aa - dbt_assets - Copying `/home/runner/work/orca/orca/transformation/target/partial_parse.msgpack` to `/home/runner/work/orca/orca/transformation/target/dbt_assets-63bdf09-a158cc3/partial_parse.msgpack` to take advantage of partial parsing.
2026-07-27 06:57:06 +0000 - dagster - INFO - __ASSET_JOB - 63bdf09a-9df6-4446-8bee-04db6d38a2aa - dbt_assets - Running dbt command: `dbt build --select fqn:*`.
2026-07-27 06:57:11 +0000 - dagster - INFO - __ASSET_JOB - 63bdf09a-9df6-4446-8bee-04db6d38a2aa - dbt_assets - Finished dbt command: `dbt build --select fqn:*`.
