2026-09-07 08:45:16 +0000 - dagster - INFO - __ASSET_JOB - 81bd9a7f-6192-4a11-8a8f-781389b53b69 - hackernews - The state was restored from the destination ducklake (dlt.destinations.ducklake):raw
2026-09-07 08:45:16 +0000 - dagster - INFO - __ASSET_JOB - 81bd9a7f-6192-4a11-8a8f-781389b53b69 - hackernews - The schema hackernews_source version 3 hash 6By9nwqTTrhznnSPDpfURqHpWrsY2BVikyibecXijOE= was restored from the destination ducklake:raw
2026-09-07 08:45:16 +0000 - dagster - INFO - __ASSET_JOB - 81bd9a7f-6192-4a11-8a8f-781389b53b69 - hackernews - Bind incremental on items with initial_value: 2026-07-01 00:00:00+00:00, start_value: 2026-08-31 10:16:08+00:00, end_value: None, func: max, row_order: None, on_missing: raise, range_start: closed, range_end: open
2026-09-07 08:45:16 +0000 - dagster - INFO - __ASSET_JOB - 81bd9a7f-6192-4a11-8a8f-781389b53b69 - hackernews - Starting incremental ingestion from 2026-08-31 10:16:08 UTC (1788171368)...
2026-09-07 08:45:16 +0000 - dagster - INFO - __ASSET_JOB - 81bd9a7f-6192-4a11-8a8f-781389b53b69 - hackernews - Querying time window: 2026-08-31 10:16:08 to 2026-08-31 11:16:08 (1788171368 to 1788174968)...
2026-09-07 08:45:16 +0000 - dagster - INFO - __ASSET_JOB - 81bd9a7f-6192-4a11-8a8f-781389b53b69 - hackernews - Making GET request to https://hn.algolia.com/api/v1/search_by_date?numericFilters=created_at_i%3E%3D1788171368%2Ccreated_at_i%3C1788174968&hitsPerPage=1000
2026-09-07 08:45:17 +0000 - dagster - INFO - __ASSET_JOB - 81bd9a7f-6192-4a11-8a8f-781389b53b69 - hackernews - Retrieved 321 items in this window.
2026-09-07 08:45:17 +0000 - dagster - INFO - __ASSET_JOB - 81bd9a7f-6192-4a11-8a8f-781389b53b69 - hackernews - Querying time window: 2026-08-31 11:16:08 to 2026-08-31 12:16:08 (1788174968 to 1788178568)...
2026-09-07 08:45:17 +0000 - dagster - INFO - __ASSET_JOB - 81bd9a7f-6192-4a11-8a8f-781389b53b69 - hackernews - Making GET request to https://hn.algolia.com/api/v1/search_by_date?numericFilters=created_at_i%3E%3D1788174968%2Ccreated_at_i%3C1788178568&hitsPerPage=1000
2026-09-07 08:45:17 +0000 - dagster - INFO - __ASSET_JOB - 81bd9a7f-6192-4a11-8a8f-781389b53b69 - hackernews - Retrieved 382 items in this window.
2026-09-07 08:45:17 +0000 - dagster - INFO - __ASSET_JOB - 81bd9a7f-6192-4a11-8a8f-781389b53b69 - hackernews - Querying time window: 2026-08-31 12:16:08 to 2026-08-31 13:16:08 (1788178568 to 1788182168)...
2026-09-07 08:45:17 +0000 - dagster - INFO - __ASSET_JOB - 81bd9a7f-6192-4a11-8a8f-781389b53b69 - hackernews - Making GET request to https://hn.algolia.com/api/v1/search_by_date?numericFilters=created_at_i%3E%3D1788178568%2Ccreated_at_i%3C1788182168&hitsPerPage=1000
2026-09-07 08:45:18 +0000 - dagster - INFO - __ASSET_JOB - 81bd9a7f-6192-4a11-8a8f-781389b53b69 - hackernews - Retrieved 564 items in this window.
2026-09-07 08:45:18 +0000 - dagster - INFO - __ASSET_JOB - 81bd9a7f-6192-4a11-8a8f-781389b53b69 - hackernews - Querying time window: 2026-08-31 13:16:08 to 2026-08-31 14:16:08 (1788182168 to 1788185768)...
2026-09-07 08:45:18 +0000 - dagster - INFO - __ASSET_JOB - 81bd9a7f-6192-4a11-8a8f-781389b53b69 - hackernews - Making GET request to https://hn.algolia.com/api/v1/search_by_date?numericFilters=created_at_i%3E%3D1788182168%2Ccreated_at_i%3C1788185768&hitsPerPage=1000
2026-09-07 08:45:18 +0000 - dagster - INFO - __ASSET_JOB - 81bd9a7f-6192-4a11-8a8f-781389b53b69 - hackernews - Retrieved 600 items in this window.
2026-09-07 08:45:18 +0000 - dagster - INFO - __ASSET_JOB - 81bd9a7f-6192-4a11-8a8f-781389b53b69 - hackernews - Querying time window: 2026-08-31 14:16:08 to 2026-08-31 15:16:08 (1788185768 to 1788189368)...
2026-09-07 08:45:18 +0000 - dagster - INFO - __ASSET_JOB - 81bd9a7f-6192-4a11-8a8f-781389b53b69 - hackernews - Making GET request to https://hn.algolia.com/api/v1/search_by_date?numericFilters=created_at_i%3E%3D1788185768%2Ccreated_at_i%3C1788189368&hitsPerPage=1000
2026-09-07 08:45:19 +0000 - dagster - INFO - __ASSET_JOB - 81bd9a7f-6192-4a11-8a8f-781389b53b69 - hackernews - Retrieved 613 items in this window.
2026-09-07 08:45:19 +0000 - dagster - INFO - __ASSET_JOB - 81bd9a7f-6192-4a11-8a8f-781389b53b69 - hackernews - Querying time window: 2026-08-31 15:16:08 to 2026-08-31 16:16:08 (1788189368 to 1788192968)...
2026-09-07 08:45:19 +0000 - dagster - INFO - __ASSET_JOB - 81bd9a7f-6192-4a11-8a8f-781389b53b69 - hackernews - Making GET request to https://hn.algolia.com/api/v1/search_by_date?numericFilters=created_at_i%3E%3D1788189368%2Ccreated_at_i%3C1788192968&hitsPerPage=1000
2026-09-07 08:45:19 +0000 - dagster - INFO - __ASSET_JOB - 81bd9a7f-6192-4a11-8a8f-781389b53b69 - hackernews - Retrieved 611 items in this window.
2026-09-07 08:45:19 +0000 - dagster - INFO - __ASSET_JOB - 81bd9a7f-6192-4a11-8a8f-781389b53b69 - hackernews - Querying time window: 2026-08-31 16:16:08 to 2026-08-31 17:16:08 (1788192968 to 1788196568)...
2026-09-07 08:45:19 +0000 - dagster - INFO - __ASSET_JOB - 81bd9a7f-6192-4a11-8a8f-781389b53b69 - hackernews - Making GET request to https://hn.algolia.com/api/v1/search_by_date?numericFilters=created_at_i%3E%3D1788192968%2Ccreated_at_i%3C1788196568&hitsPerPage=1000
2026-09-07 08:45:20 +0000 - dagster - INFO - __ASSET_JOB - 81bd9a7f-6192-4a11-8a8f-781389b53b69 - hackernews - Retrieved 651 items in this window.
2026-09-07 08:45:20 +0000 - dagster - INFO - __ASSET_JOB - 81bd9a7f-6192-4a11-8a8f-781389b53b69 - hackernews - Querying time window: 2026-08-31 17:16:08 to 2026-08-31 18:16:08 (1788196568 to 1788200168)...
2026-09-07 08:45:20 +0000 - dagster - INFO - __ASSET_JOB - 81bd9a7f-6192-4a11-8a8f-781389b53b69 - hackernews - Making GET request to https://hn.algolia.com/api/v1/search_by_date?numericFilters=created_at_i%3E%3D1788196568%2Ccreated_at_i%3C1788200168&hitsPerPage=1000
2026-09-07 08:45:20 +0000 - dagster - INFO - __ASSET_JOB - 81bd9a7f-6192-4a11-8a8f-781389b53b69 - hackernews - Retrieved 616 items in this window.
2026-09-07 08:45:20 +0000 - dagster - INFO - __ASSET_JOB - 81bd9a7f-6192-4a11-8a8f-781389b53b69 - hackernews - Querying time window: 2026-08-31 18:16:08 to 2026-08-31 19:16:08 (1788200168 to 1788203768)...
2026-09-07 08:45:20 +0000 - dagster - INFO - __ASSET_JOB - 81bd9a7f-6192-4a11-8a8f-781389b53b69 - hackernews - Making GET request to https://hn.algolia.com/api/v1/search_by_date?numericFilters=created_at_i%3E%3D1788200168%2Ccreated_at_i%3C1788203768&hitsPerPage=1000
2026-09-07 08:45:21 +0000 - dagster - INFO - __ASSET_JOB - 81bd9a7f-6192-4a11-8a8f-781389b53b69 - hackernews - Retrieved 759 items in this window.
2026-09-07 08:45:21 +0000 - dagster - INFO - __ASSET_JOB - 81bd9a7f-6192-4a11-8a8f-781389b53b69 - hackernews - Querying time window: 2026-08-31 19:16:08 to 2026-08-31 20:16:08 (1788203768 to 1788207368)...
2026-09-07 08:45:21 +0000 - dagster - INFO - __ASSET_JOB - 81bd9a7f-6192-4a11-8a8f-781389b53b69 - hackernews - Making GET request to https://hn.algolia.com/api/v1/search_by_date?numericFilters=created_at_i%3E%3D1788203768%2Ccreated_at_i%3C1788207368&hitsPerPage=1000
2026-09-07 08:45:22 +0000 - dagster - INFO - __ASSET_JOB - 81bd9a7f-6192-4a11-8a8f-781389b53b69 - hackernews - Retrieved 573 items in this window.
2026-09-07 08:45:22 +0000 - dagster - INFO - __ASSET_JOB - 81bd9a7f-6192-4a11-8a8f-781389b53b69 - hackernews - Querying time window: 2026-08-31 20:16:08 to 2026-08-31 21:16:08 (1788207368 to 1788210968)...
2026-09-07 08:45:22 +0000 - dagster - INFO - __ASSET_JOB - 81bd9a7f-6192-4a11-8a8f-781389b53b69 - hackernews - Making GET request to https://hn.algolia.com/api/v1/search_by_date?numericFilters=created_at_i%3E%3D1788207368%2Ccreated_at_i%3C1788210968&hitsPerPage=1000
2026-09-07 08:45:22 +0000 - dagster - INFO - __ASSET_JOB - 81bd9a7f-6192-4a11-8a8f-781389b53b69 - hackernews - Retrieved 492 items in this window.
2026-09-07 08:45:22 +0000 - dagster - INFO - __ASSET_JOB - 81bd9a7f-6192-4a11-8a8f-781389b53b69 - hackernews - Querying time window: 2026-08-31 21:16:08 to 2026-08-31 22:16:08 (1788210968 to 1788214568)...
2026-09-07 08:45:22 +0000 - dagster - INFO - __ASSET_JOB - 81bd9a7f-6192-4a11-8a8f-781389b53b69 - hackernews - Making GET request to https://hn.algolia.com/api/v1/search_by_date?numericFilters=created_at_i%3E%3D1788210968%2Ccreated_at_i%3C1788214568&hitsPerPage=1000
2026-09-07 08:45:23 +0000 - dagster - INFO - __ASSET_JOB - 81bd9a7f-6192-4a11-8a8f-781389b53b69 - hackernews - Retrieved 530 items in this window.
2026-09-07 08:45:23 +0000 - dagster - INFO - __ASSET_JOB - 81bd9a7f-6192-4a11-8a8f-781389b53b69 - hackernews - Querying time window: 2026-08-31 22:16:08 to 2026-08-31 23:16:08 (1788214568 to 1788218168)...
2026-09-07 08:45:23 +0000 - dagster - INFO - __ASSET_JOB - 81bd9a7f-6192-4a11-8a8f-781389b53b69 - hackernews - Making GET request to https://hn.algolia.com/api/v1/search_by_date?numericFilters=created_at_i%3E%3D1788214568%2Ccreated_at_i%3C1788218168&hitsPerPage=1000
2026-09-07 08:45:23 +0000 - dagster - INFO - __ASSET_JOB - 81bd9a7f-6192-4a11-8a8f-781389b53b69 - hackernews - Retrieved 430 items in this window.
2026-09-07 08:45:23 +0000 - dagster - INFO - __ASSET_JOB - 81bd9a7f-6192-4a11-8a8f-781389b53b69 - hackernews - Querying time window: 2026-08-31 23:16:08 to 2026-09-01 00:16:08 (1788218168 to 1788221768)...
2026-09-07 08:45:23 +0000 - dagster - INFO - __ASSET_JOB - 81bd9a7f-6192-4a11-8a8f-781389b53b69 - hackernews - Making GET request to https://hn.algolia.com/api/v1/search_by_date?numericFilters=created_at_i%3E%3D1788218168%2Ccreated_at_i%3C1788221768&hitsPerPage=1000
2026-09-07 08:45:23 +0000 - dagster - INFO - __ASSET_JOB - 81bd9a7f-6192-4a11-8a8f-781389b53b69 - hackernews - Retrieved 391 items in this window.
2026-09-07 08:45:24 +0000 - dagster - INFO - __ASSET_JOB - 81bd9a7f-6192-4a11-8a8f-781389b53b69 - hackernews - Querying time window: 2026-09-01 00:16:08 to 2026-09-01 01:16:08 (1788221768 to 1788225368)...
2026-09-07 08:45:24 +0000 - dagster - INFO - __ASSET_JOB - 81bd9a7f-6192-4a11-8a8f-781389b53b69 - hackernews - Making GET request to https://hn.algolia.com/api/v1/search_by_date?numericFilters=created_at_i%3E%3D1788221768%2Ccreated_at_i%3C1788225368&hitsPerPage=1000
2026-09-07 08:45:24 +0000 - dagster - INFO - __ASSET_JOB - 81bd9a7f-6192-4a11-8a8f-781389b53b69 - hackernews - Retrieved 330 items in this window.
2026-09-07 08:45:24 +0000 - dagster - INFO - __ASSET_JOB - 81bd9a7f-6192-4a11-8a8f-781389b53b69 - hackernews - Querying time window: 2026-09-01 01:16:08 to 2026-09-01 02:16:08 (1788225368 to 1788228968)...
2026-09-07 08:45:24 +0000 - dagster - INFO - __ASSET_JOB - 81bd9a7f-6192-4a11-8a8f-781389b53b69 - hackernews - Making GET request to https://hn.algolia.com/api/v1/search_by_date?numericFilters=created_at_i%3E%3D1788225368%2Ccreated_at_i%3C1788228968&hitsPerPage=1000
2026-09-07 08:45:24 +0000 - dagster - INFO - __ASSET_JOB - 81bd9a7f-6192-4a11-8a8f-781389b53b69 - hackernews - Retrieved 379 items in this window.
2026-09-07 08:45:24 +0000 - dagster - INFO - __ASSET_JOB - 81bd9a7f-6192-4a11-8a8f-781389b53b69 - hackernews - Querying time window: 2026-09-01 02:16:08 to 2026-09-01 03:16:08 (1788228968 to 1788232568)...
2026-09-07 08:45:24 +0000 - dagster - INFO - __ASSET_JOB - 81bd9a7f-6192-4a11-8a8f-781389b53b69 - hackernews - Making GET request to https://hn.algolia.com/api/v1/search_by_date?numericFilters=created_at_i%3E%3D1788228968%2Ccreated_at_i%3C1788232568&hitsPerPage=1000
2026-09-07 08:45:25 +0000 - dagster - INFO - __ASSET_JOB - 81bd9a7f-6192-4a11-8a8f-781389b53b69 - hackernews - Retrieved 330 items in this window.
2026-09-07 08:45:25 +0000 - dagster - INFO - __ASSET_JOB - 81bd9a7f-6192-4a11-8a8f-781389b53b69 - hackernews - Querying time window: 2026-09-01 03:16:08 to 2026-09-01 04:16:08 (1788232568 to 1788236168)...
2026-09-07 08:45:25 +0000 - dagster - INFO - __ASSET_JOB - 81bd9a7f-6192-4a11-8a8f-781389b53b69 - hackernews - Making GET request to https://hn.algolia.com/api/v1/search_by_date?numericFilters=created_at_i%3E%3D1788232568%2Ccreated_at_i%3C1788236168&hitsPerPage=1000
2026-09-07 08:45:25 +0000 - dagster - INFO - __ASSET_JOB - 81bd9a7f-6192-4a11-8a8f-781389b53b69 - hackernews - Retrieved 261 items in this window.
2026-09-07 08:45:26 +0000 - dagster - INFO - __ASSET_JOB - 81bd9a7f-6192-4a11-8a8f-781389b53b69 - hackernews - Querying time window: 2026-09-01 04:16:08 to 2026-09-01 05:16:08 (1788236168 to 1788239768)...
2026-09-07 08:45:26 +0000 - dagster - INFO - __ASSET_JOB - 81bd9a7f-6192-4a11-8a8f-781389b53b69 - hackernews - Making GET request to https://hn.algolia.com/api/v1/search_by_date?numericFilters=created_at_i%3E%3D1788236168%2Ccreated_at_i%3C1788239768&hitsPerPage=1000
2026-09-07 08:45:26 +0000 - dagster - INFO - __ASSET_JOB - 81bd9a7f-6192-4a11-8a8f-781389b53b69 - hackernews - Retrieved 302 items in this window.
2026-09-07 08:45:26 +0000 - dagster - INFO - __ASSET_JOB - 81bd9a7f-6192-4a11-8a8f-781389b53b69 - hackernews - Querying time window: 2026-09-01 05:16:08 to 2026-09-01 06:16:08 (1788239768 to 1788243368)...
2026-09-07 08:45:27 +0000 - dagster - INFO - __ASSET_JOB - 81bd9a7f-6192-4a11-8a8f-781389b53b69 - hackernews - Making GET request to https://hn.algolia.com/api/v1/search_by_date?numericFilters=created_at_i%3E%3D1788239768%2Ccreated_at_i%3C1788243368&hitsPerPage=1000
2026-09-07 08:45:27 +0000 - dagster - INFO - __ASSET_JOB - 81bd9a7f-6192-4a11-8a8f-781389b53b69 - hackernews - Retrieved 291 items in this window.
2026-09-07 08:45:27 +0000 - dagster - INFO - __ASSET_JOB - 81bd9a7f-6192-4a11-8a8f-781389b53b69 - hackernews - Querying time window: 2026-09-01 06:16:08 to 2026-09-01 07:16:08 (1788243368 to 1788246968)...
2026-09-07 08:45:27 +0000 - dagster - INFO - __ASSET_JOB - 81bd9a7f-6192-4a11-8a8f-781389b53b69 - hackernews - Making GET request to https://hn.algolia.com/api/v1/search_by_date?numericFilters=created_at_i%3E%3D1788243368%2Ccreated_at_i%3C1788246968&hitsPerPage=1000
2026-09-07 08:45:28 +0000 - dagster - INFO - __ASSET_JOB - 81bd9a7f-6192-4a11-8a8f-781389b53b69 - hackernews - Retrieved 381 items in this window.
2026-09-07 08:45:28 +0000 - dagster - INFO - __ASSET_JOB - 81bd9a7f-6192-4a11-8a8f-781389b53b69 - hackernews - Querying time window: 2026-09-01 07:16:08 to 2026-09-01 08:16:08 (1788246968 to 1788250568)...
2026-09-07 08:45:28 +0000 - dagster - INFO - __ASSET_JOB - 81bd9a7f-6192-4a11-8a8f-781389b53b69 - hackernews - Making GET request to https://hn.algolia.com/api/v1/search_by_date?numericFilters=created_at_i%3E%3D1788246968%2Ccreated_at_i%3C1788250568&hitsPerPage=1000
2026-09-07 08:45:28 +0000 - dagster - INFO - __ASSET_JOB - 81bd9a7f-6192-4a11-8a8f-781389b53b69 - hackernews - Retrieved 332 items in this window.
2026-09-07 08:45:28 +0000 - dagster - INFO - __ASSET_JOB - 81bd9a7f-6192-4a11-8a8f-781389b53b69 - hackernews - Querying time window: 2026-09-01 08:16:08 to 2026-09-01 09:16:08 (1788250568 to 1788254168)...
2026-09-07 08:45:28 +0000 - dagster - INFO - __ASSET_JOB - 81bd9a7f-6192-4a11-8a8f-781389b53b69 - hackernews - Making GET request to https://hn.algolia.com/api/v1/search_by_date?numericFilters=created_at_i%3E%3D1788250568%2Ccreated_at_i%3C1788254168&hitsPerPage=1000
2026-09-07 08:45:29 +0000 - dagster - INFO - __ASSET_JOB - 81bd9a7f-6192-4a11-8a8f-781389b53b69 - hackernews - Retrieved 305 items in this window.
2026-09-07 08:45:29 +0000 - dagster - INFO - __ASSET_JOB - 81bd9a7f-6192-4a11-8a8f-781389b53b69 - hackernews - Querying time window: 2026-09-01 09:16:08 to 2026-09-01 10:16:08 (1788254168 to 1788257768)...
2026-09-07 08:45:29 +0000 - dagster - INFO - __ASSET_JOB - 81bd9a7f-6192-4a11-8a8f-781389b53b69 - hackernews - Making GET request to https://hn.algolia.com/api/v1/search_by_date?numericFilters=created_at_i%3E%3D1788254168%2Ccreated_at_i%3C1788257768&hitsPerPage=1000
2026-09-07 08:45:29 +0000 - dagster - INFO - __ASSET_JOB - 81bd9a7f-6192-4a11-8a8f-781389b53b69 - hackernews - Retrieved 252 items in this window.
2026-09-07 08:45:29 +0000 - dagster - INFO - __ASSET_JOB - 81bd9a7f-6192-4a11-8a8f-781389b53b69 - hackernews - Querying time window: 2026-09-01 10:16:08 to 2026-09-01 11:16:08 (1788257768 to 1788261368)...
2026-09-07 08:45:29 +0000 - dagster - INFO - __ASSET_JOB - 81bd9a7f-6192-4a11-8a8f-781389b53b69 - hackernews - Making GET request to https://hn.algolia.com/api/v1/search_by_date?numericFilters=created_at_i%3E%3D1788257768%2Ccreated_at_i%3C1788261368&hitsPerPage=1000
2026-09-07 08:45:29 +0000 - dagster - INFO - __ASSET_JOB - 81bd9a7f-6192-4a11-8a8f-781389b53b69 - hackernews - Retrieved 326 items in this window.
2026-09-07 08:45:29 +0000 - dagster - INFO - __ASSET_JOB - 81bd9a7f-6192-4a11-8a8f-781389b53b69 - hackernews - Querying time window: 2026-09-01 11:16:08 to 2026-09-01 12:16:08 (1788261368 to 1788264968)...
2026-09-07 08:45:29 +0000 - dagster - INFO - __ASSET_JOB - 81bd9a7f-6192-4a11-8a8f-781389b53b69 - hackernews - Making GET request to https://hn.algolia.com/api/v1/search_by_date?numericFilters=created_at_i%3E%3D1788261368%2Ccreated_at_i%3C1788264968&hitsPerPage=1000
2026-09-07 08:45:30 +0000 - dagster - INFO - __ASSET_JOB - 81bd9a7f-6192-4a11-8a8f-781389b53b69 - hackernews - Retrieved 429 items in this window.
2026-09-07 08:45:30 +0000 - dagster - INFO - __ASSET_JOB - 81bd9a7f-6192-4a11-8a8f-781389b53b69 - hackernews - Querying time window: 2026-09-01 12:16:08 to 2026-09-01 13:16:08 (1788264968 to 1788268568)...
2026-09-07 08:45:30 +0000 - dagster - INFO - __ASSET_JOB - 81bd9a7f-6192-4a11-8a8f-781389b53b69 - hackernews - Making GET request to https://hn.algolia.com/api/v1/search_by_date?numericFilters=created_at_i%3E%3D1788264968%2Ccreated_at_i%3C1788268568&hitsPerPage=1000
2026-09-07 08:45:30 +0000 - dagster - INFO - __ASSET_JOB - 81bd9a7f-6192-4a11-8a8f-781389b53b69 - hackernews - Retrieved 553 items in this window.
2026-09-07 08:45:30 +0000 - dagster - INFO - __ASSET_JOB - 81bd9a7f-6192-4a11-8a8f-781389b53b69 - hackernews - Querying time window: 2026-09-01 13:16:08 to 2026-09-01 14:16:08 (1788268568 to 1788272168)...
2026-09-07 08:45:30 +0000 - dagster - INFO - __ASSET_JOB - 81bd9a7f-6192-4a11-8a8f-781389b53b69 - hackernews - Making GET request to https://hn.algolia.com/api/v1/search_by_date?numericFilters=created_at_i%3E%3D1788268568%2Ccreated_at_i%3C1788272168&hitsPerPage=1000
2026-09-07 08:45:30 +0000 - dagster - INFO - __ASSET_JOB - 81bd9a7f-6192-4a11-8a8f-781389b53b69 - hackernews - Retrieved 642 items in this window.
2026-09-07 08:45:30 +0000 - dagster - INFO - __ASSET_JOB - 81bd9a7f-6192-4a11-8a8f-781389b53b69 - hackernews - Querying time window: 2026-09-01 14:16:08 to 2026-09-01 15:16:08 (1788272168 to 1788275768)...
2026-09-07 08:45:30 +0000 - dagster - INFO - __ASSET_JOB - 81bd9a7f-6192-4a11-8a8f-781389b53b69 - hackernews - Making GET request to https://hn.algolia.com/api/v1/search_by_date?numericFilters=created_at_i%3E%3D1788272168%2Ccreated_at_i%3C1788275768&hitsPerPage=1000
2026-09-07 08:45:31 +0000 - dagster - INFO - __ASSET_JOB - 81bd9a7f-6192-4a11-8a8f-781389b53b69 - hackernews - Retrieved 660 items in this window.
2026-09-07 08:45:31 +0000 - dagster - INFO - __ASSET_JOB - 81bd9a7f-6192-4a11-8a8f-781389b53b69 - hackernews - Querying time window: 2026-09-01 15:16:08 to 2026-09-01 16:16:08 (1788275768 to 1788279368)...
2026-09-07 08:45:31 +0000 - dagster - INFO - __ASSET_JOB - 81bd9a7f-6192-4a11-8a8f-781389b53b69 - hackernews - Making GET request to https://hn.algolia.com/api/v1/search_by_date?numericFilters=created_at_i%3E%3D1788275768%2Ccreated_at_i%3C1788279368&hitsPerPage=1000
2026-09-07 08:45:32 +0000 - dagster - INFO - __ASSET_JOB - 81bd9a7f-6192-4a11-8a8f-781389b53b69 - hackernews - Retrieved 831 items in this window.
2026-09-07 08:45:32 +0000 - dagster - INFO - __ASSET_JOB - 81bd9a7f-6192-4a11-8a8f-781389b53b69 - hackernews - Querying time window: 2026-09-01 16:16:08 to 2026-09-01 17:16:08 (1788279368 to 1788282968)...
2026-09-07 08:45:32 +0000 - dagster - INFO - __ASSET_JOB - 81bd9a7f-6192-4a11-8a8f-781389b53b69 - hackernews - Making GET request to https://hn.algolia.com/api/v1/search_by_date?numericFilters=created_at_i%3E%3D1788279368%2Ccreated_at_i%3C1788282968&hitsPerPage=1000
2026-09-07 08:45:33 +0000 - dagster - INFO - __ASSET_JOB - 81bd9a7f-6192-4a11-8a8f-781389b53b69 - hackernews - Retrieved 739 items in this window.
2026-09-07 08:45:33 +0000 - dagster - INFO - __ASSET_JOB - 81bd9a7f-6192-4a11-8a8f-781389b53b69 - hackernews - Querying time window: 2026-09-01 17:16:08 to 2026-09-01 18:16:08 (1788282968 to 1788286568)...
2026-09-07 08:45:33 +0000 - dagster - INFO - __ASSET_JOB - 81bd9a7f-6192-4a11-8a8f-781389b53b69 - hackernews - Making GET request to https://hn.algolia.com/api/v1/search_by_date?numericFilters=created_at_i%3E%3D1788282968%2Ccreated_at_i%3C1788286568&hitsPerPage=1000
2026-09-07 08:45:33 +0000 - dagster - INFO - __ASSET_JOB - 81bd9a7f-6192-4a11-8a8f-781389b53b69 - hackernews - Retrieved 743 items in this window.
2026-09-07 08:45:33 +0000 - dagster - INFO - __ASSET_JOB - 81bd9a7f-6192-4a11-8a8f-781389b53b69 - hackernews - Querying time window: 2026-09-01 18:16:08 to 2026-09-01 19:16:08 (1788286568 to 1788290168)...
2026-09-07 08:45:33 +0000 - dagster - INFO - __ASSET_JOB - 81bd9a7f-6192-4a11-8a8f-781389b53b69 - hackernews - Making GET request to https://hn.algolia.com/api/v1/search_by_date?numericFilters=created_at_i%3E%3D1788286568%2Ccreated_at_i%3C1788290168&hitsPerPage=1000
2026-09-07 08:45:34 +0000 - dagster - INFO - __ASSET_JOB - 81bd9a7f-6192-4a11-8a8f-781389b53b69 - hackernews - Retrieved 839 items in this window.
2026-09-07 08:45:34 +0000 - dagster - INFO - __ASSET_JOB - 81bd9a7f-6192-4a11-8a8f-781389b53b69 - hackernews - Querying time window: 2026-09-01 19:16:08 to 2026-09-01 20:16:08 (1788290168 to 1788293768)...
2026-09-07 08:45:34 +0000 - dagster - INFO - __ASSET_JOB - 81bd9a7f-6192-4a11-8a8f-781389b53b69 - hackernews - Making GET request to https://hn.algolia.com/api/v1/search_by_date?numericFilters=created_at_i%3E%3D1788290168%2Ccreated_at_i%3C1788293768&hitsPerPage=1000
2026-09-07 08:45:34 +0000 - dagster - INFO - __ASSET_JOB - 81bd9a7f-6192-4a11-8a8f-781389b53b69 - hackernews - Retrieved 795 items in this window.
2026-09-07 08:45:34 +0000 - dagster - INFO - __ASSET_JOB - 81bd9a7f-6192-4a11-8a8f-781389b53b69 - hackernews - Querying time window: 2026-09-01 20:16:08 to 2026-09-01 21:16:08 (1788293768 to 1788297368)...
2026-09-07 08:45:34 +0000 - dagster - INFO - __ASSET_JOB - 81bd9a7f-6192-4a11-8a8f-781389b53b69 - hackernews - Making GET request to https://hn.algolia.com/api/v1/search_by_date?numericFilters=created_at_i%3E%3D1788293768%2Ccreated_at_i%3C1788297368&hitsPerPage=1000
2026-09-07 08:45:35 +0000 - dagster - INFO - __ASSET_JOB - 81bd9a7f-6192-4a11-8a8f-781389b53b69 - hackernews - Retrieved 723 items in this window.
2026-09-07 08:45:35 +0000 - dagster - INFO - __ASSET_JOB - 81bd9a7f-6192-4a11-8a8f-781389b53b69 - hackernews - Querying time window: 2026-09-01 21:16:08 to 2026-09-01 22:16:08 (1788297368 to 1788300968)...
2026-09-07 08:45:35 +0000 - dagster - INFO - __ASSET_JOB - 81bd9a7f-6192-4a11-8a8f-781389b53b69 - hackernews - Making GET request to https://hn.algolia.com/api/v1/search_by_date?numericFilters=created_at_i%3E%3D1788297368%2Ccreated_at_i%3C1788300968&hitsPerPage=1000
2026-09-07 08:45:36 +0000 - dagster - INFO - __ASSET_JOB - 81bd9a7f-6192-4a11-8a8f-781389b53b69 - hackernews - Retrieved 584 items in this window.
2026-09-07 08:45:36 +0000 - dagster - INFO - __ASSET_JOB - 81bd9a7f-6192-4a11-8a8f-781389b53b69 - hackernews - Querying time window: 2026-09-01 22:16:08 to 2026-09-01 23:16:08 (1788300968 to 1788304568)...
2026-09-07 08:45:36 +0000 - dagster - INFO - __ASSET_JOB - 81bd9a7f-6192-4a11-8a8f-781389b53b69 - hackernews - Making GET request to https://hn.algolia.com/api/v1/search_by_date?numericFilters=created_at_i%3E%3D1788300968%2Ccreated_at_i%3C1788304568&hitsPerPage=1000
2026-09-07 08:45:36 +0000 - dagster - INFO - __ASSET_JOB - 81bd9a7f-6192-4a11-8a8f-781389b53b69 - hackernews - Retrieved 560 items in this window.
2026-09-07 08:45:36 +0000 - dagster - INFO - __ASSET_JOB - 81bd9a7f-6192-4a11-8a8f-781389b53b69 - hackernews - Querying time window: 2026-09-01 23:16:08 to 2026-09-02 00:16:08 (1788304568 to 1788308168)...
2026-09-07 08:45:36 +0000 - dagster - INFO - __ASSET_JOB - 81bd9a7f-6192-4a11-8a8f-781389b53b69 - hackernews - Making GET request to https://hn.algolia.com/api/v1/search_by_date?numericFilters=created_at_i%3E%3D1788304568%2Ccreated_at_i%3C1788308168&hitsPerPage=1000
2026-09-07 08:45:36 +0000 - dagster - INFO - __ASSET_JOB - 81bd9a7f-6192-4a11-8a8f-781389b53b69 - hackernews - Retrieved 495 items in this window.
2026-09-07 08:45:36 +0000 - dagster - INFO - __ASSET_JOB - 81bd9a7f-6192-4a11-8a8f-781389b53b69 - hackernews - Querying time window: 2026-09-02 00:16:08 to 2026-09-02 01:16:08 (1788308168 to 1788311768)...
2026-09-07 08:45:36 +0000 - dagster - INFO - __ASSET_JOB - 81bd9a7f-6192-4a11-8a8f-781389b53b69 - hackernews - Making GET request to https://hn.algolia.com/api/v1/search_by_date?numericFilters=created_at_i%3E%3D1788308168%2Ccreated_at_i%3C1788311768&hitsPerPage=1000
2026-09-07 08:45:37 +0000 - dagster - INFO - __ASSET_JOB - 81bd9a7f-6192-4a11-8a8f-781389b53b69 - hackernews - Retrieved 380 items in this window.
2026-09-07 08:45:37 +0000 - dagster - INFO - __ASSET_JOB - 81bd9a7f-6192-4a11-8a8f-781389b53b69 - hackernews - Querying time window: 2026-09-02 01:16:08 to 2026-09-02 02:16:08 (1788311768 to 1788315368)...
2026-09-07 08:45:37 +0000 - dagster - INFO - __ASSET_JOB - 81bd9a7f-6192-4a11-8a8f-781389b53b69 - hackernews - Making GET request to https://hn.algolia.com/api/v1/search_by_date?numericFilters=created_at_i%3E%3D1788311768%2Ccreated_at_i%3C1788315368&hitsPerPage=1000
2026-09-07 08:45:37 +0000 - dagster - INFO - __ASSET_JOB - 81bd9a7f-6192-4a11-8a8f-781389b53b69 - hackernews - Retrieved 361 items in this window.
2026-09-07 08:45:37 +0000 - dagster - INFO - __ASSET_JOB - 81bd9a7f-6192-4a11-8a8f-781389b53b69 - hackernews - Querying time window: 2026-09-02 02:16:08 to 2026-09-02 03:16:08 (1788315368 to 1788318968)...
2026-09-07 08:45:37 +0000 - dagster - INFO - __ASSET_JOB - 81bd9a7f-6192-4a11-8a8f-781389b53b69 - hackernews - Making GET request to https://hn.algolia.com/api/v1/search_by_date?numericFilters=created_at_i%3E%3D1788315368%2Ccreated_at_i%3C1788318968&hitsPerPage=1000
2026-09-07 08:45:38 +0000 - dagster - INFO - __ASSET_JOB - 81bd9a7f-6192-4a11-8a8f-781389b53b69 - hackernews - Retrieved 294 items in this window.
2026-09-07 08:45:38 +0000 - dagster - INFO - __ASSET_JOB - 81bd9a7f-6192-4a11-8a8f-781389b53b69 - hackernews - Querying time window: 2026-09-02 03:16:08 to 2026-09-02 04:16:08 (1788318968 to 1788322568)...
2026-09-07 08:45:38 +0000 - dagster - INFO - __ASSET_JOB - 81bd9a7f-6192-4a11-8a8f-781389b53b69 - hackernews - Making GET request to https://hn.algolia.com/api/v1/search_by_date?numericFilters=created_at_i%3E%3D1788318968%2Ccreated_at_i%3C1788322568&hitsPerPage=1000
2026-09-07 08:45:38 +0000 - dagster - INFO - __ASSET_JOB - 81bd9a7f-6192-4a11-8a8f-781389b53b69 - hackernews - Retrieved 321 items in this window.
2026-09-07 08:45:38 +0000 - dagster - INFO - __ASSET_JOB - 81bd9a7f-6192-4a11-8a8f-781389b53b69 - hackernews - Querying time window: 2026-09-02 04:16:08 to 2026-09-02 05:16:08 (1788322568 to 1788326168)...
2026-09-07 08:45:38 +0000 - dagster - INFO - __ASSET_JOB - 81bd9a7f-6192-4a11-8a8f-781389b53b69 - hackernews - Making GET request to https://hn.algolia.com/api/v1/search_by_date?numericFilters=created_at_i%3E%3D1788322568%2Ccreated_at_i%3C1788326168&hitsPerPage=1000
2026-09-07 08:45:38 +0000 - dagster - INFO - __ASSET_JOB - 81bd9a7f-6192-4a11-8a8f-781389b53b69 - hackernews - Retrieved 306 items in this window.
2026-09-07 08:45:38 +0000 - dagster - INFO - __ASSET_JOB - 81bd9a7f-6192-4a11-8a8f-781389b53b69 - hackernews - Querying time window: 2026-09-02 05:16:08 to 2026-09-02 06:16:08 (1788326168 to 1788329768)...
2026-09-07 08:45:38 +0000 - dagster - INFO - __ASSET_JOB - 81bd9a7f-6192-4a11-8a8f-781389b53b69 - hackernews - Making GET request to https://hn.algolia.com/api/v1/search_by_date?numericFilters=created_at_i%3E%3D1788326168%2Ccreated_at_i%3C1788329768&hitsPerPage=1000
2026-09-07 08:45:39 +0000 - dagster - INFO - __ASSET_JOB - 81bd9a7f-6192-4a11-8a8f-781389b53b69 - hackernews - Retrieved 326 items in this window.
2026-09-07 08:45:39 +0000 - dagster - INFO - __ASSET_JOB - 81bd9a7f-6192-4a11-8a8f-781389b53b69 - hackernews - Querying time window: 2026-09-02 06:16:08 to 2026-09-02 07:16:08 (1788329768 to 1788333368)...
2026-09-07 08:45:39 +0000 - dagster - INFO - __ASSET_JOB - 81bd9a7f-6192-4a11-8a8f-781389b53b69 - hackernews - Making GET request to https://hn.algolia.com/api/v1/search_by_date?numericFilters=created_at_i%3E%3D1788329768%2Ccreated_at_i%3C1788333368&hitsPerPage=1000
2026-09-07 08:45:39 +0000 - dagster - INFO - __ASSET_JOB - 81bd9a7f-6192-4a11-8a8f-781389b53b69 - hackernews - Retrieved 390 items in this window.
2026-09-07 08:45:39 +0000 - dagster - INFO - __ASSET_JOB - 81bd9a7f-6192-4a11-8a8f-781389b53b69 - hackernews - Querying time window: 2026-09-02 07:16:08 to 2026-09-02 08:16:08 (1788333368 to 1788336968)...
2026-09-07 08:45:39 +0000 - dagster - INFO - __ASSET_JOB - 81bd9a7f-6192-4a11-8a8f-781389b53b69 - hackernews - Making GET request to https://hn.algolia.com/api/v1/search_by_date?numericFilters=created_at_i%3E%3D1788333368%2Ccreated_at_i%3C1788336968&hitsPerPage=1000
2026-09-07 08:45:40 +0000 - dagster - INFO - __ASSET_JOB - 81bd9a7f-6192-4a11-8a8f-781389b53b69 - hackernews - Retrieved 441 items in this window.
2026-09-07 08:45:40 +0000 - dagster - INFO - __ASSET_JOB - 81bd9a7f-6192-4a11-8a8f-781389b53b69 - hackernews - Querying time window: 2026-09-02 08:16:08 to 2026-09-02 09:16:08 (1788336968 to 1788340568)...
2026-09-07 08:45:40 +0000 - dagster - INFO - __ASSET_JOB - 81bd9a7f-6192-4a11-8a8f-781389b53b69 - hackernews - Making GET request to https://hn.algolia.com/api/v1/search_by_date?numericFilters=created_at_i%3E%3D1788336968%2Ccreated_at_i%3C1788340568&hitsPerPage=1000
2026-09-07 08:45:40 +0000 - dagster - INFO - __ASSET_JOB - 81bd9a7f-6192-4a11-8a8f-781389b53b69 - hackernews - Retrieved 386 items in this window.
2026-09-07 08:45:40 +0000 - dagster - INFO - __ASSET_JOB - 81bd9a7f-6192-4a11-8a8f-781389b53b69 - hackernews - Querying time window: 2026-09-02 09:16:08 to 2026-09-02 10:16:08 (1788340568 to 1788344168)...
2026-09-07 08:45:40 +0000 - dagster - INFO - __ASSET_JOB - 81bd9a7f-6192-4a11-8a8f-781389b53b69 - hackernews - Making GET request to https://hn.algolia.com/api/v1/search_by_date?numericFilters=created_at_i%3E%3D1788340568%2Ccreated_at_i%3C1788344168&hitsPerPage=1000
2026-09-07 08:45:40 +0000 - dagster - INFO - __ASSET_JOB - 81bd9a7f-6192-4a11-8a8f-781389b53b69 - hackernews - Retrieved 413 items in this window.
2026-09-07 08:45:40 +0000 - dagster - INFO - __ASSET_JOB - 81bd9a7f-6192-4a11-8a8f-781389b53b69 - hackernews - Querying time window: 2026-09-02 10:16:08 to 2026-09-02 11:16:08 (1788344168 to 1788347768)...
2026-09-07 08:45:40 +0000 - dagster - INFO - __ASSET_JOB - 81bd9a7f-6192-4a11-8a8f-781389b53b69 - hackernews - Making GET request to https://hn.algolia.com/api/v1/search_by_date?numericFilters=created_at_i%3E%3D1788344168%2Ccreated_at_i%3C1788347768&hitsPerPage=1000
2026-09-07 08:45:41 +0000 - dagster - INFO - __ASSET_JOB - 81bd9a7f-6192-4a11-8a8f-781389b53b69 - hackernews - Retrieved 331 items in this window.
2026-09-07 08:45:41 +0000 - dagster - INFO - __ASSET_JOB - 81bd9a7f-6192-4a11-8a8f-781389b53b69 - hackernews - Querying time window: 2026-09-02 11:16:08 to 2026-09-02 12:16:08 (1788347768 to 1788351368)...
2026-09-07 08:45:41 +0000 - dagster - INFO - __ASSET_JOB - 81bd9a7f-6192-4a11-8a8f-781389b53b69 - hackernews - Making GET request to https://hn.algolia.com/api/v1/search_by_date?numericFilters=created_at_i%3E%3D1788347768%2Ccreated_at_i%3C1788351368&hitsPerPage=1000
2026-09-07 08:45:41 +0000 - dagster - INFO - __ASSET_JOB - 81bd9a7f-6192-4a11-8a8f-781389b53b69 - hackernews - Retrieved 392 items in this window.
2026-09-07 08:45:41 +0000 - dagster - INFO - __ASSET_JOB - 81bd9a7f-6192-4a11-8a8f-781389b53b69 - hackernews - Querying time window: 2026-09-02 12:16:08 to 2026-09-02 13:16:08 (1788351368 to 1788354968)...
2026-09-07 08:45:41 +0000 - dagster - INFO - __ASSET_JOB - 81bd9a7f-6192-4a11-8a8f-781389b53b69 - hackernews - Making GET request to https://hn.algolia.com/api/v1/search_by_date?numericFilters=created_at_i%3E%3D1788351368%2Ccreated_at_i%3C1788354968&hitsPerPage=1000
2026-09-07 08:45:42 +0000 - dagster - INFO - __ASSET_JOB - 81bd9a7f-6192-4a11-8a8f-781389b53b69 - hackernews - Retrieved 538 items in this window.
2026-09-07 08:45:42 +0000 - dagster - INFO - __ASSET_JOB - 81bd9a7f-6192-4a11-8a8f-781389b53b69 - hackernews - Querying time window: 2026-09-02 13:16:08 to 2026-09-02 14:16:08 (1788354968 to 1788358568)...
2026-09-07 08:45:42 +0000 - dagster - INFO - __ASSET_JOB - 81bd9a7f-6192-4a11-8a8f-781389b53b69 - hackernews - Making GET request to https://hn.algolia.com/api/v1/search_by_date?numericFilters=created_at_i%3E%3D1788354968%2Ccreated_at_i%3C1788358568&hitsPerPage=1000
2026-09-07 08:45:42 +0000 - dagster - INFO - __ASSET_JOB - 81bd9a7f-6192-4a11-8a8f-781389b53b69 - hackernews - Retrieved 739 items in this window.
2026-09-07 08:45:42 +0000 - dagster - INFO - __ASSET_JOB - 81bd9a7f-6192-4a11-8a8f-781389b53b69 - hackernews - Querying time window: 2026-09-02 14:16:08 to 2026-09-02 15:16:08 (1788358568 to 1788362168)...
2026-09-07 08:45:42 +0000 - dagster - INFO - __ASSET_JOB - 81bd9a7f-6192-4a11-8a8f-781389b53b69 - hackernews - Making GET request to https://hn.algolia.com/api/v1/search_by_date?numericFilters=created_at_i%3E%3D1788358568%2Ccreated_at_i%3C1788362168&hitsPerPage=1000
2026-09-07 08:45:43 +0000 - dagster - INFO - __ASSET_JOB - 81bd9a7f-6192-4a11-8a8f-781389b53b69 - hackernews - Retrieved 897 items in this window.
2026-09-07 08:45:43 +0000 - dagster - INFO - __ASSET_JOB - 81bd9a7f-6192-4a11-8a8f-781389b53b69 - hackernews - Querying time window: 2026-09-02 15:16:08 to 2026-09-02 16:16:08 (1788362168 to 1788365768)...
2026-09-07 08:45:43 +0000 - dagster - INFO - __ASSET_JOB - 81bd9a7f-6192-4a11-8a8f-781389b53b69 - hackernews - Making GET request to https://hn.algolia.com/api/v1/search_by_date?numericFilters=created_at_i%3E%3D1788362168%2Ccreated_at_i%3C1788365768&hitsPerPage=1000
2026-09-07 08:45:43 +0000 - dagster - INFO - __ASSET_JOB - 81bd9a7f-6192-4a11-8a8f-781389b53b69 - hackernews - Retrieved 814 items in this window.
2026-09-07 08:45:43 +0000 - dagster - INFO - __ASSET_JOB - 81bd9a7f-6192-4a11-8a8f-781389b53b69 - hackernews - Querying time window: 2026-09-02 16:16:08 to 2026-09-02 17:16:08 (1788365768 to 1788369368)...
2026-09-07 08:45:43 +0000 - dagster - INFO - __ASSET_JOB - 81bd9a7f-6192-4a11-8a8f-781389b53b69 - hackernews - Making GET request to https://hn.algolia.com/api/v1/search_by_date?numericFilters=created_at_i%3E%3D1788365768%2Ccreated_at_i%3C1788369368&hitsPerPage=1000
2026-09-07 08:45:44 +0000 - dagster - INFO - __ASSET_JOB - 81bd9a7f-6192-4a11-8a8f-781389b53b69 - hackernews - Retrieved 778 items in this window.
2026-09-07 08:45:44 +0000 - dagster - INFO - __ASSET_JOB - 81bd9a7f-6192-4a11-8a8f-781389b53b69 - hackernews - Querying time window: 2026-09-02 17:16:08 to 2026-09-02 18:16:08 (1788369368 to 1788372968)...
2026-09-07 08:45:44 +0000 - dagster - INFO - __ASSET_JOB - 81bd9a7f-6192-4a11-8a8f-781389b53b69 - hackernews - Making GET request to https://hn.algolia.com/api/v1/search_by_date?numericFilters=created_at_i%3E%3D1788369368%2Ccreated_at_i%3C1788372968&hitsPerPage=1000
2026-09-07 08:45:44 +0000 - dagster - INFO - __ASSET_JOB - 81bd9a7f-6192-4a11-8a8f-781389b53b69 - hackernews - Retrieved 759 items in this window.
2026-09-07 08:45:44 +0000 - dagster - INFO - __ASSET_JOB - 81bd9a7f-6192-4a11-8a8f-781389b53b69 - hackernews - Querying time window: 2026-09-02 18:16:08 to 2026-09-02 19:16:08 (1788372968 to 1788376568)...
2026-09-07 08:45:44 +0000 - dagster - INFO - __ASSET_JOB - 81bd9a7f-6192-4a11-8a8f-781389b53b69 - hackernews - Making GET request to https://hn.algolia.com/api/v1/search_by_date?numericFilters=created_at_i%3E%3D1788372968%2Ccreated_at_i%3C1788376568&hitsPerPage=1000
2026-09-07 08:45:45 +0000 - dagster - INFO - __ASSET_JOB - 81bd9a7f-6192-4a11-8a8f-781389b53b69 - hackernews - Retrieved 731 items in this window.
2026-09-07 08:45:45 +0000 - dagster - INFO - __ASSET_JOB - 81bd9a7f-6192-4a11-8a8f-781389b53b69 - hackernews - Querying time window: 2026-09-02 19:16:08 to 2026-09-02 20:16:08 (1788376568 to 1788380168)...
2026-09-07 08:45:45 +0000 - dagster - INFO - __ASSET_JOB - 81bd9a7f-6192-4a11-8a8f-781389b53b69 - hackernews - Making GET request to https://hn.algolia.com/api/v1/search_by_date?numericFilters=created_at_i%3E%3D1788376568%2Ccreated_at_i%3C1788380168&hitsPerPage=1000
2026-09-07 08:45:45 +0000 - dagster - INFO - __ASSET_JOB - 81bd9a7f-6192-4a11-8a8f-781389b53b69 - hackernews - Retrieved 750 items in this window.
2026-09-07 08:45:45 +0000 - dagster - INFO - __ASSET_JOB - 81bd9a7f-6192-4a11-8a8f-781389b53b69 - hackernews - Querying time window: 2026-09-02 20:16:08 to 2026-09-02 21:16:08 (1788380168 to 1788383768)...
2026-09-07 08:45:45 +0000 - dagster - INFO - __ASSET_JOB - 81bd9a7f-6192-4a11-8a8f-781389b53b69 - hackernews - Making GET request to https://hn.algolia.com/api/v1/search_by_date?numericFilters=created_at_i%3E%3D1788380168%2Ccreated_at_i%3C1788383768&hitsPerPage=1000
2026-09-07 08:45:46 +0000 - dagster - INFO - __ASSET_JOB - 81bd9a7f-6192-4a11-8a8f-781389b53b69 - hackernews - Retrieved 757 items in this window.
2026-09-07 08:45:46 +0000 - dagster - INFO - __ASSET_JOB - 81bd9a7f-6192-4a11-8a8f-781389b53b69 - hackernews - Querying time window: 2026-09-02 21:16:08 to 2026-09-02 22:16:08 (1788383768 to 1788387368)...
2026-09-07 08:45:46 +0000 - dagster - INFO - __ASSET_JOB - 81bd9a7f-6192-4a11-8a8f-781389b53b69 - hackernews - Making GET request to https://hn.algolia.com/api/v1/search_by_date?numericFilters=created_at_i%3E%3D1788383768%2Ccreated_at_i%3C1788387368&hitsPerPage=1000
2026-09-07 08:45:46 +0000 - dagster - INFO - __ASSET_JOB - 81bd9a7f-6192-4a11-8a8f-781389b53b69 - hackernews - Retrieved 584 items in this window.
2026-09-07 08:45:46 +0000 - dagster - INFO - __ASSET_JOB - 81bd9a7f-6192-4a11-8a8f-781389b53b69 - hackernews - Querying time window: 2026-09-02 22:16:08 to 2026-09-02 23:16:08 (1788387368 to 1788390968)...
2026-09-07 08:45:46 +0000 - dagster - INFO - __ASSET_JOB - 81bd9a7f-6192-4a11-8a8f-781389b53b69 - hackernews - Making GET request to https://hn.algolia.com/api/v1/search_by_date?numericFilters=created_at_i%3E%3D1788387368%2Ccreated_at_i%3C1788390968&hitsPerPage=1000
2026-09-07 08:45:47 +0000 - dagster - INFO - __ASSET_JOB - 81bd9a7f-6192-4a11-8a8f-781389b53b69 - hackernews - Retrieved 512 items in this window.
2026-09-07 08:45:47 +0000 - dagster - INFO - __ASSET_JOB - 81bd9a7f-6192-4a11-8a8f-781389b53b69 - hackernews - Querying time window: 2026-09-02 23:16:08 to 2026-09-03 00:16:08 (1788390968 to 1788394568)...
2026-09-07 08:45:47 +0000 - dagster - INFO - __ASSET_JOB - 81bd9a7f-6192-4a11-8a8f-781389b53b69 - hackernews - Making GET request to https://hn.algolia.com/api/v1/search_by_date?numericFilters=created_at_i%3E%3D1788390968%2Ccreated_at_i%3C1788394568&hitsPerPage=1000
2026-09-07 08:45:48 +0000 - dagster - INFO - __ASSET_JOB - 81bd9a7f-6192-4a11-8a8f-781389b53b69 - hackernews - Retrieved 416 items in this window.
2026-09-07 08:45:48 +0000 - dagster - INFO - __ASSET_JOB - 81bd9a7f-6192-4a11-8a8f-781389b53b69 - hackernews - Querying time window: 2026-09-03 00:16:08 to 2026-09-03 01:16:08 (1788394568 to 1788398168)...
2026-09-07 08:45:48 +0000 - dagster - INFO - __ASSET_JOB - 81bd9a7f-6192-4a11-8a8f-781389b53b69 - hackernews - Making GET request to https://hn.algolia.com/api/v1/search_by_date?numericFilters=created_at_i%3E%3D1788394568%2Ccreated_at_i%3C1788398168&hitsPerPage=1000
2026-09-07 08:45:48 +0000 - dagster - INFO - __ASSET_JOB - 81bd9a7f-6192-4a11-8a8f-781389b53b69 - hackernews - Retrieved 378 items in this window.
2026-09-07 08:45:48 +0000 - dagster - INFO - __ASSET_JOB - 81bd9a7f-6192-4a11-8a8f-781389b53b69 - hackernews - Querying time window: 2026-09-03 01:16:08 to 2026-09-03 02:16:08 (1788398168 to 1788401768)...
2026-09-07 08:45:48 +0000 - dagster - INFO - __ASSET_JOB - 81bd9a7f-6192-4a11-8a8f-781389b53b69 - hackernews - Making GET request to https://hn.algolia.com/api/v1/search_by_date?numericFilters=created_at_i%3E%3D1788398168%2Ccreated_at_i%3C1788401768&hitsPerPage=1000
2026-09-07 08:45:49 +0000 - dagster - INFO - __ASSET_JOB - 81bd9a7f-6192-4a11-8a8f-781389b53b69 - hackernews - Retrieved 346 items in this window.
2026-09-07 08:45:49 +0000 - dagster - INFO - __ASSET_JOB - 81bd9a7f-6192-4a11-8a8f-781389b53b69 - hackernews - Querying time window: 2026-09-03 02:16:08 to 2026-09-03 03:16:08 (1788401768 to 1788405368)...
2026-09-07 08:45:49 +0000 - dagster - INFO - __ASSET_JOB - 81bd9a7f-6192-4a11-8a8f-781389b53b69 - hackernews - Making GET request to https://hn.algolia.com/api/v1/search_by_date?numericFilters=created_at_i%3E%3D1788401768%2Ccreated_at_i%3C1788405368&hitsPerPage=1000
2026-09-07 08:45:49 +0000 - dagster - INFO - __ASSET_JOB - 81bd9a7f-6192-4a11-8a8f-781389b53b69 - hackernews - Retrieved 330 items in this window.
2026-09-07 08:45:49 +0000 - dagster - INFO - __ASSET_JOB - 81bd9a7f-6192-4a11-8a8f-781389b53b69 - hackernews - Querying time window: 2026-09-03 03:16:08 to 2026-09-03 04:16:08 (1788405368 to 1788408968)...
2026-09-07 08:45:49 +0000 - dagster - INFO - __ASSET_JOB - 81bd9a7f-6192-4a11-8a8f-781389b53b69 - hackernews - Making GET request to https://hn.algolia.com/api/v1/search_by_date?numericFilters=created_at_i%3E%3D1788405368%2Ccreated_at_i%3C1788408968&hitsPerPage=1000
2026-09-07 08:45:50 +0000 - dagster - INFO - __ASSET_JOB - 81bd9a7f-6192-4a11-8a8f-781389b53b69 - hackernews - Retrieved 245 items in this window.
2026-09-07 08:45:50 +0000 - dagster - INFO - __ASSET_JOB - 81bd9a7f-6192-4a11-8a8f-781389b53b69 - hackernews - Querying time window: 2026-09-03 04:16:08 to 2026-09-03 05:16:08 (1788408968 to 1788412568)...
2026-09-07 08:45:50 +0000 - dagster - INFO - __ASSET_JOB - 81bd9a7f-6192-4a11-8a8f-781389b53b69 - hackernews - Making GET request to https://hn.algolia.com/api/v1/search_by_date?numericFilters=created_at_i%3E%3D1788408968%2Ccreated_at_i%3C1788412568&hitsPerPage=1000
2026-09-07 08:45:50 +0000 - dagster - INFO - __ASSET_JOB - 81bd9a7f-6192-4a11-8a8f-781389b53b69 - hackernews - Retrieved 317 items in this window.
2026-09-07 08:45:50 +0000 - dagster - INFO - __ASSET_JOB - 81bd9a7f-6192-4a11-8a8f-781389b53b69 - hackernews - Querying time window: 2026-09-03 05:16:08 to 2026-09-03 06:16:08 (1788412568 to 1788416168)...
2026-09-07 08:45:50 +0000 - dagster - INFO - __ASSET_JOB - 81bd9a7f-6192-4a11-8a8f-781389b53b69 - hackernews - Making GET request to https://hn.algolia.com/api/v1/search_by_date?numericFilters=created_at_i%3E%3D1788412568%2Ccreated_at_i%3C1788416168&hitsPerPage=1000
2026-09-07 08:45:51 +0000 - dagster - INFO - __ASSET_JOB - 81bd9a7f-6192-4a11-8a8f-781389b53b69 - hackernews - Retrieved 272 items in this window.
2026-09-07 08:45:51 +0000 - dagster - INFO - __ASSET_JOB - 81bd9a7f-6192-4a11-8a8f-781389b53b69 - hackernews - Querying time window: 2026-09-03 06:16:08 to 2026-09-03 07:16:08 (1788416168 to 1788419768)...
2026-09-07 08:45:51 +0000 - dagster - INFO - __ASSET_JOB - 81bd9a7f-6192-4a11-8a8f-781389b53b69 - hackernews - Making GET request to https://hn.algolia.com/api/v1/search_by_date?numericFilters=created_at_i%3E%3D1788416168%2Ccreated_at_i%3C1788419768&hitsPerPage=1000
2026-09-07 08:45:51 +0000 - dagster - INFO - __ASSET_JOB - 81bd9a7f-6192-4a11-8a8f-781389b53b69 - hackernews - Retrieved 329 items in this window.
2026-09-07 08:45:51 +0000 - dagster - INFO - __ASSET_JOB - 81bd9a7f-6192-4a11-8a8f-781389b53b69 - hackernews - Querying time window: 2026-09-03 07:16:08 to 2026-09-03 08:16:08 (1788419768 to 1788423368)...
2026-09-07 08:45:51 +0000 - dagster - INFO - __ASSET_JOB - 81bd9a7f-6192-4a11-8a8f-781389b53b69 - hackernews - Making GET request to https://hn.algolia.com/api/v1/search_by_date?numericFilters=created_at_i%3E%3D1788419768%2Ccreated_at_i%3C1788423368&hitsPerPage=1000
2026-09-07 08:45:51 +0000 - dagster - INFO - __ASSET_JOB - 81bd9a7f-6192-4a11-8a8f-781389b53b69 - hackernews - Retrieved 343 items in this window.
2026-09-07 08:45:51 +0000 - dagster - INFO - __ASSET_JOB - 81bd9a7f-6192-4a11-8a8f-781389b53b69 - hackernews - Querying time window: 2026-09-03 08:16:08 to 2026-09-03 09:16:08 (1788423368 to 1788426968)...
2026-09-07 08:45:51 +0000 - dagster - INFO - __ASSET_JOB - 81bd9a7f-6192-4a11-8a8f-781389b53b69 - hackernews - Making GET request to https://hn.algolia.com/api/v1/search_by_date?numericFilters=created_at_i%3E%3D1788423368%2Ccreated_at_i%3C1788426968&hitsPerPage=1000
2026-09-07 08:45:52 +0000 - dagster - INFO - __ASSET_JOB - 81bd9a7f-6192-4a11-8a8f-781389b53b69 - hackernews - Retrieved 382 items in this window.
2026-09-07 08:45:52 +0000 - dagster - INFO - __ASSET_JOB - 81bd9a7f-6192-4a11-8a8f-781389b53b69 - hackernews - Querying time window: 2026-09-03 09:16:08 to 2026-09-03 10:16:08 (1788426968 to 1788430568)...
2026-09-07 08:45:52 +0000 - dagster - INFO - __ASSET_JOB - 81bd9a7f-6192-4a11-8a8f-781389b53b69 - hackernews - Making GET request to https://hn.algolia.com/api/v1/search_by_date?numericFilters=created_at_i%3E%3D1788426968%2Ccreated_at_i%3C1788430568&hitsPerPage=1000
2026-09-07 08:45:53 +0000 - dagster - INFO - __ASSET_JOB - 81bd9a7f-6192-4a11-8a8f-781389b53b69 - hackernews - Retrieved 350 items in this window.
2026-09-07 08:45:53 +0000 - dagster - INFO - __ASSET_JOB - 81bd9a7f-6192-4a11-8a8f-781389b53b69 - hackernews - Querying time window: 2026-09-03 10:16:08 to 2026-09-03 11:16:08 (1788430568 to 1788434168)...
2026-09-07 08:45:53 +0000 - dagster - INFO - __ASSET_JOB - 81bd9a7f-6192-4a11-8a8f-781389b53b69 - hackernews - Making GET request to https://hn.algolia.com/api/v1/search_by_date?numericFilters=created_at_i%3E%3D1788430568%2Ccreated_at_i%3C1788434168&hitsPerPage=1000
2026-09-07 08:45:53 +0000 - dagster - INFO - __ASSET_JOB - 81bd9a7f-6192-4a11-8a8f-781389b53b69 - hackernews - Retrieved 351 items in this window.
2026-09-07 08:45:53 +0000 - dagster - INFO - __ASSET_JOB - 81bd9a7f-6192-4a11-8a8f-781389b53b69 - hackernews - Querying time window: 2026-09-03 11:16:08 to 2026-09-03 12:16:08 (1788434168 to 1788437768)...
2026-09-07 08:45:53 +0000 - dagster - INFO - __ASSET_JOB - 81bd9a7f-6192-4a11-8a8f-781389b53b69 - hackernews - Making GET request to https://hn.algolia.com/api/v1/search_by_date?numericFilters=created_at_i%3E%3D1788434168%2Ccreated_at_i%3C1788437768&hitsPerPage=1000
2026-09-07 08:45:53 +0000 - dagster - INFO - __ASSET_JOB - 81bd9a7f-6192-4a11-8a8f-781389b53b69 - hackernews - Retrieved 387 items in this window.
2026-09-07 08:45:53 +0000 - dagster - INFO - __ASSET_JOB - 81bd9a7f-6192-4a11-8a8f-781389b53b69 - hackernews - Querying time window: 2026-09-03 12:16:08 to 2026-09-03 13:16:08 (1788437768 to 1788441368)...
2026-09-07 08:45:53 +0000 - dagster - INFO - __ASSET_JOB - 81bd9a7f-6192-4a11-8a8f-781389b53b69 - hackernews - Making GET request to https://hn.algolia.com/api/v1/search_by_date?numericFilters=created_at_i%3E%3D1788437768%2Ccreated_at_i%3C1788441368&hitsPerPage=1000
2026-09-07 08:45:54 +0000 - dagster - INFO - __ASSET_JOB - 81bd9a7f-6192-4a11-8a8f-781389b53b69 - hackernews - Retrieved 457 items in this window.
2026-09-07 08:45:54 +0000 - dagster - INFO - __ASSET_JOB - 81bd9a7f-6192-4a11-8a8f-781389b53b69 - hackernews - Querying time window: 2026-09-03 13:16:08 to 2026-09-03 14:16:08 (1788441368 to 1788444968)...
2026-09-07 08:45:54 +0000 - dagster - INFO - __ASSET_JOB - 81bd9a7f-6192-4a11-8a8f-781389b53b69 - hackernews - Making GET request to https://hn.algolia.com/api/v1/search_by_date?numericFilters=created_at_i%3E%3D1788441368%2Ccreated_at_i%3C1788444968&hitsPerPage=1000
2026-09-07 08:45:54 +0000 - dagster - INFO - __ASSET_JOB - 81bd9a7f-6192-4a11-8a8f-781389b53b69 - hackernews - Retrieved 571 items in this window.
2026-09-07 08:45:54 +0000 - dagster - INFO - __ASSET_JOB - 81bd9a7f-6192-4a11-8a8f-781389b53b69 - hackernews - Querying time window: 2026-09-03 14:16:08 to 2026-09-03 15:16:08 (1788444968 to 1788448568)...
2026-09-07 08:45:54 +0000 - dagster - INFO - __ASSET_JOB - 81bd9a7f-6192-4a11-8a8f-781389b53b69 - hackernews - Making GET request to https://hn.algolia.com/api/v1/search_by_date?numericFilters=created_at_i%3E%3D1788444968%2Ccreated_at_i%3C1788448568&hitsPerPage=1000
2026-09-07 08:45:55 +0000 - dagster - INFO - __ASSET_JOB - 81bd9a7f-6192-4a11-8a8f-781389b53b69 - hackernews - Retrieved 978 items in this window.
2026-09-07 08:45:55 +0000 - dagster - INFO - __ASSET_JOB - 81bd9a7f-6192-4a11-8a8f-781389b53b69 - hackernews - Querying time window: 2026-09-03 15:16:08 to 2026-09-03 16:16:08 (1788448568 to 1788452168)...
2026-09-07 08:45:55 +0000 - dagster - INFO - __ASSET_JOB - 81bd9a7f-6192-4a11-8a8f-781389b53b69 - hackernews - Making GET request to https://hn.algolia.com/api/v1/search_by_date?numericFilters=created_at_i%3E%3D1788448568%2Ccreated_at_i%3C1788452168&hitsPerPage=1000
2026-09-07 08:45:56 +0000 - dagster - INFO - __ASSET_JOB - 81bd9a7f-6192-4a11-8a8f-781389b53b69 - hackernews - Retrieved 993 items in this window.
2026-09-07 08:45:56 +0000 - dagster - INFO - __ASSET_JOB - 81bd9a7f-6192-4a11-8a8f-781389b53b69 - hackernews - Querying time window: 2026-09-03 16:16:08 to 2026-09-03 17:16:08 (1788452168 to 1788455768)...
2026-09-07 08:45:56 +0000 - dagster - INFO - __ASSET_JOB - 81bd9a7f-6192-4a11-8a8f-781389b53b69 - hackernews - Making GET request to https://hn.algolia.com/api/v1/search_by_date?numericFilters=created_at_i%3E%3D1788452168%2Ccreated_at_i%3C1788455768&hitsPerPage=1000
2026-09-07 08:45:56 +0000 - dagster - INFO - __ASSET_JOB - 81bd9a7f-6192-4a11-8a8f-781389b53b69 - hackernews - Retrieved 825 items in this window.
2026-09-07 08:45:56 +0000 - dagster - INFO - __ASSET_JOB - 81bd9a7f-6192-4a11-8a8f-781389b53b69 - hackernews - Querying time window: 2026-09-03 17:16:08 to 2026-09-03 18:16:08 (1788455768 to 1788459368)...
2026-09-07 08:45:56 +0000 - dagster - INFO - __ASSET_JOB - 81bd9a7f-6192-4a11-8a8f-781389b53b69 - hackernews - Making GET request to https://hn.algolia.com/api/v1/search_by_date?numericFilters=created_at_i%3E%3D1788455768%2Ccreated_at_i%3C1788459368&hitsPerPage=1000
2026-09-07 08:45:57 +0000 - dagster - INFO - __ASSET_JOB - 81bd9a7f-6192-4a11-8a8f-781389b53b69 - hackernews - Retrieved 748 items in this window.
2026-09-07 08:45:57 +0000 - dagster - INFO - __ASSET_JOB - 81bd9a7f-6192-4a11-8a8f-781389b53b69 - hackernews - Querying time window: 2026-09-03 18:16:08 to 2026-09-03 19:16:08 (1788459368 to 1788462968)...
2026-09-07 08:45:57 +0000 - dagster - INFO - __ASSET_JOB - 81bd9a7f-6192-4a11-8a8f-781389b53b69 - hackernews - Making GET request to https://hn.algolia.com/api/v1/search_by_date?numericFilters=created_at_i%3E%3D1788459368%2Ccreated_at_i%3C1788462968&hitsPerPage=1000
2026-09-07 08:45:57 +0000 - dagster - INFO - __ASSET_JOB - 81bd9a7f-6192-4a11-8a8f-781389b53b69 - hackernews - Retrieved 853 items in this window.
2026-09-07 08:45:57 +0000 - dagster - INFO - __ASSET_JOB - 81bd9a7f-6192-4a11-8a8f-781389b53b69 - hackernews - Querying time window: 2026-09-03 19:16:08 to 2026-09-03 20:16:08 (1788462968 to 1788466568)...
2026-09-07 08:45:57 +0000 - dagster - INFO - __ASSET_JOB - 81bd9a7f-6192-4a11-8a8f-781389b53b69 - hackernews - Making GET request to https://hn.algolia.com/api/v1/search_by_date?numericFilters=created_at_i%3E%3D1788462968%2Ccreated_at_i%3C1788466568&hitsPerPage=1000
2026-09-07 08:45:58 +0000 - dagster - INFO - __ASSET_JOB - 81bd9a7f-6192-4a11-8a8f-781389b53b69 - hackernews - Retrieved 901 items in this window.
2026-09-07 08:45:58 +0000 - dagster - INFO - __ASSET_JOB - 81bd9a7f-6192-4a11-8a8f-781389b53b69 - hackernews - Querying time window: 2026-09-03 20:16:08 to 2026-09-03 21:16:08 (1788466568 to 1788470168)...
2026-09-07 08:45:58 +0000 - dagster - INFO - __ASSET_JOB - 81bd9a7f-6192-4a11-8a8f-781389b53b69 - hackernews - Making GET request to https://hn.algolia.com/api/v1/search_by_date?numericFilters=created_at_i%3E%3D1788466568%2Ccreated_at_i%3C1788470168&hitsPerPage=1000
2026-09-07 08:45:58 +0000 - dagster - INFO - __ASSET_JOB - 81bd9a7f-6192-4a11-8a8f-781389b53b69 - hackernews - Retrieved 843 items in this window.
2026-09-07 08:45:58 +0000 - dagster - INFO - __ASSET_JOB - 81bd9a7f-6192-4a11-8a8f-781389b53b69 - hackernews - Querying time window: 2026-09-03 21:16:08 to 2026-09-03 22:16:08 (1788470168 to 1788473768)...
2026-09-07 08:45:58 +0000 - dagster - INFO - __ASSET_JOB - 81bd9a7f-6192-4a11-8a8f-781389b53b69 - hackernews - Making GET request to https://hn.algolia.com/api/v1/search_by_date?numericFilters=created_at_i%3E%3D1788470168%2Ccreated_at_i%3C1788473768&hitsPerPage=1000
2026-09-07 08:45:58 +0000 - dagster - INFO - __ASSET_JOB - 81bd9a7f-6192-4a11-8a8f-781389b53b69 - hackernews - Retrieved 676 items in this window.
2026-09-07 08:45:58 +0000 - dagster - INFO - __ASSET_JOB - 81bd9a7f-6192-4a11-8a8f-781389b53b69 - hackernews - Querying time window: 2026-09-03 22:16:08 to 2026-09-03 23:16:08 (1788473768 to 1788477368)...
2026-09-07 08:45:58 +0000 - dagster - INFO - __ASSET_JOB - 81bd9a7f-6192-4a11-8a8f-781389b53b69 - hackernews - Making GET request to https://hn.algolia.com/api/v1/search_by_date?numericFilters=created_at_i%3E%3D1788473768%2Ccreated_at_i%3C1788477368&hitsPerPage=1000
2026-09-07 08:45:59 +0000 - dagster - INFO - __ASSET_JOB - 81bd9a7f-6192-4a11-8a8f-781389b53b69 - hackernews - Retrieved 505 items in this window.
2026-09-07 08:45:59 +0000 - dagster - INFO - __ASSET_JOB - 81bd9a7f-6192-4a11-8a8f-781389b53b69 - hackernews - Querying time window: 2026-09-03 23:16:08 to 2026-09-04 00:16:08 (1788477368 to 1788480968)...
2026-09-07 08:45:59 +0000 - dagster - INFO - __ASSET_JOB - 81bd9a7f-6192-4a11-8a8f-781389b53b69 - hackernews - Making GET request to https://hn.algolia.com/api/v1/search_by_date?numericFilters=created_at_i%3E%3D1788477368%2Ccreated_at_i%3C1788480968&hitsPerPage=1000
2026-09-07 08:45:59 +0000 - dagster - INFO - __ASSET_JOB - 81bd9a7f-6192-4a11-8a8f-781389b53b69 - hackernews - Retrieved 388 items in this window.
2026-09-07 08:45:59 +0000 - dagster - INFO - __ASSET_JOB - 81bd9a7f-6192-4a11-8a8f-781389b53b69 - hackernews - Querying time window: 2026-09-04 00:16:08 to 2026-09-04 01:16:08 (1788480968 to 1788484568)...
2026-09-07 08:45:59 +0000 - dagster - INFO - __ASSET_JOB - 81bd9a7f-6192-4a11-8a8f-781389b53b69 - hackernews - Making GET request to https://hn.algolia.com/api/v1/search_by_date?numericFilters=created_at_i%3E%3D1788480968%2Ccreated_at_i%3C1788484568&hitsPerPage=1000
2026-09-07 08:46:00 +0000 - dagster - INFO - __ASSET_JOB - 81bd9a7f-6192-4a11-8a8f-781389b53b69 - hackernews - Retrieved 397 items in this window.
2026-09-07 08:46:00 +0000 - dagster - INFO - __ASSET_JOB - 81bd9a7f-6192-4a11-8a8f-781389b53b69 - hackernews - Querying time window: 2026-09-04 01:16:08 to 2026-09-04 02:16:08 (1788484568 to 1788488168)...
2026-09-07 08:46:00 +0000 - dagster - INFO - __ASSET_JOB - 81bd9a7f-6192-4a11-8a8f-781389b53b69 - hackernews - Making GET request to https://hn.algolia.com/api/v1/search_by_date?numericFilters=created_at_i%3E%3D1788484568%2Ccreated_at_i%3C1788488168&hitsPerPage=1000
2026-09-07 08:46:00 +0000 - dagster - INFO - __ASSET_JOB - 81bd9a7f-6192-4a11-8a8f-781389b53b69 - hackernews - Retrieved 352 items in this window.
2026-09-07 08:46:00 +0000 - dagster - INFO - __ASSET_JOB - 81bd9a7f-6192-4a11-8a8f-781389b53b69 - hackernews - Querying time window: 2026-09-04 02:16:08 to 2026-09-04 03:16:08 (1788488168 to 1788491768)...
2026-09-07 08:46:00 +0000 - dagster - INFO - __ASSET_JOB - 81bd9a7f-6192-4a11-8a8f-781389b53b69 - hackernews - Making GET request to https://hn.algolia.com/api/v1/search_by_date?numericFilters=created_at_i%3E%3D1788488168%2Ccreated_at_i%3C1788491768&hitsPerPage=1000
2026-09-07 08:46:01 +0000 - dagster - INFO - __ASSET_JOB - 81bd9a7f-6192-4a11-8a8f-781389b53b69 - hackernews - Retrieved 357 items in this window.
2026-09-07 08:46:01 +0000 - dagster - INFO - __ASSET_JOB - 81bd9a7f-6192-4a11-8a8f-781389b53b69 - hackernews - Querying time window: 2026-09-04 03:16:08 to 2026-09-04 04:16:08 (1788491768 to 1788495368)...
2026-09-07 08:46:01 +0000 - dagster - INFO - __ASSET_JOB - 81bd9a7f-6192-4a11-8a8f-781389b53b69 - hackernews - Making GET request to https://hn.algolia.com/api/v1/search_by_date?numericFilters=created_at_i%3E%3D1788491768%2Ccreated_at_i%3C1788495368&hitsPerPage=1000
2026-09-07 08:46:01 +0000 - dagster - INFO - __ASSET_JOB - 81bd9a7f-6192-4a11-8a8f-781389b53b69 - hackernews - Retrieved 321 items in this window.
2026-09-07 08:46:01 +0000 - dagster - INFO - __ASSET_JOB - 81bd9a7f-6192-4a11-8a8f-781389b53b69 - hackernews - Querying time window: 2026-09-04 04:16:08 to 2026-09-04 05:16:08 (1788495368 to 1788498968)...
2026-09-07 08:46:01 +0000 - dagster - INFO - __ASSET_JOB - 81bd9a7f-6192-4a11-8a8f-781389b53b69 - hackernews - Making GET request to https://hn.algolia.com/api/v1/search_by_date?numericFilters=created_at_i%3E%3D1788495368%2Ccreated_at_i%3C1788498968&hitsPerPage=1000
2026-09-07 08:46:02 +0000 - dagster - INFO - __ASSET_JOB - 81bd9a7f-6192-4a11-8a8f-781389b53b69 - hackernews - Retrieved 260 items in this window.
2026-09-07 08:46:02 +0000 - dagster - INFO - __ASSET_JOB - 81bd9a7f-6192-4a11-8a8f-781389b53b69 - hackernews - Querying time window: 2026-09-04 05:16:08 to 2026-09-04 06:16:08 (1788498968 to 1788502568)...
2026-09-07 08:46:02 +0000 - dagster - INFO - __ASSET_JOB - 81bd9a7f-6192-4a11-8a8f-781389b53b69 - hackernews - Making GET request to https://hn.algolia.com/api/v1/search_by_date?numericFilters=created_at_i%3E%3D1788498968%2Ccreated_at_i%3C1788502568&hitsPerPage=1000
2026-09-07 08:46:02 +0000 - dagster - INFO - __ASSET_JOB - 81bd9a7f-6192-4a11-8a8f-781389b53b69 - hackernews - Retrieved 311 items in this window.
2026-09-07 08:46:02 +0000 - dagster - INFO - __ASSET_JOB - 81bd9a7f-6192-4a11-8a8f-781389b53b69 - hackernews - Querying time window: 2026-09-04 06:16:08 to 2026-09-04 07:16:08 (1788502568 to 1788506168)...
2026-09-07 08:46:02 +0000 - dagster - INFO - __ASSET_JOB - 81bd9a7f-6192-4a11-8a8f-781389b53b69 - hackernews - Making GET request to https://hn.algolia.com/api/v1/search_by_date?numericFilters=created_at_i%3E%3D1788502568%2Ccreated_at_i%3C1788506168&hitsPerPage=1000
2026-09-07 08:46:02 +0000 - dagster - INFO - __ASSET_JOB - 81bd9a7f-6192-4a11-8a8f-781389b53b69 - hackernews - Retrieved 350 items in this window.
2026-09-07 08:46:02 +0000 - dagster - INFO - __ASSET_JOB - 81bd9a7f-6192-4a11-8a8f-781389b53b69 - hackernews - Querying time window: 2026-09-04 07:16:08 to 2026-09-04 08:16:08 (1788506168 to 1788509768)...
2026-09-07 08:46:02 +0000 - dagster - INFO - __ASSET_JOB - 81bd9a7f-6192-4a11-8a8f-781389b53b69 - hackernews - Making GET request to https://hn.algolia.com/api/v1/search_by_date?numericFilters=created_at_i%3E%3D1788506168%2Ccreated_at_i%3C1788509768&hitsPerPage=1000
2026-09-07 08:46:03 +0000 - dagster - INFO - __ASSET_JOB - 81bd9a7f-6192-4a11-8a8f-781389b53b69 - hackernews - Retrieved 384 items in this window.
2026-09-07 08:46:03 +0000 - dagster - INFO - __ASSET_JOB - 81bd9a7f-6192-4a11-8a8f-781389b53b69 - hackernews - Querying time window: 2026-09-04 08:16:08 to 2026-09-04 09:16:08 (1788509768 to 1788513368)...
2026-09-07 08:46:03 +0000 - dagster - INFO - __ASSET_JOB - 81bd9a7f-6192-4a11-8a8f-781389b53b69 - hackernews - Making GET request to https://hn.algolia.com/api/v1/search_by_date?numericFilters=created_at_i%3E%3D1788509768%2Ccreated_at_i%3C1788513368&hitsPerPage=1000
2026-09-07 08:46:03 +0000 - dagster - INFO - __ASSET_JOB - 81bd9a7f-6192-4a11-8a8f-781389b53b69 - hackernews - Retrieved 300 items in this window.
2026-09-07 08:46:03 +0000 - dagster - INFO - __ASSET_JOB - 81bd9a7f-6192-4a11-8a8f-781389b53b69 - hackernews - Querying time window: 2026-09-04 09:16:08 to 2026-09-04 10:16:08 (1788513368 to 1788516968)...
2026-09-07 08:46:03 +0000 - dagster - INFO - __ASSET_JOB - 81bd9a7f-6192-4a11-8a8f-781389b53b69 - hackernews - Making GET request to https://hn.algolia.com/api/v1/search_by_date?numericFilters=created_at_i%3E%3D1788513368%2Ccreated_at_i%3C1788516968&hitsPerPage=1000
2026-09-07 08:46:04 +0000 - dagster - INFO - __ASSET_JOB - 81bd9a7f-6192-4a11-8a8f-781389b53b69 - hackernews - Retrieved 290 items in this window.
2026-09-07 08:46:04 +0000 - dagster - INFO - __ASSET_JOB - 81bd9a7f-6192-4a11-8a8f-781389b53b69 - hackernews - Querying time window: 2026-09-04 10:16:08 to 2026-09-04 11:16:08 (1788516968 to 1788520568)...
2026-09-07 08:46:04 +0000 - dagster - INFO - __ASSET_JOB - 81bd9a7f-6192-4a11-8a8f-781389b53b69 - hackernews - Making GET request to https://hn.algolia.com/api/v1/search_by_date?numericFilters=created_at_i%3E%3D1788516968%2Ccreated_at_i%3C1788520568&hitsPerPage=1000
2026-09-07 08:46:04 +0000 - dagster - INFO - __ASSET_JOB - 81bd9a7f-6192-4a11-8a8f-781389b53b69 - hackernews - Retrieved 359 items in this window.
2026-09-07 08:46:04 +0000 - dagster - INFO - __ASSET_JOB - 81bd9a7f-6192-4a11-8a8f-781389b53b69 - hackernews - Querying time window: 2026-09-04 11:16:08 to 2026-09-04 12:16:08 (1788520568 to 1788524168)...
2026-09-07 08:46:04 +0000 - dagster - INFO - __ASSET_JOB - 81bd9a7f-6192-4a11-8a8f-781389b53b69 - hackernews - Making GET request to https://hn.algolia.com/api/v1/search_by_date?numericFilters=created_at_i%3E%3D1788520568%2Ccreated_at_i%3C1788524168&hitsPerPage=1000
2026-09-07 08:46:04 +0000 - dagster - INFO - __ASSET_JOB - 81bd9a7f-6192-4a11-8a8f-781389b53b69 - hackernews - Retrieved 406 items in this window.
2026-09-07 08:46:05 +0000 - dagster - INFO - __ASSET_JOB - 81bd9a7f-6192-4a11-8a8f-781389b53b69 - hackernews - Querying time window: 2026-09-04 12:16:08 to 2026-09-04 13:16:08 (1788524168 to 1788527768)...
2026-09-07 08:46:05 +0000 - dagster - INFO - __ASSET_JOB - 81bd9a7f-6192-4a11-8a8f-781389b53b69 - hackernews - Making GET request to https://hn.algolia.com/api/v1/search_by_date?numericFilters=created_at_i%3E%3D1788524168%2Ccreated_at_i%3C1788527768&hitsPerPage=1000
2026-09-07 08:46:05 +0000 - dagster - INFO - __ASSET_JOB - 81bd9a7f-6192-4a11-8a8f-781389b53b69 - hackernews - Retrieved 564 items in this window.
2026-09-07 08:46:05 +0000 - dagster - INFO - __ASSET_JOB - 81bd9a7f-6192-4a11-8a8f-781389b53b69 - hackernews - Querying time window: 2026-09-04 13:16:08 to 2026-09-04 14:16:08 (1788527768 to 1788531368)...
2026-09-07 08:46:05 +0000 - dagster - INFO - __ASSET_JOB - 81bd9a7f-6192-4a11-8a8f-781389b53b69 - hackernews - Making GET request to https://hn.algolia.com/api/v1/search_by_date?numericFilters=created_at_i%3E%3D1788527768%2Ccreated_at_i%3C1788531368&hitsPerPage=1000
2026-09-07 08:46:05 +0000 - dagster - INFO - __ASSET_JOB - 81bd9a7f-6192-4a11-8a8f-781389b53b69 - hackernews - Retrieved 718 items in this window.
2026-09-07 08:46:06 +0000 - dagster - INFO - __ASSET_JOB - 81bd9a7f-6192-4a11-8a8f-781389b53b69 - hackernews - Querying time window: 2026-09-04 14:16:08 to 2026-09-04 15:16:08 (1788531368 to 1788534968)...
2026-09-07 08:46:06 +0000 - dagster - INFO - __ASSET_JOB - 81bd9a7f-6192-4a11-8a8f-781389b53b69 - hackernews - Making GET request to https://hn.algolia.com/api/v1/search_by_date?numericFilters=created_at_i%3E%3D1788531368%2Ccreated_at_i%3C1788534968&hitsPerPage=1000
2026-09-07 08:46:06 +0000 - dagster - INFO - __ASSET_JOB - 81bd9a7f-6192-4a11-8a8f-781389b53b69 - hackernews - Retrieved 777 items in this window.
2026-09-07 08:46:06 +0000 - dagster - INFO - __ASSET_JOB - 81bd9a7f-6192-4a11-8a8f-781389b53b69 - hackernews - Querying time window: 2026-09-04 15:16:08 to 2026-09-04 16:16:08 (1788534968 to 1788538568)...
2026-09-07 08:46:06 +0000 - dagster - INFO - __ASSET_JOB - 81bd9a7f-6192-4a11-8a8f-781389b53b69 - hackernews - Making GET request to https://hn.algolia.com/api/v1/search_by_date?numericFilters=created_at_i%3E%3D1788534968%2Ccreated_at_i%3C1788538568&hitsPerPage=1000
2026-09-07 08:46:07 +0000 - dagster - INFO - __ASSET_JOB - 81bd9a7f-6192-4a11-8a8f-781389b53b69 - hackernews - Retrieved 698 items in this window.
2026-09-07 08:46:07 +0000 - dagster - INFO - __ASSET_JOB - 81bd9a7f-6192-4a11-8a8f-781389b53b69 - hackernews - Querying time window: 2026-09-04 16:16:08 to 2026-09-04 17:16:08 (1788538568 to 1788542168)...
2026-09-07 08:46:07 +0000 - dagster - INFO - __ASSET_JOB - 81bd9a7f-6192-4a11-8a8f-781389b53b69 - hackernews - Making GET request to https://hn.algolia.com/api/v1/search_by_date?numericFilters=created_at_i%3E%3D1788538568%2Ccreated_at_i%3C1788542168&hitsPerPage=1000
2026-09-07 08:46:08 +0000 - dagster - INFO - __ASSET_JOB - 81bd9a7f-6192-4a11-8a8f-781389b53b69 - hackernews - Retrieved 659 items in this window.
2026-09-07 08:46:08 +0000 - dagster - INFO - __ASSET_JOB - 81bd9a7f-6192-4a11-8a8f-781389b53b69 - hackernews - Querying time window: 2026-09-04 17:16:08 to 2026-09-04 18:16:08 (1788542168 to 1788545768)...
2026-09-07 08:46:08 +0000 - dagster - INFO - __ASSET_JOB - 81bd9a7f-6192-4a11-8a8f-781389b53b69 - hackernews - Making GET request to https://hn.algolia.com/api/v1/search_by_date?numericFilters=created_at_i%3E%3D1788542168%2Ccreated_at_i%3C1788545768&hitsPerPage=1000
2026-09-07 08:46:09 +0000 - dagster - INFO - __ASSET_JOB - 81bd9a7f-6192-4a11-8a8f-781389b53b69 - hackernews - Retrieved 698 items in this window.
2026-09-07 08:46:09 +0000 - dagster - INFO - __ASSET_JOB - 81bd9a7f-6192-4a11-8a8f-781389b53b69 - hackernews - Querying time window: 2026-09-04 18:16:08 to 2026-09-04 19:16:08 (1788545768 to 1788549368)...
2026-09-07 08:46:09 +0000 - dagster - INFO - __ASSET_JOB - 81bd9a7f-6192-4a11-8a8f-781389b53b69 - hackernews - Making GET request to https://hn.algolia.com/api/v1/search_by_date?numericFilters=created_at_i%3E%3D1788545768%2Ccreated_at_i%3C1788549368&hitsPerPage=1000
2026-09-07 08:46:09 +0000 - dagster - INFO - __ASSET_JOB - 81bd9a7f-6192-4a11-8a8f-781389b53b69 - hackernews - Retrieved 698 items in this window.
2026-09-07 08:46:09 +0000 - dagster - INFO - __ASSET_JOB - 81bd9a7f-6192-4a11-8a8f-781389b53b69 - hackernews - Querying time window: 2026-09-04 19:16:08 to 2026-09-04 20:16:08 (1788549368 to 1788552968)...
2026-09-07 08:46:09 +0000 - dagster - INFO - __ASSET_JOB - 81bd9a7f-6192-4a11-8a8f-781389b53b69 - hackernews - Making GET request to https://hn.algolia.com/api/v1/search_by_date?numericFilters=created_at_i%3E%3D1788549368%2Ccreated_at_i%3C1788552968&hitsPerPage=1000
2026-09-07 08:46:10 +0000 - dagster - INFO - __ASSET_JOB - 81bd9a7f-6192-4a11-8a8f-781389b53b69 - hackernews - Retrieved 692 items in this window.
2026-09-07 08:46:10 +0000 - dagster - INFO - __ASSET_JOB - 81bd9a7f-6192-4a11-8a8f-781389b53b69 - hackernews - Querying time window: 2026-09-04 20:16:08 to 2026-09-04 21:16:08 (1788552968 to 1788556568)...
2026-09-07 08:46:10 +0000 - dagster - INFO - __ASSET_JOB - 81bd9a7f-6192-4a11-8a8f-781389b53b69 - hackernews - Making GET request to https://hn.algolia.com/api/v1/search_by_date?numericFilters=created_at_i%3E%3D1788552968%2Ccreated_at_i%3C1788556568&hitsPerPage=1000
2026-09-07 08:46:10 +0000 - dagster - INFO - __ASSET_JOB - 81bd9a7f-6192-4a11-8a8f-781389b53b69 - hackernews - Retrieved 558 items in this window.
2026-09-07 08:46:11 +0000 - dagster - INFO - __ASSET_JOB - 81bd9a7f-6192-4a11-8a8f-781389b53b69 - hackernews - Querying time window: 2026-09-04 21:16:08 to 2026-09-04 22:16:08 (1788556568 to 1788560168)...
2026-09-07 08:46:11 +0000 - dagster - INFO - __ASSET_JOB - 81bd9a7f-6192-4a11-8a8f-781389b53b69 - hackernews - Making GET request to https://hn.algolia.com/api/v1/search_by_date?numericFilters=created_at_i%3E%3D1788556568%2Ccreated_at_i%3C1788560168&hitsPerPage=1000
2026-09-07 08:46:11 +0000 - dagster - INFO - __ASSET_JOB - 81bd9a7f-6192-4a11-8a8f-781389b53b69 - hackernews - Retrieved 505 items in this window.
2026-09-07 08:46:11 +0000 - dagster - INFO - __ASSET_JOB - 81bd9a7f-6192-4a11-8a8f-781389b53b69 - hackernews - Querying time window: 2026-09-04 22:16:08 to 2026-09-04 23:16:08 (1788560168 to 1788563768)...
2026-09-07 08:46:11 +0000 - dagster - INFO - __ASSET_JOB - 81bd9a7f-6192-4a11-8a8f-781389b53b69 - hackernews - Making GET request to https://hn.algolia.com/api/v1/search_by_date?numericFilters=created_at_i%3E%3D1788560168%2Ccreated_at_i%3C1788563768&hitsPerPage=1000
2026-09-07 08:46:11 +0000 - dagster - INFO - __ASSET_JOB - 81bd9a7f-6192-4a11-8a8f-781389b53b69 - hackernews - Retrieved 390 items in this window.
2026-09-07 08:46:11 +0000 - dagster - INFO - __ASSET_JOB - 81bd9a7f-6192-4a11-8a8f-781389b53b69 - hackernews - Querying time window: 2026-09-04 23:16:08 to 2026-09-05 00:16:08 (1788563768 to 1788567368)...
2026-09-07 08:46:11 +0000 - dagster - INFO - __ASSET_JOB - 81bd9a7f-6192-4a11-8a8f-781389b53b69 - hackernews - Making GET request to https://hn.algolia.com/api/v1/search_by_date?numericFilters=created_at_i%3E%3D1788563768%2Ccreated_at_i%3C1788567368&hitsPerPage=1000
2026-09-07 08:46:12 +0000 - dagster - INFO - __ASSET_JOB - 81bd9a7f-6192-4a11-8a8f-781389b53b69 - hackernews - Retrieved 363 items in this window.
2026-09-07 08:46:12 +0000 - dagster - INFO - __ASSET_JOB - 81bd9a7f-6192-4a11-8a8f-781389b53b69 - hackernews - Querying time window: 2026-09-05 00:16:08 to 2026-09-05 01:16:08 (1788567368 to 1788570968)...
2026-09-07 08:46:12 +0000 - dagster - INFO - __ASSET_JOB - 81bd9a7f-6192-4a11-8a8f-781389b53b69 - hackernews - Making GET request to https://hn.algolia.com/api/v1/search_by_date?numericFilters=created_at_i%3E%3D1788567368%2Ccreated_at_i%3C1788570968&hitsPerPage=1000
2026-09-07 08:46:12 +0000 - dagster - INFO - __ASSET_JOB - 81bd9a7f-6192-4a11-8a8f-781389b53b69 - hackernews - Retrieved 355 items in this window.
2026-09-07 08:46:12 +0000 - dagster - INFO - __ASSET_JOB - 81bd9a7f-6192-4a11-8a8f-781389b53b69 - hackernews - Querying time window: 2026-09-05 01:16:08 to 2026-09-05 02:16:08 (1788570968 to 1788574568)...
2026-09-07 08:46:12 +0000 - dagster - INFO - __ASSET_JOB - 81bd9a7f-6192-4a11-8a8f-781389b53b69 - hackernews - Making GET request to https://hn.algolia.com/api/v1/search_by_date?numericFilters=created_at_i%3E%3D1788570968%2Ccreated_at_i%3C1788574568&hitsPerPage=1000
2026-09-07 08:46:13 +0000 - dagster - INFO - __ASSET_JOB - 81bd9a7f-6192-4a11-8a8f-781389b53b69 - hackernews - Retrieved 276 items in this window.
2026-09-07 08:46:13 +0000 - dagster - INFO - __ASSET_JOB - 81bd9a7f-6192-4a11-8a8f-781389b53b69 - hackernews - Querying time window: 2026-09-05 02:16:08 to 2026-09-05 03:16:08 (1788574568 to 1788578168)...
2026-09-07 08:46:13 +0000 - dagster - INFO - __ASSET_JOB - 81bd9a7f-6192-4a11-8a8f-781389b53b69 - hackernews - Making GET request to https://hn.algolia.com/api/v1/search_by_date?numericFilters=created_at_i%3E%3D1788574568%2Ccreated_at_i%3C1788578168&hitsPerPage=1000
2026-09-07 08:46:13 +0000 - dagster - INFO - __ASSET_JOB - 81bd9a7f-6192-4a11-8a8f-781389b53b69 - hackernews - Retrieved 287 items in this window.
2026-09-07 08:46:13 +0000 - dagster - INFO - __ASSET_JOB - 81bd9a7f-6192-4a11-8a8f-781389b53b69 - hackernews - Querying time window: 2026-09-05 03:16:08 to 2026-09-05 04:16:08 (1788578168 to 1788581768)...
2026-09-07 08:46:13 +0000 - dagster - INFO - __ASSET_JOB - 81bd9a7f-6192-4a11-8a8f-781389b53b69 - hackernews - Making GET request to https://hn.algolia.com/api/v1/search_by_date?numericFilters=created_at_i%3E%3D1788578168%2Ccreated_at_i%3C1788581768&hitsPerPage=1000
2026-09-07 08:46:13 +0000 - dagster - INFO - __ASSET_JOB - 81bd9a7f-6192-4a11-8a8f-781389b53b69 - hackernews - Retrieved 219 items in this window.
2026-09-07 08:46:13 +0000 - dagster - INFO - __ASSET_JOB - 81bd9a7f-6192-4a11-8a8f-781389b53b69 - hackernews - Querying time window: 2026-09-05 04:16:08 to 2026-09-05 05:16:08 (1788581768 to 1788585368)...
2026-09-07 08:46:13 +0000 - dagster - INFO - __ASSET_JOB - 81bd9a7f-6192-4a11-8a8f-781389b53b69 - hackernews - Making GET request to https://hn.algolia.com/api/v1/search_by_date?numericFilters=created_at_i%3E%3D1788581768%2Ccreated_at_i%3C1788585368&hitsPerPage=1000
2026-09-07 08:46:14 +0000 - dagster - INFO - __ASSET_JOB - 81bd9a7f-6192-4a11-8a8f-781389b53b69 - hackernews - Retrieved 227 items in this window.
2026-09-07 08:46:14 +0000 - dagster - INFO - __ASSET_JOB - 81bd9a7f-6192-4a11-8a8f-781389b53b69 - hackernews - Querying time window: 2026-09-05 05:16:08 to 2026-09-05 06:16:08 (1788585368 to 1788588968)...
2026-09-07 08:46:14 +0000 - dagster - INFO - __ASSET_JOB - 81bd9a7f-6192-4a11-8a8f-781389b53b69 - hackernews - Making GET request to https://hn.algolia.com/api/v1/search_by_date?numericFilters=created_at_i%3E%3D1788585368%2Ccreated_at_i%3C1788588968&hitsPerPage=1000
2026-09-07 08:46:14 +0000 - dagster - INFO - __ASSET_JOB - 81bd9a7f-6192-4a11-8a8f-781389b53b69 - hackernews - Retrieved 266 items in this window.
2026-09-07 08:46:14 +0000 - dagster - INFO - __ASSET_JOB - 81bd9a7f-6192-4a11-8a8f-781389b53b69 - hackernews - Querying time window: 2026-09-05 06:16:08 to 2026-09-05 07:16:08 (1788588968 to 1788592568)...
2026-09-07 08:46:14 +0000 - dagster - INFO - __ASSET_JOB - 81bd9a7f-6192-4a11-8a8f-781389b53b69 - hackernews - Making GET request to https://hn.algolia.com/api/v1/search_by_date?numericFilters=created_at_i%3E%3D1788588968%2Ccreated_at_i%3C1788592568&hitsPerPage=1000
2026-09-07 08:46:14 +0000 - dagster - INFO - __ASSET_JOB - 81bd9a7f-6192-4a11-8a8f-781389b53b69 - hackernews - Retrieved 360 items in this window.
2026-09-07 08:46:14 +0000 - dagster - INFO - __ASSET_JOB - 81bd9a7f-6192-4a11-8a8f-781389b53b69 - hackernews - Querying time window: 2026-09-05 07:16:08 to 2026-09-05 08:16:08 (1788592568 to 1788596168)...
2026-09-07 08:46:14 +0000 - dagster - INFO - __ASSET_JOB - 81bd9a7f-6192-4a11-8a8f-781389b53b69 - hackernews - Making GET request to https://hn.algolia.com/api/v1/search_by_date?numericFilters=created_at_i%3E%3D1788592568%2Ccreated_at_i%3C1788596168&hitsPerPage=1000
2026-09-07 08:46:15 +0000 - dagster - INFO - __ASSET_JOB - 81bd9a7f-6192-4a11-8a8f-781389b53b69 - hackernews - Retrieved 314 items in this window.
2026-09-07 08:46:15 +0000 - dagster - INFO - __ASSET_JOB - 81bd9a7f-6192-4a11-8a8f-781389b53b69 - hackernews - Querying time window: 2026-09-05 08:16:08 to 2026-09-05 09:16:08 (1788596168 to 1788599768)...
2026-09-07 08:46:15 +0000 - dagster - INFO - __ASSET_JOB - 81bd9a7f-6192-4a11-8a8f-781389b53b69 - hackernews - Making GET request to https://hn.algolia.com/api/v1/search_by_date?numericFilters=created_at_i%3E%3D1788596168%2Ccreated_at_i%3C1788599768&hitsPerPage=1000
2026-09-07 08:46:15 +0000 - dagster - INFO - __ASSET_JOB - 81bd9a7f-6192-4a11-8a8f-781389b53b69 - hackernews - Retrieved 378 items in this window.
2026-09-07 08:46:15 +0000 - dagster - INFO - __ASSET_JOB - 81bd9a7f-6192-4a11-8a8f-781389b53b69 - hackernews - Querying time window: 2026-09-05 09:16:08 to 2026-09-05 10:16:08 (1788599768 to 1788603368)...
2026-09-07 08:46:15 +0000 - dagster - INFO - __ASSET_JOB - 81bd9a7f-6192-4a11-8a8f-781389b53b69 - hackernews - Making GET request to https://hn.algolia.com/api/v1/search_by_date?numericFilters=created_at_i%3E%3D1788599768%2Ccreated_at_i%3C1788603368&hitsPerPage=1000
2026-09-07 08:46:15 +0000 - dagster - INFO - __ASSET_JOB - 81bd9a7f-6192-4a11-8a8f-781389b53b69 - hackernews - Retrieved 264 items in this window.
2026-09-07 08:46:15 +0000 - dagster - INFO - __ASSET_JOB - 81bd9a7f-6192-4a11-8a8f-781389b53b69 - hackernews - Querying time window: 2026-09-05 10:16:08 to 2026-09-05 11:16:08 (1788603368 to 1788606968)...
2026-09-07 08:46:15 +0000 - dagster - INFO - __ASSET_JOB - 81bd9a7f-6192-4a11-8a8f-781389b53b69 - hackernews - Making GET request to https://hn.algolia.com/api/v1/search_by_date?numericFilters=created_at_i%3E%3D1788603368%2Ccreated_at_i%3C1788606968&hitsPerPage=1000
2026-09-07 08:46:16 +0000 - dagster - INFO - __ASSET_JOB - 81bd9a7f-6192-4a11-8a8f-781389b53b69 - hackernews - Retrieved 337 items in this window.
2026-09-07 08:46:16 +0000 - dagster - INFO - __ASSET_JOB - 81bd9a7f-6192-4a11-8a8f-781389b53b69 - hackernews - Querying time window: 2026-09-05 11:16:08 to 2026-09-05 12:16:08 (1788606968 to 1788610568)...
2026-09-07 08:46:16 +0000 - dagster - INFO - __ASSET_JOB - 81bd9a7f-6192-4a11-8a8f-781389b53b69 - hackernews - Making GET request to https://hn.algolia.com/api/v1/search_by_date?numericFilters=created_at_i%3E%3D1788606968%2Ccreated_at_i%3C1788610568&hitsPerPage=1000
2026-09-07 08:46:16 +0000 - dagster - INFO - __ASSET_JOB - 81bd9a7f-6192-4a11-8a8f-781389b53b69 - hackernews - Retrieved 307 items in this window.
2026-09-07 08:46:16 +0000 - dagster - INFO - __ASSET_JOB - 81bd9a7f-6192-4a11-8a8f-781389b53b69 - hackernews - Querying time window: 2026-09-05 12:16:08 to 2026-09-05 13:16:08 (1788610568 to 1788614168)...
2026-09-07 08:46:16 +0000 - dagster - INFO - __ASSET_JOB - 81bd9a7f-6192-4a11-8a8f-781389b53b69 - hackernews - Making GET request to https://hn.algolia.com/api/v1/search_by_date?numericFilters=created_at_i%3E%3D1788610568%2Ccreated_at_i%3C1788614168&hitsPerPage=1000
2026-09-07 08:46:17 +0000 - dagster - INFO - __ASSET_JOB - 81bd9a7f-6192-4a11-8a8f-781389b53b69 - hackernews - Retrieved 379 items in this window.
2026-09-07 08:46:17 +0000 - dagster - INFO - __ASSET_JOB - 81bd9a7f-6192-4a11-8a8f-781389b53b69 - hackernews - Querying time window: 2026-09-05 13:16:08 to 2026-09-05 14:16:08 (1788614168 to 1788617768)...
2026-09-07 08:46:17 +0000 - dagster - INFO - __ASSET_JOB - 81bd9a7f-6192-4a11-8a8f-781389b53b69 - hackernews - Making GET request to https://hn.algolia.com/api/v1/search_by_date?numericFilters=created_at_i%3E%3D1788614168%2Ccreated_at_i%3C1788617768&hitsPerPage=1000
2026-09-07 08:46:17 +0000 - dagster - INFO - __ASSET_JOB - 81bd9a7f-6192-4a11-8a8f-781389b53b69 - hackernews - Retrieved 414 items in this window.
2026-09-07 08:46:18 +0000 - dagster - INFO - __ASSET_JOB - 81bd9a7f-6192-4a11-8a8f-781389b53b69 - hackernews - Querying time window: 2026-09-05 14:16:08 to 2026-09-05 15:16:08 (1788617768 to 1788621368)...
2026-09-07 08:46:18 +0000 - dagster - INFO - __ASSET_JOB - 81bd9a7f-6192-4a11-8a8f-781389b53b69 - hackernews - Making GET request to https://hn.algolia.com/api/v1/search_by_date?numericFilters=created_at_i%3E%3D1788617768%2Ccreated_at_i%3C1788621368&hitsPerPage=1000
2026-09-07 08:46:18 +0000 - dagster - INFO - __ASSET_JOB - 81bd9a7f-6192-4a11-8a8f-781389b53b69 - hackernews - Retrieved 589 items in this window.
2026-09-07 08:46:18 +0000 - dagster - INFO - __ASSET_JOB - 81bd9a7f-6192-4a11-8a8f-781389b53b69 - hackernews - Querying time window: 2026-09-05 15:16:08 to 2026-09-05 16:16:08 (1788621368 to 1788624968)...
2026-09-07 08:46:18 +0000 - dagster - INFO - __ASSET_JOB - 81bd9a7f-6192-4a11-8a8f-781389b53b69 - hackernews - Making GET request to https://hn.algolia.com/api/v1/search_by_date?numericFilters=created_at_i%3E%3D1788621368%2Ccreated_at_i%3C1788624968&hitsPerPage=1000
2026-09-07 08:46:19 +0000 - dagster - INFO - __ASSET_JOB - 81bd9a7f-6192-4a11-8a8f-781389b53b69 - hackernews - Retrieved 543 items in this window.
2026-09-07 08:46:19 +0000 - dagster - INFO - __ASSET_JOB - 81bd9a7f-6192-4a11-8a8f-781389b53b69 - hackernews - Querying time window: 2026-09-05 16:16:08 to 2026-09-05 17:16:08 (1788624968 to 1788628568)...
2026-09-07 08:46:19 +0000 - dagster - INFO - __ASSET_JOB - 81bd9a7f-6192-4a11-8a8f-781389b53b69 - hackernews - Making GET request to https://hn.algolia.com/api/v1/search_by_date?numericFilters=created_at_i%3E%3D1788624968%2Ccreated_at_i%3C1788628568&hitsPerPage=1000
2026-09-07 08:46:19 +0000 - dagster - INFO - __ASSET_JOB - 81bd9a7f-6192-4a11-8a8f-781389b53b69 - hackernews - Retrieved 505 items in this window.
2026-09-07 08:46:19 +0000 - dagster - INFO - __ASSET_JOB - 81bd9a7f-6192-4a11-8a8f-781389b53b69 - hackernews - Querying time window: 2026-09-05 17:16:08 to 2026-09-05 18:16:08 (1788628568 to 1788632168)...
2026-09-07 08:46:19 +0000 - dagster - INFO - __ASSET_JOB - 81bd9a7f-6192-4a11-8a8f-781389b53b69 - hackernews - Making GET request to https://hn.algolia.com/api/v1/search_by_date?numericFilters=created_at_i%3E%3D1788628568%2Ccreated_at_i%3C1788632168&hitsPerPage=1000
2026-09-07 08:46:19 +0000 - dagster - INFO - __ASSET_JOB - 81bd9a7f-6192-4a11-8a8f-781389b53b69 - hackernews - Retrieved 548 items in this window.
2026-09-07 08:46:19 +0000 - dagster - INFO - __ASSET_JOB - 81bd9a7f-6192-4a11-8a8f-781389b53b69 - hackernews - Querying time window: 2026-09-05 18:16:08 to 2026-09-05 19:16:08 (1788632168 to 1788635768)...
2026-09-07 08:46:19 +0000 - dagster - INFO - __ASSET_JOB - 81bd9a7f-6192-4a11-8a8f-781389b53b69 - hackernews - Making GET request to https://hn.algolia.com/api/v1/search_by_date?numericFilters=created_at_i%3E%3D1788632168%2Ccreated_at_i%3C1788635768&hitsPerPage=1000
2026-09-07 08:46:20 +0000 - dagster - INFO - __ASSET_JOB - 81bd9a7f-6192-4a11-8a8f-781389b53b69 - hackernews - Retrieved 490 items in this window.
2026-09-07 08:46:20 +0000 - dagster - INFO - __ASSET_JOB - 81bd9a7f-6192-4a11-8a8f-781389b53b69 - hackernews - Querying time window: 2026-09-05 19:16:08 to 2026-09-05 20:16:08 (1788635768 to 1788639368)...
2026-09-07 08:46:20 +0000 - dagster - INFO - __ASSET_JOB - 81bd9a7f-6192-4a11-8a8f-781389b53b69 - hackernews - Making GET request to https://hn.algolia.com/api/v1/search_by_date?numericFilters=created_at_i%3E%3D1788635768%2Ccreated_at_i%3C1788639368&hitsPerPage=1000
2026-09-07 08:46:21 +0000 - dagster - INFO - __ASSET_JOB - 81bd9a7f-6192-4a11-8a8f-781389b53b69 - hackernews - Retrieved 496 items in this window.
2026-09-07 08:46:21 +0000 - dagster - INFO - __ASSET_JOB - 81bd9a7f-6192-4a11-8a8f-781389b53b69 - hackernews - Querying time window: 2026-09-05 20:16:08 to 2026-09-05 21:16:08 (1788639368 to 1788642968)...
2026-09-07 08:46:21 +0000 - dagster - INFO - __ASSET_JOB - 81bd9a7f-6192-4a11-8a8f-781389b53b69 - hackernews - Making GET request to https://hn.algolia.com/api/v1/search_by_date?numericFilters=created_at_i%3E%3D1788639368%2Ccreated_at_i%3C1788642968&hitsPerPage=1000
2026-09-07 08:46:21 +0000 - dagster - INFO - __ASSET_JOB - 81bd9a7f-6192-4a11-8a8f-781389b53b69 - hackernews - Retrieved 452 items in this window.
2026-09-07 08:46:21 +0000 - dagster - INFO - __ASSET_JOB - 81bd9a7f-6192-4a11-8a8f-781389b53b69 - hackernews - Querying time window: 2026-09-05 21:16:08 to 2026-09-05 22:16:08 (1788642968 to 1788646568)...
2026-09-07 08:46:21 +0000 - dagster - INFO - __ASSET_JOB - 81bd9a7f-6192-4a11-8a8f-781389b53b69 - hackernews - Making GET request to https://hn.algolia.com/api/v1/search_by_date?numericFilters=created_at_i%3E%3D1788642968%2Ccreated_at_i%3C1788646568&hitsPerPage=1000
2026-09-07 08:46:21 +0000 - dagster - INFO - __ASSET_JOB - 81bd9a7f-6192-4a11-8a8f-781389b53b69 - hackernews - Retrieved 418 items in this window.
2026-09-07 08:46:21 +0000 - dagster - INFO - __ASSET_JOB - 81bd9a7f-6192-4a11-8a8f-781389b53b69 - hackernews - Querying time window: 2026-09-05 22:16:08 to 2026-09-05 23:16:08 (1788646568 to 1788650168)...
2026-09-07 08:46:21 +0000 - dagster - INFO - __ASSET_JOB - 81bd9a7f-6192-4a11-8a8f-781389b53b69 - hackernews - Making GET request to https://hn.algolia.com/api/v1/search_by_date?numericFilters=created_at_i%3E%3D1788646568%2Ccreated_at_i%3C1788650168&hitsPerPage=1000
2026-09-07 08:46:22 +0000 - dagster - INFO - __ASSET_JOB - 81bd9a7f-6192-4a11-8a8f-781389b53b69 - hackernews - Retrieved 390 items in this window.
2026-09-07 08:46:22 +0000 - dagster - INFO - __ASSET_JOB - 81bd9a7f-6192-4a11-8a8f-781389b53b69 - hackernews - Querying time window: 2026-09-05 23:16:08 to 2026-09-06 00:16:08 (1788650168 to 1788653768)...
2026-09-07 08:46:22 +0000 - dagster - INFO - __ASSET_JOB - 81bd9a7f-6192-4a11-8a8f-781389b53b69 - hackernews - Making GET request to https://hn.algolia.com/api/v1/search_by_date?numericFilters=created_at_i%3E%3D1788650168%2Ccreated_at_i%3C1788653768&hitsPerPage=1000
2026-09-07 08:46:22 +0000 - dagster - INFO - __ASSET_JOB - 81bd9a7f-6192-4a11-8a8f-781389b53b69 - hackernews - Retrieved 369 items in this window.
2026-09-07 08:46:22 +0000 - dagster - INFO - __ASSET_JOB - 81bd9a7f-6192-4a11-8a8f-781389b53b69 - hackernews - Querying time window: 2026-09-06 00:16:08 to 2026-09-06 01:16:08 (1788653768 to 1788657368)...
2026-09-07 08:46:22 +0000 - dagster - INFO - __ASSET_JOB - 81bd9a7f-6192-4a11-8a8f-781389b53b69 - hackernews - Making GET request to https://hn.algolia.com/api/v1/search_by_date?numericFilters=created_at_i%3E%3D1788653768%2Ccreated_at_i%3C1788657368&hitsPerPage=1000
2026-09-07 08:46:23 +0000 - dagster - INFO - __ASSET_JOB - 81bd9a7f-6192-4a11-8a8f-781389b53b69 - hackernews - Retrieved 325 items in this window.
2026-09-07 08:46:23 +0000 - dagster - INFO - __ASSET_JOB - 81bd9a7f-6192-4a11-8a8f-781389b53b69 - hackernews - Querying time window: 2026-09-06 01:16:08 to 2026-09-06 02:16:08 (1788657368 to 1788660968)...
2026-09-07 08:46:23 +0000 - dagster - INFO - __ASSET_JOB - 81bd9a7f-6192-4a11-8a8f-781389b53b69 - hackernews - Making GET request to https://hn.algolia.com/api/v1/search_by_date?numericFilters=created_at_i%3E%3D1788657368%2Ccreated_at_i%3C1788660968&hitsPerPage=1000
2026-09-07 08:46:23 +0000 - dagster - INFO - __ASSET_JOB - 81bd9a7f-6192-4a11-8a8f-781389b53b69 - hackernews - Retrieved 219 items in this window.
2026-09-07 08:46:23 +0000 - dagster - INFO - __ASSET_JOB - 81bd9a7f-6192-4a11-8a8f-781389b53b69 - hackernews - Querying time window: 2026-09-06 02:16:08 to 2026-09-06 03:16:08 (1788660968 to 1788664568)...
2026-09-07 08:46:23 +0000 - dagster - INFO - __ASSET_JOB - 81bd9a7f-6192-4a11-8a8f-781389b53b69 - hackernews - Making GET request to https://hn.algolia.com/api/v1/search_by_date?numericFilters=created_at_i%3E%3D1788660968%2Ccreated_at_i%3C1788664568&hitsPerPage=1000
2026-09-07 08:46:23 +0000 - dagster - INFO - __ASSET_JOB - 81bd9a7f-6192-4a11-8a8f-781389b53b69 - hackernews - Retrieved 277 items in this window.
2026-09-07 08:46:23 +0000 - dagster - INFO - __ASSET_JOB - 81bd9a7f-6192-4a11-8a8f-781389b53b69 - hackernews - Querying time window: 2026-09-06 03:16:08 to 2026-09-06 04:16:08 (1788664568 to 1788668168)...
2026-09-07 08:46:23 +0000 - dagster - INFO - __ASSET_JOB - 81bd9a7f-6192-4a11-8a8f-781389b53b69 - hackernews - Making GET request to https://hn.algolia.com/api/v1/search_by_date?numericFilters=created_at_i%3E%3D1788664568%2Ccreated_at_i%3C1788668168&hitsPerPage=1000
2026-09-07 08:46:24 +0000 - dagster - INFO - __ASSET_JOB - 81bd9a7f-6192-4a11-8a8f-781389b53b69 - hackernews - Retrieved 252 items in this window.
2026-09-07 08:46:24 +0000 - dagster - INFO - __ASSET_JOB - 81bd9a7f-6192-4a11-8a8f-781389b53b69 - hackernews - Querying time window: 2026-09-06 04:16:08 to 2026-09-06 05:16:08 (1788668168 to 1788671768)...
2026-09-07 08:46:24 +0000 - dagster - INFO - __ASSET_JOB - 81bd9a7f-6192-4a11-8a8f-781389b53b69 - hackernews - Making GET request to https://hn.algolia.com/api/v1/search_by_date?numericFilters=created_at_i%3E%3D1788668168%2Ccreated_at_i%3C1788671768&hitsPerPage=1000
2026-09-07 08:46:24 +0000 - dagster - INFO - __ASSET_JOB - 81bd9a7f-6192-4a11-8a8f-781389b53b69 - hackernews - Retrieved 237 items in this window.
2026-09-07 08:46:24 +0000 - dagster - INFO - __ASSET_JOB - 81bd9a7f-6192-4a11-8a8f-781389b53b69 - hackernews - Querying time window: 2026-09-06 05:16:08 to 2026-09-06 06:16:08 (1788671768 to 1788675368)...
2026-09-07 08:46:24 +0000 - dagster - INFO - __ASSET_JOB - 81bd9a7f-6192-4a11-8a8f-781389b53b69 - hackernews - Making GET request to https://hn.algolia.com/api/v1/search_by_date?numericFilters=created_at_i%3E%3D1788671768%2Ccreated_at_i%3C1788675368&hitsPerPage=1000
2026-09-07 08:46:25 +0000 - dagster - INFO - __ASSET_JOB - 81bd9a7f-6192-4a11-8a8f-781389b53b69 - hackernews - Retrieved 245 items in this window.
2026-09-07 08:46:25 +0000 - dagster - INFO - __ASSET_JOB - 81bd9a7f-6192-4a11-8a8f-781389b53b69 - hackernews - Querying time window: 2026-09-06 06:16:08 to 2026-09-06 07:16:08 (1788675368 to 1788678968)...
2026-09-07 08:46:25 +0000 - dagster - INFO - __ASSET_JOB - 81bd9a7f-6192-4a11-8a8f-781389b53b69 - hackernews - Making GET request to https://hn.algolia.com/api/v1/search_by_date?numericFilters=created_at_i%3E%3D1788675368%2Ccreated_at_i%3C1788678968&hitsPerPage=1000
2026-09-07 08:46:25 +0000 - dagster - INFO - __ASSET_JOB - 81bd9a7f-6192-4a11-8a8f-781389b53b69 - hackernews - Retrieved 206 items in this window.
2026-09-07 08:46:25 +0000 - dagster - INFO - __ASSET_JOB - 81bd9a7f-6192-4a11-8a8f-781389b53b69 - hackernews - Querying time window: 2026-09-06 07:16:08 to 2026-09-06 08:16:08 (1788678968 to 1788682568)...
2026-09-07 08:46:25 +0000 - dagster - INFO - __ASSET_JOB - 81bd9a7f-6192-4a11-8a8f-781389b53b69 - hackernews - Making GET request to https://hn.algolia.com/api/v1/search_by_date?numericFilters=created_at_i%3E%3D1788678968%2Ccreated_at_i%3C1788682568&hitsPerPage=1000
2026-09-07 08:46:25 +0000 - dagster - INFO - __ASSET_JOB - 81bd9a7f-6192-4a11-8a8f-781389b53b69 - hackernews - Retrieved 279 items in this window.
2026-09-07 08:46:25 +0000 - dagster - INFO - __ASSET_JOB - 81bd9a7f-6192-4a11-8a8f-781389b53b69 - hackernews - Querying time window: 2026-09-06 08:16:08 to 2026-09-06 09:16:08 (1788682568 to 1788686168)...
2026-09-07 08:46:25 +0000 - dagster - INFO - __ASSET_JOB - 81bd9a7f-6192-4a11-8a8f-781389b53b69 - hackernews - Making GET request to https://hn.algolia.com/api/v1/search_by_date?numericFilters=created_at_i%3E%3D1788682568%2Ccreated_at_i%3C1788686168&hitsPerPage=1000
2026-09-07 08:46:26 +0000 - dagster - INFO - __ASSET_JOB - 81bd9a7f-6192-4a11-8a8f-781389b53b69 - hackernews - Retrieved 235 items in this window.
2026-09-07 08:46:26 +0000 - dagster - INFO - __ASSET_JOB - 81bd9a7f-6192-4a11-8a8f-781389b53b69 - hackernews - Querying time window: 2026-09-06 09:16:08 to 2026-09-06 10:16:08 (1788686168 to 1788689768)...
2026-09-07 08:46:26 +0000 - dagster - INFO - __ASSET_JOB - 81bd9a7f-6192-4a11-8a8f-781389b53b69 - hackernews - Making GET request to https://hn.algolia.com/api/v1/search_by_date?numericFilters=created_at_i%3E%3D1788686168%2Ccreated_at_i%3C1788689768&hitsPerPage=1000
2026-09-07 08:46:26 +0000 - dagster - INFO - __ASSET_JOB - 81bd9a7f-6192-4a11-8a8f-781389b53b69 - hackernews - Retrieved 335 items in this window.
2026-09-07 08:46:26 +0000 - dagster - INFO - __ASSET_JOB - 81bd9a7f-6192-4a11-8a8f-781389b53b69 - hackernews - Querying time window: 2026-09-06 10:16:08 to 2026-09-06 11:16:08 (1788689768 to 1788693368)...
2026-09-07 08:46:26 +0000 - dagster - INFO - __ASSET_JOB - 81bd9a7f-6192-4a11-8a8f-781389b53b69 - hackernews - Making GET request to https://hn.algolia.com/api/v1/search_by_date?numericFilters=created_at_i%3E%3D1788689768%2Ccreated_at_i%3C1788693368&hitsPerPage=1000
2026-09-07 08:46:27 +0000 - dagster - INFO - __ASSET_JOB - 81bd9a7f-6192-4a11-8a8f-781389b53b69 - hackernews - Retrieved 314 items in this window.
2026-09-07 08:46:27 +0000 - dagster - INFO - __ASSET_JOB - 81bd9a7f-6192-4a11-8a8f-781389b53b69 - hackernews - Querying time window: 2026-09-06 11:16:08 to 2026-09-06 12:16:08 (1788693368 to 1788696968)...
2026-09-07 08:46:27 +0000 - dagster - INFO - __ASSET_JOB - 81bd9a7f-6192-4a11-8a8f-781389b53b69 - hackernews - Making GET request to https://hn.algolia.com/api/v1/search_by_date?numericFilters=created_at_i%3E%3D1788693368%2Ccreated_at_i%3C1788696968&hitsPerPage=1000
2026-09-07 08:46:27 +0000 - dagster - INFO - __ASSET_JOB - 81bd9a7f-6192-4a11-8a8f-781389b53b69 - hackernews - Retrieved 349 items in this window.
2026-09-07 08:46:27 +0000 - dagster - INFO - __ASSET_JOB - 81bd9a7f-6192-4a11-8a8f-781389b53b69 - hackernews - Querying time window: 2026-09-06 12:16:08 to 2026-09-06 13:16:08 (1788696968 to 1788700568)...
2026-09-07 08:46:27 +0000 - dagster - INFO - __ASSET_JOB - 81bd9a7f-6192-4a11-8a8f-781389b53b69 - hackernews - Making GET request to https://hn.algolia.com/api/v1/search_by_date?numericFilters=created_at_i%3E%3D1788696968%2Ccreated_at_i%3C1788700568&hitsPerPage=1000
2026-09-07 08:46:27 +0000 - dagster - INFO - __ASSET_JOB - 81bd9a7f-6192-4a11-8a8f-781389b53b69 - hackernews - Retrieved 444 items in this window.
2026-09-07 08:46:27 +0000 - dagster - INFO - __ASSET_JOB - 81bd9a7f-6192-4a11-8a8f-781389b53b69 - hackernews - Querying time window: 2026-09-06 13:16:08 to 2026-09-06 14:16:08 (1788700568 to 1788704168)...
2026-09-07 08:46:27 +0000 - dagster - INFO - __ASSET_JOB - 81bd9a7f-6192-4a11-8a8f-781389b53b69 - hackernews - Making GET request to https://hn.algolia.com/api/v1/search_by_date?numericFilters=created_at_i%3E%3D1788700568%2Ccreated_at_i%3C1788704168&hitsPerPage=1000
2026-09-07 08:46:28 +0000 - dagster - INFO - __ASSET_JOB - 81bd9a7f-6192-4a11-8a8f-781389b53b69 - hackernews - Retrieved 438 items in this window.
2026-09-07 08:46:28 +0000 - dagster - INFO - __ASSET_JOB - 81bd9a7f-6192-4a11-8a8f-781389b53b69 - hackernews - Querying time window: 2026-09-06 14:16:08 to 2026-09-06 15:16:08 (1788704168 to 1788707768)...
2026-09-07 08:46:28 +0000 - dagster - INFO - __ASSET_JOB - 81bd9a7f-6192-4a11-8a8f-781389b53b69 - hackernews - Making GET request to https://hn.algolia.com/api/v1/search_by_date?numericFilters=created_at_i%3E%3D1788704168%2Ccreated_at_i%3C1788707768&hitsPerPage=1000
2026-09-07 08:46:28 +0000 - dagster - INFO - __ASSET_JOB - 81bd9a7f-6192-4a11-8a8f-781389b53b69 - hackernews - Retrieved 472 items in this window.
2026-09-07 08:46:29 +0000 - dagster - INFO - __ASSET_JOB - 81bd9a7f-6192-4a11-8a8f-781389b53b69 - hackernews - Querying time window: 2026-09-06 15:16:08 to 2026-09-06 16:16:08 (1788707768 to 1788711368)...
2026-09-07 08:46:29 +0000 - dagster - INFO - __ASSET_JOB - 81bd9a7f-6192-4a11-8a8f-781389b53b69 - hackernews - Making GET request to https://hn.algolia.com/api/v1/search_by_date?numericFilters=created_at_i%3E%3D1788707768%2Ccreated_at_i%3C1788711368&hitsPerPage=1000
2026-09-07 08:46:29 +0000 - dagster - INFO - __ASSET_JOB - 81bd9a7f-6192-4a11-8a8f-781389b53b69 - hackernews - Retrieved 587 items in this window.
2026-09-07 08:46:29 +0000 - dagster - INFO - __ASSET_JOB - 81bd9a7f-6192-4a11-8a8f-781389b53b69 - hackernews - Querying time window: 2026-09-06 16:16:08 to 2026-09-06 17:16:08 (1788711368 to 1788714968)...
2026-09-07 08:46:29 +0000 - dagster - INFO - __ASSET_JOB - 81bd9a7f-6192-4a11-8a8f-781389b53b69 - hackernews - Making GET request to https://hn.algolia.com/api/v1/search_by_date?numericFilters=created_at_i%3E%3D1788711368%2Ccreated_at_i%3C1788714968&hitsPerPage=1000
2026-09-07 08:46:29 +0000 - dagster - INFO - __ASSET_JOB - 81bd9a7f-6192-4a11-8a8f-781389b53b69 - hackernews - Retrieved 578 items in this window.
2026-09-07 08:46:29 +0000 - dagster - INFO - __ASSET_JOB - 81bd9a7f-6192-4a11-8a8f-781389b53b69 - hackernews - Querying time window: 2026-09-06 17:16:08 to 2026-09-06 18:16:08 (1788714968 to 1788718568)...
2026-09-07 08:46:29 +0000 - dagster - INFO - __ASSET_JOB - 81bd9a7f-6192-4a11-8a8f-781389b53b69 - hackernews - Making GET request to https://hn.algolia.com/api/v1/search_by_date?numericFilters=created_at_i%3E%3D1788714968%2Ccreated_at_i%3C1788718568&hitsPerPage=1000
2026-09-07 08:46:30 +0000 - dagster - INFO - __ASSET_JOB - 81bd9a7f-6192-4a11-8a8f-781389b53b69 - hackernews - Retrieved 551 items in this window.
2026-09-07 08:46:30 +0000 - dagster - INFO - __ASSET_JOB - 81bd9a7f-6192-4a11-8a8f-781389b53b69 - hackernews - Querying time window: 2026-09-06 18:16:08 to 2026-09-06 19:16:08 (1788718568 to 1788722168)...
2026-09-07 08:46:30 +0000 - dagster - INFO - __ASSET_JOB - 81bd9a7f-6192-4a11-8a8f-781389b53b69 - hackernews - Making GET request to https://hn.algolia.com/api/v1/search_by_date?numericFilters=created_at_i%3E%3D1788718568%2Ccreated_at_i%3C1788722168&hitsPerPage=1000
2026-09-07 08:46:30 +0000 - dagster - INFO - __ASSET_JOB - 81bd9a7f-6192-4a11-8a8f-781389b53b69 - hackernews - Retrieved 491 items in this window.
2026-09-07 08:46:31 +0000 - dagster - INFO - __ASSET_JOB - 81bd9a7f-6192-4a11-8a8f-781389b53b69 - hackernews - Querying time window: 2026-09-06 19:16:08 to 2026-09-06 20:16:08 (1788722168 to 1788725768)...
2026-09-07 08:46:31 +0000 - dagster - INFO - __ASSET_JOB - 81bd9a7f-6192-4a11-8a8f-781389b53b69 - hackernews - Making GET request to https://hn.algolia.com/api/v1/search_by_date?numericFilters=created_at_i%3E%3D1788722168%2Ccreated_at_i%3C1788725768&hitsPerPage=1000
2026-09-07 08:46:31 +0000 - dagster - INFO - __ASSET_JOB - 81bd9a7f-6192-4a11-8a8f-781389b53b69 - hackernews - Retrieved 559 items in this window.
2026-09-07 08:46:31 +0000 - dagster - INFO - __ASSET_JOB - 81bd9a7f-6192-4a11-8a8f-781389b53b69 - hackernews - Querying time window: 2026-09-06 20:16:08 to 2026-09-06 21:16:08 (1788725768 to 1788729368)...
2026-09-07 08:46:31 +0000 - dagster - INFO - __ASSET_JOB - 81bd9a7f-6192-4a11-8a8f-781389b53b69 - hackernews - Making GET request to https://hn.algolia.com/api/v1/search_by_date?numericFilters=created_at_i%3E%3D1788725768%2Ccreated_at_i%3C1788729368&hitsPerPage=1000
2026-09-07 08:46:32 +0000 - dagster - INFO - __ASSET_JOB - 81bd9a7f-6192-4a11-8a8f-781389b53b69 - hackernews - Retrieved 532 items in this window.
2026-09-07 08:46:32 +0000 - dagster - INFO - __ASSET_JOB - 81bd9a7f-6192-4a11-8a8f-781389b53b69 - hackernews - Querying time window: 2026-09-06 21:16:08 to 2026-09-06 22:16:08 (1788729368 to 1788732968)...
2026-09-07 08:46:32 +0000 - dagster - INFO - __ASSET_JOB - 81bd9a7f-6192-4a11-8a8f-781389b53b69 - hackernews - Making GET request to https://hn.algolia.com/api/v1/search_by_date?numericFilters=created_at_i%3E%3D1788729368%2Ccreated_at_i%3C1788732968&hitsPerPage=1000
2026-09-07 08:46:32 +0000 - dagster - INFO - __ASSET_JOB - 81bd9a7f-6192-4a11-8a8f-781389b53b69 - hackernews - Retrieved 408 items in this window.
2026-09-07 08:46:32 +0000 - dagster - INFO - __ASSET_JOB - 81bd9a7f-6192-4a11-8a8f-781389b53b69 - hackernews - Querying time window: 2026-09-06 22:16:08 to 2026-09-06 23:16:08 (1788732968 to 1788736568)...
2026-09-07 08:46:32 +0000 - dagster - INFO - __ASSET_JOB - 81bd9a7f-6192-4a11-8a8f-781389b53b69 - hackernews - Making GET request to https://hn.algolia.com/api/v1/search_by_date?numericFilters=created_at_i%3E%3D1788732968%2Ccreated_at_i%3C1788736568&hitsPerPage=1000
2026-09-07 08:46:33 +0000 - dagster - INFO - __ASSET_JOB - 81bd9a7f-6192-4a11-8a8f-781389b53b69 - hackernews - Retrieved 330 items in this window.
2026-09-07 08:46:33 +0000 - dagster - INFO - __ASSET_JOB - 81bd9a7f-6192-4a11-8a8f-781389b53b69 - hackernews - Querying time window: 2026-09-06 23:16:08 to 2026-09-07 00:16:08 (1788736568 to 1788740168)...
2026-09-07 08:46:33 +0000 - dagster - INFO - __ASSET_JOB - 81bd9a7f-6192-4a11-8a8f-781389b53b69 - hackernews - Making GET request to https://hn.algolia.com/api/v1/search_by_date?numericFilters=created_at_i%3E%3D1788736568%2Ccreated_at_i%3C1788740168&hitsPerPage=1000
2026-09-07 08:46:33 +0000 - dagster - INFO - __ASSET_JOB - 81bd9a7f-6192-4a11-8a8f-781389b53b69 - hackernews - Retrieved 397 items in this window.
2026-09-07 08:46:33 +0000 - dagster - INFO - __ASSET_JOB - 81bd9a7f-6192-4a11-8a8f-781389b53b69 - hackernews - Querying time window: 2026-09-07 00:16:08 to 2026-09-07 01:16:08 (1788740168 to 1788743768)...
2026-09-07 08:46:33 +0000 - dagster - INFO - __ASSET_JOB - 81bd9a7f-6192-4a11-8a8f-781389b53b69 - hackernews - Making GET request to https://hn.algolia.com/api/v1/search_by_date?numericFilters=created_at_i%3E%3D1788740168%2Ccreated_at_i%3C1788743768&hitsPerPage=1000
2026-09-07 08:46:33 +0000 - dagster - INFO - __ASSET_JOB - 81bd9a7f-6192-4a11-8a8f-781389b53b69 - hackernews - Retrieved 304 items in this window.
2026-09-07 08:46:33 +0000 - dagster - INFO - __ASSET_JOB - 81bd9a7f-6192-4a11-8a8f-781389b53b69 - hackernews - Querying time window: 2026-09-07 01:16:08 to 2026-09-07 02:16:08 (1788743768 to 1788747368)...
2026-09-07 08:46:33 +0000 - dagster - INFO - __ASSET_JOB - 81bd9a7f-6192-4a11-8a8f-781389b53b69 - hackernews - Making GET request to https://hn.algolia.com/api/v1/search_by_date?numericFilters=created_at_i%3E%3D1788743768%2Ccreated_at_i%3C1788747368&hitsPerPage=1000
2026-09-07 08:46:34 +0000 - dagster - INFO - __ASSET_JOB - 81bd9a7f-6192-4a11-8a8f-781389b53b69 - hackernews - Retrieved 355 items in this window.
2026-09-07 08:46:34 +0000 - dagster - INFO - __ASSET_JOB - 81bd9a7f-6192-4a11-8a8f-781389b53b69 - hackernews - Querying time window: 2026-09-07 02:16:08 to 2026-09-07 03:16:08 (1788747368 to 1788750968)...
2026-09-07 08:46:34 +0000 - dagster - INFO - __ASSET_JOB - 81bd9a7f-6192-4a11-8a8f-781389b53b69 - hackernews - Making GET request to https://hn.algolia.com/api/v1/search_by_date?numericFilters=created_at_i%3E%3D1788747368%2Ccreated_at_i%3C1788750968&hitsPerPage=1000
2026-09-07 08:46:34 +0000 - dagster - INFO - __ASSET_JOB - 81bd9a7f-6192-4a11-8a8f-781389b53b69 - hackernews - Retrieved 357 items in this window.
2026-09-07 08:46:35 +0000 - dagster - INFO - __ASSET_JOB - 81bd9a7f-6192-4a11-8a8f-781389b53b69 - hackernews - Querying time window: 2026-09-07 03:16:08 to 2026-09-07 04:16:08 (1788750968 to 1788754568)...
2026-09-07 08:46:35 +0000 - dagster - INFO - __ASSET_JOB - 81bd9a7f-6192-4a11-8a8f-781389b53b69 - hackernews - Making GET request to https://hn.algolia.com/api/v1/search_by_date?numericFilters=created_at_i%3E%3D1788750968%2Ccreated_at_i%3C1788754568&hitsPerPage=1000
2026-09-07 08:46:35 +0000 - dagster - INFO - __ASSET_JOB - 81bd9a7f-6192-4a11-8a8f-781389b53b69 - hackernews - Retrieved 317 items in this window.
2026-09-07 08:46:35 +0000 - dagster - INFO - __ASSET_JOB - 81bd9a7f-6192-4a11-8a8f-781389b53b69 - hackernews - Querying time window: 2026-09-07 04:16:08 to 2026-09-07 05:16:08 (1788754568 to 1788758168)...
2026-09-07 08:46:35 +0000 - dagster - INFO - __ASSET_JOB - 81bd9a7f-6192-4a11-8a8f-781389b53b69 - hackernews - Making GET request to https://hn.algolia.com/api/v1/search_by_date?numericFilters=created_at_i%3E%3D1788754568%2Ccreated_at_i%3C1788758168&hitsPerPage=1000
2026-09-07 08:46:35 +0000 - dagster - INFO - __ASSET_JOB - 81bd9a7f-6192-4a11-8a8f-781389b53b69 - hackernews - Retrieved 277 items in this window.
2026-09-07 08:46:35 +0000 - dagster - INFO - __ASSET_JOB - 81bd9a7f-6192-4a11-8a8f-781389b53b69 - hackernews - Querying time window: 2026-09-07 05:16:08 to 2026-09-07 06:16:08 (1788758168 to 1788761768)...
2026-09-07 08:46:35 +0000 - dagster - INFO - __ASSET_JOB - 81bd9a7f-6192-4a11-8a8f-781389b53b69 - hackernews - Making GET request to https://hn.algolia.com/api/v1/search_by_date?numericFilters=created_at_i%3E%3D1788758168%2Ccreated_at_i%3C1788761768&hitsPerPage=1000
2026-09-07 08:46:36 +0000 - dagster - INFO - __ASSET_JOB - 81bd9a7f-6192-4a11-8a8f-781389b53b69 - hackernews - Retrieved 355 items in this window.
2026-09-07 08:46:36 +0000 - dagster - INFO - __ASSET_JOB - 81bd9a7f-6192-4a11-8a8f-781389b53b69 - hackernews - Querying time window: 2026-09-07 06:16:08 to 2026-09-07 07:16:08 (1788761768 to 1788765368)...
2026-09-07 08:46:36 +0000 - dagster - INFO - __ASSET_JOB - 81bd9a7f-6192-4a11-8a8f-781389b53b69 - hackernews - Making GET request to https://hn.algolia.com/api/v1/search_by_date?numericFilters=created_at_i%3E%3D1788761768%2Ccreated_at_i%3C1788765368&hitsPerPage=1000
2026-09-07 08:46:36 +0000 - dagster - INFO - __ASSET_JOB - 81bd9a7f-6192-4a11-8a8f-781389b53b69 - hackernews - Retrieved 399 items in this window.
2026-09-07 08:46:36 +0000 - dagster - INFO - __ASSET_JOB - 81bd9a7f-6192-4a11-8a8f-781389b53b69 - hackernews - Querying time window: 2026-09-07 07:16:08 to 2026-09-07 08:16:08 (1788765368 to 1788768968)...
2026-09-07 08:46:36 +0000 - dagster - INFO - __ASSET_JOB - 81bd9a7f-6192-4a11-8a8f-781389b53b69 - hackernews - Making GET request to https://hn.algolia.com/api/v1/search_by_date?numericFilters=created_at_i%3E%3D1788765368%2Ccreated_at_i%3C1788768968&hitsPerPage=1000
2026-09-07 08:46:36 +0000 - dagster - INFO - __ASSET_JOB - 81bd9a7f-6192-4a11-8a8f-781389b53b69 - hackernews - Retrieved 407 items in this window.
2026-09-07 08:46:36 +0000 - dagster - INFO - __ASSET_JOB - 81bd9a7f-6192-4a11-8a8f-781389b53b69 - hackernews - Querying time window: 2026-09-07 08:16:08 to 2026-09-07 08:45:16 (1788768968 to 1788770716)...
2026-09-07 08:46:36 +0000 - dagster - INFO - __ASSET_JOB - 81bd9a7f-6192-4a11-8a8f-781389b53b69 - hackernews - Making GET request to https://hn.algolia.com/api/v1/search_by_date?numericFilters=created_at_i%3E%3D1788768968%2Ccreated_at_i%3C1788770716&hitsPerPage=1000
2026-09-07 08:46:37 +0000 - dagster - INFO - __ASSET_JOB - 81bd9a7f-6192-4a11-8a8f-781389b53b69 - hackernews - Retrieved 227 items in this window.
2026-09-07 08:46:37 +0000 - dagster - INFO - __ASSET_JOB - 81bd9a7f-6192-4a11-8a8f-781389b53b69 - hackernews - Ingested 77647 items. Catch-up completed up to 2026-09-07 08:45:16 (1788770716).
2026-09-07 08:46:37 +0000 - dagster - INFO - __ASSET_JOB - 81bd9a7f-6192-4a11-8a8f-781389b53b69 - hackernews - Created none pool with 1 workers
2026-09-07 08:46:37 +0000 - dagster - INFO - __ASSET_JOB - 81bd9a7f-6192-4a11-8a8f-781389b53b69 - hackernews - Running file normalizing
2026-09-07 08:46:37 +0000 - dagster - INFO - __ASSET_JOB - 81bd9a7f-6192-4a11-8a8f-781389b53b69 - hackernews - Found 1 load packages
2026-09-07 08:46:37 +0000 - dagster - INFO - __ASSET_JOB - 81bd9a7f-6192-4a11-8a8f-781389b53b69 - hackernews - Found 2 files in schema hackernews_source load_id 1788770716.5853686
2026-09-07 08:46:37 +0000 - dagster - INFO - __ASSET_JOB - 81bd9a7f-6192-4a11-8a8f-781389b53b69 - hackernews - Created new load package 1788770716.5853686 on loading volume with 2 files
2026-09-07 08:46:37 +0000 - dagster - INFO - __ASSET_JOB - 81bd9a7f-6192-4a11-8a8f-781389b53b69 - hackernews - A file format for table _dlt_pipeline_state was specified to preferred in the resource so parquet format being used.
2026-09-07 08:46:37 +0000 - dagster - INFO - __ASSET_JOB - 81bd9a7f-6192-4a11-8a8f-781389b53b69 - hackernews - Created items normalizer JsonLItemsNormalizer with writer ParquetDataWriter for item format object and file format parquet on table _dlt_pipeline_state
2026-09-07 08:46:37 +0000 - dagster - INFO - __ASSET_JOB - 81bd9a7f-6192-4a11-8a8f-781389b53b69 - hackernews - Created items normalizer JsonLItemsNormalizer with writer ParquetDataWriter for item format object and file format parquet on table items
2026-09-07 08:46:39 +0000 - dagster - INFO - __ASSET_JOB - 81bd9a7f-6192-4a11-8a8f-781389b53b69 - hackernews - Processed all items in 2 files
2026-09-07 08:46:39 +0000 - dagster - INFO - __ASSET_JOB - 81bd9a7f-6192-4a11-8a8f-781389b53b69 - hackernews - Schema hackernews_source with version 3 was not modified. Save skipped
2026-09-07 08:46:39 +0000 - dagster - INFO - __ASSET_JOB - 81bd9a7f-6192-4a11-8a8f-781389b53b69 - hackernews - Committing storage, do not kill this process
2026-09-07 08:46:39 +0000 - dagster - INFO - __ASSET_JOB - 81bd9a7f-6192-4a11-8a8f-781389b53b69 - hackernews - Extracted package 1788770716.5853686 processed
2026-09-07 08:46:39 +0000 - dagster - INFO - __ASSET_JOB - 81bd9a7f-6192-4a11-8a8f-781389b53b69 - hackernews - Closing processing pool
2026-09-07 08:46:39 +0000 - dagster - INFO - __ASSET_JOB - 81bd9a7f-6192-4a11-8a8f-781389b53b69 - hackernews - Processing pool closed
2026-09-07 08:46:39 +0000 - dagster - INFO - __ASSET_JOB - 81bd9a7f-6192-4a11-8a8f-781389b53b69 - hackernews - Created thread pool with 20 workers
2026-09-07 08:46:39 +0000 - dagster - INFO - __ASSET_JOB - 81bd9a7f-6192-4a11-8a8f-781389b53b69 - hackernews - Running file loading
2026-09-07 08:46:39 +0000 - dagster - INFO - __ASSET_JOB - 81bd9a7f-6192-4a11-8a8f-781389b53b69 - hackernews - Found 1 load packages
2026-09-07 08:46:39 +0000 - dagster - INFO - __ASSET_JOB - 81bd9a7f-6192-4a11-8a8f-781389b53b69 - hackernews - Loading schema from load package in 1788770716.5853686
2026-09-07 08:46:39 +0000 - dagster - INFO - __ASSET_JOB - 81bd9a7f-6192-4a11-8a8f-781389b53b69 - hackernews - Loaded schema name hackernews_source and version 3
2026-09-07 08:46:39 +0000 - dagster - INFO - __ASSET_JOB - 81bd9a7f-6192-4a11-8a8f-781389b53b69 - hackernews - Client for ducklake will start initialize storage 
2026-09-07 08:46:39 +0000 - dagster - INFO - __ASSET_JOB - 81bd9a7f-6192-4a11-8a8f-781389b53b69 - hackernews - Client for ducklake will update schema to package schema 
2026-09-07 08:46:39 +0000 - dagster - INFO - __ASSET_JOB - 81bd9a7f-6192-4a11-8a8f-781389b53b69 - hackernews - Schema with hash 6By9nwqTTrhznnSPDpfURqHpWrsY2BVikyibecXijOE= inserted at 2026-08-10 23:15:46.025744+00:00 found in storage, no upgrade required
2026-09-07 08:46:39 +0000 - dagster - INFO - __ASSET_JOB - 81bd9a7f-6192-4a11-8a8f-781389b53b69 - hackernews - Client for ducklake will start initialize storage for staging dataset
2026-09-07 08:46:39 +0000 - dagster - INFO - __ASSET_JOB - 81bd9a7f-6192-4a11-8a8f-781389b53b69 - hackernews - Client for ducklake will update schema to package schema for staging dataset
2026-09-07 08:46:39 +0000 - dagster - INFO - __ASSET_JOB - 81bd9a7f-6192-4a11-8a8f-781389b53b69 - hackernews - Schema with hash 6By9nwqTTrhznnSPDpfURqHpWrsY2BVikyibecXijOE= not found in the storage. upgrading
2026-09-07 08:46:39 +0000 - dagster - INFO - __ASSET_JOB - 81bd9a7f-6192-4a11-8a8f-781389b53b69 - hackernews - Found 6 updates for _dlt_version in hackernews_source
2026-09-07 08:46:39 +0000 - dagster - INFO - __ASSET_JOB - 81bd9a7f-6192-4a11-8a8f-781389b53b69 - hackernews - Found 13 updates for items in hackernews_source
2026-09-07 08:46:39 +0000 - dagster - INFO - __ASSET_JOB - 81bd9a7f-6192-4a11-8a8f-781389b53b69 - hackernews - Client for ducklake will truncate tables for staging dataset
2026-09-07 08:46:39 +0000 - dagster - INFO - __ASSET_JOB - 81bd9a7f-6192-4a11-8a8f-781389b53b69 - hackernews - 0 started jobs found, which should be continued
2026-09-07 08:46:40 +0000 - dagster - INFO - __ASSET_JOB - 81bd9a7f-6192-4a11-8a8f-781389b53b69 - hackernews - Will complete 0 for 1788770716.5853686
2026-09-07 08:46:40 +0000 - dagster - INFO - __ASSET_JOB - 81bd9a7f-6192-4a11-8a8f-781389b53b69 - hackernews - Will load additional 1, creating jobs
2026-09-07 08:46:40 +0000 - dagster - INFO - __ASSET_JOB - 81bd9a7f-6192-4a11-8a8f-781389b53b69 - hackernews - Will load file 1788770716.5853686/new_jobs/_dlt_pipeline_state.937edbe4da.0.parquet with table name _dlt_pipeline_state
2026-09-07 08:46:40 +0000 - dagster - INFO - __ASSET_JOB - 81bd9a7f-6192-4a11-8a8f-781389b53b69 - hackernews - Will complete 1 for 1788770716.5853686
2026-09-07 08:46:40 +0000 - dagster - INFO - __ASSET_JOB - 81bd9a7f-6192-4a11-8a8f-781389b53b69 - hackernews - Job for _dlt_pipeline_state.937edbe4da.parquet completed in load 1788770716.5853686
2026-09-07 08:46:40 +0000 - dagster - INFO - __ASSET_JOB - 81bd9a7f-6192-4a11-8a8f-781389b53b69 - hackernews - Will load additional 1, creating jobs
2026-09-07 08:46:40 +0000 - dagster - INFO - __ASSET_JOB - 81bd9a7f-6192-4a11-8a8f-781389b53b69 - hackernews - Will load file 1788770716.5853686/new_jobs/items.448388e543.0.parquet with table name items
2026-09-07 08:46:40 +0000 - dagster - INFO - __ASSET_JOB - 81bd9a7f-6192-4a11-8a8f-781389b53b69 - hackernews - Will complete 1 for 1788770716.5853686
2026-09-07 08:46:40 +0000 - dagster - INFO - __ASSET_JOB - 81bd9a7f-6192-4a11-8a8f-781389b53b69 - hackernews - Job items.448388e543.parquet CREATED a new FOLLOWUP JOB /tmp/items.9aa1160208.0.sql placed in new_jobs
2026-09-07 08:46:40 +0000 - dagster - INFO - __ASSET_JOB - 81bd9a7f-6192-4a11-8a8f-781389b53b69 - hackernews - Job for items.448388e543.parquet completed in load 1788770716.5853686
2026-09-07 08:46:40 +0000 - dagster - INFO - __ASSET_JOB - 81bd9a7f-6192-4a11-8a8f-781389b53b69 - hackernews - Will load additional 1, creating jobs
2026-09-07 08:46:40 +0000 - dagster - INFO - __ASSET_JOB - 81bd9a7f-6192-4a11-8a8f-781389b53b69 - hackernews - Will load file 1788770716.5853686/new_jobs/items.9aa1160208.0.sql with table name items
2026-09-07 08:46:41 +0000 - dagster - INFO - __ASSET_JOB - 81bd9a7f-6192-4a11-8a8f-781389b53b69 - hackernews - Will complete 1 for 1788770716.5853686
2026-09-07 08:46:41 +0000 - dagster - INFO - __ASSET_JOB - 81bd9a7f-6192-4a11-8a8f-781389b53b69 - hackernews - Job for items.9aa1160208.sql completed in load 1788770716.5853686
2026-09-07 08:46:41 +0000 - dagster - INFO - __ASSET_JOB - 81bd9a7f-6192-4a11-8a8f-781389b53b69 - hackernews - Will load additional 0, creating jobs
2026-09-07 08:46:41 +0000 - dagster - INFO - __ASSET_JOB - 81bd9a7f-6192-4a11-8a8f-781389b53b69 - hackernews - All jobs completed, archiving package 1788770716.5853686 with aborted set to False
2026-09-07 08:46:41 +0000 - dagster - INFO - __ASSET_JOB - 81bd9a7f-6192-4a11-8a8f-781389b53b69 - hackernews - Closing processing pool
2026-09-07 08:46:41 +0000 - dagster - INFO - __ASSET_JOB - 81bd9a7f-6192-4a11-8a8f-781389b53b69 - hackernews - Processing pool closed
2026-09-07 08:46:41 +0000 - dagster - INFO - __ASSET_JOB - 81bd9a7f-6192-4a11-8a8f-781389b53b69 - dbt_assets - A dbt subsetted execution is not being performed. Using the default dbt selection arguments `['--select', 'fqn:*']`.
2026-09-07 08:46:44 +0000 - dagster - INFO - __ASSET_JOB - 81bd9a7f-6192-4a11-8a8f-781389b53b69 - dbt_assets - Copying `/home/runner/work/orca/orca/transformation/target/partial_parse.msgpack` to `/home/runner/work/orca/orca/transformation/target/dbt_assets-81bd9a7-1b45410/partial_parse.msgpack` to take advantage of partial parsing.
2026-09-07 08:46:44 +0000 - dagster - INFO - __ASSET_JOB - 81bd9a7f-6192-4a11-8a8f-781389b53b69 - dbt_assets - Running dbt command: `dbt build --select fqn:*`.
2026-09-07 08:46:50 +0000 - dagster - INFO - __ASSET_JOB - 81bd9a7f-6192-4a11-8a8f-781389b53b69 - dbt_assets - Finished dbt command: `dbt build --select fqn:*`.
