2026-09-28 10:19:04 +0000 - dagster - INFO - __ASSET_JOB - 5c32f4a1-b452-4f81-ae66-6270aadaebb6 - hackernews - The state was restored from the destination ducklake (dlt.destinations.ducklake):raw
2026-09-28 10:19:04 +0000 - dagster - INFO - __ASSET_JOB - 5c32f4a1-b452-4f81-ae66-6270aadaebb6 - hackernews - The schema hackernews_source version 3 hash 6By9nwqTTrhznnSPDpfURqHpWrsY2BVikyibecXijOE= was restored from the destination ducklake:raw
2026-09-28 10:19:04 +0000 - dagster - INFO - __ASSET_JOB - 5c32f4a1-b452-4f81-ae66-6270aadaebb6 - hackernews - Bind incremental on items with initial_value: 2026-07-01 00:00:00+00:00, start_value: 2026-09-21 09:26:04+00:00, end_value: None, func: max, row_order: None, on_missing: raise, range_start: closed, range_end: open
2026-09-28 10:19:04 +0000 - dagster - INFO - __ASSET_JOB - 5c32f4a1-b452-4f81-ae66-6270aadaebb6 - hackernews - Starting incremental ingestion from 2026-09-21 09:26:04 UTC (1789982764)...
2026-09-28 10:19:04 +0000 - dagster - INFO - __ASSET_JOB - 5c32f4a1-b452-4f81-ae66-6270aadaebb6 - hackernews - Querying time window: 2026-09-21 09:26:04 to 2026-09-21 10:26:04 (1789982764 to 1789986364)...
2026-09-28 10:19:04 +0000 - dagster - INFO - __ASSET_JOB - 5c32f4a1-b452-4f81-ae66-6270aadaebb6 - hackernews - Making GET request to https://hn.algolia.com/api/v1/search_by_date?numericFilters=created_at_i%3E%3D1789982764%2Ccreated_at_i%3C1789986364&hitsPerPage=1000
2026-09-28 10:19:05 +0000 - dagster - INFO - __ASSET_JOB - 5c32f4a1-b452-4f81-ae66-6270aadaebb6 - hackernews - Retrieved 340 items in this window.
2026-09-28 10:19:05 +0000 - dagster - INFO - __ASSET_JOB - 5c32f4a1-b452-4f81-ae66-6270aadaebb6 - hackernews - Querying time window: 2026-09-21 10:26:04 to 2026-09-21 11:26:04 (1789986364 to 1789989964)...
2026-09-28 10:19:05 +0000 - dagster - INFO - __ASSET_JOB - 5c32f4a1-b452-4f81-ae66-6270aadaebb6 - hackernews - Making GET request to https://hn.algolia.com/api/v1/search_by_date?numericFilters=created_at_i%3E%3D1789986364%2Ccreated_at_i%3C1789989964&hitsPerPage=1000
2026-09-28 10:19:05 +0000 - dagster - INFO - __ASSET_JOB - 5c32f4a1-b452-4f81-ae66-6270aadaebb6 - hackernews - Retrieved 379 items in this window.
2026-09-28 10:19:05 +0000 - dagster - INFO - __ASSET_JOB - 5c32f4a1-b452-4f81-ae66-6270aadaebb6 - hackernews - Querying time window: 2026-09-21 11:26:04 to 2026-09-21 12:26:04 (1789989964 to 1789993564)...
2026-09-28 10:19:05 +0000 - dagster - INFO - __ASSET_JOB - 5c32f4a1-b452-4f81-ae66-6270aadaebb6 - hackernews - Making GET request to https://hn.algolia.com/api/v1/search_by_date?numericFilters=created_at_i%3E%3D1789989964%2Ccreated_at_i%3C1789993564&hitsPerPage=1000
2026-09-28 10:19:06 +0000 - dagster - INFO - __ASSET_JOB - 5c32f4a1-b452-4f81-ae66-6270aadaebb6 - hackernews - Retrieved 508 items in this window.
2026-09-28 10:19:06 +0000 - dagster - INFO - __ASSET_JOB - 5c32f4a1-b452-4f81-ae66-6270aadaebb6 - hackernews - Querying time window: 2026-09-21 12:26:04 to 2026-09-21 13:26:04 (1789993564 to 1789997164)...
2026-09-28 10:19:06 +0000 - dagster - INFO - __ASSET_JOB - 5c32f4a1-b452-4f81-ae66-6270aadaebb6 - hackernews - Making GET request to https://hn.algolia.com/api/v1/search_by_date?numericFilters=created_at_i%3E%3D1789993564%2Ccreated_at_i%3C1789997164&hitsPerPage=1000
2026-09-28 10:19:06 +0000 - dagster - INFO - __ASSET_JOB - 5c32f4a1-b452-4f81-ae66-6270aadaebb6 - hackernews - Retrieved 528 items in this window.
2026-09-28 10:19:06 +0000 - dagster - INFO - __ASSET_JOB - 5c32f4a1-b452-4f81-ae66-6270aadaebb6 - hackernews - Querying time window: 2026-09-21 13:26:04 to 2026-09-21 14:26:04 (1789997164 to 1790000764)...
2026-09-28 10:19:06 +0000 - dagster - INFO - __ASSET_JOB - 5c32f4a1-b452-4f81-ae66-6270aadaebb6 - hackernews - Making GET request to https://hn.algolia.com/api/v1/search_by_date?numericFilters=created_at_i%3E%3D1789997164%2Ccreated_at_i%3C1790000764&hitsPerPage=1000
2026-09-28 10:19:07 +0000 - dagster - INFO - __ASSET_JOB - 5c32f4a1-b452-4f81-ae66-6270aadaebb6 - hackernews - Retrieved 621 items in this window.
2026-09-28 10:19:07 +0000 - dagster - INFO - __ASSET_JOB - 5c32f4a1-b452-4f81-ae66-6270aadaebb6 - hackernews - Querying time window: 2026-09-21 14:26:04 to 2026-09-21 15:26:04 (1790000764 to 1790004364)...
2026-09-28 10:19:07 +0000 - dagster - INFO - __ASSET_JOB - 5c32f4a1-b452-4f81-ae66-6270aadaebb6 - hackernews - Making GET request to https://hn.algolia.com/api/v1/search_by_date?numericFilters=created_at_i%3E%3D1790000764%2Ccreated_at_i%3C1790004364&hitsPerPage=1000
2026-09-28 10:19:08 +0000 - dagster - INFO - __ASSET_JOB - 5c32f4a1-b452-4f81-ae66-6270aadaebb6 - hackernews - Retrieved 691 items in this window.
2026-09-28 10:19:08 +0000 - dagster - INFO - __ASSET_JOB - 5c32f4a1-b452-4f81-ae66-6270aadaebb6 - hackernews - Querying time window: 2026-09-21 15:26:04 to 2026-09-21 16:26:04 (1790004364 to 1790007964)...
2026-09-28 10:19:08 +0000 - dagster - INFO - __ASSET_JOB - 5c32f4a1-b452-4f81-ae66-6270aadaebb6 - hackernews - Making GET request to https://hn.algolia.com/api/v1/search_by_date?numericFilters=created_at_i%3E%3D1790004364%2Ccreated_at_i%3C1790007964&hitsPerPage=1000
2026-09-28 10:19:09 +0000 - dagster - INFO - __ASSET_JOB - 5c32f4a1-b452-4f81-ae66-6270aadaebb6 - hackernews - Retrieved 829 items in this window.
2026-09-28 10:19:09 +0000 - dagster - INFO - __ASSET_JOB - 5c32f4a1-b452-4f81-ae66-6270aadaebb6 - hackernews - Querying time window: 2026-09-21 16:26:04 to 2026-09-21 17:26:04 (1790007964 to 1790011564)...
2026-09-28 10:19:09 +0000 - dagster - INFO - __ASSET_JOB - 5c32f4a1-b452-4f81-ae66-6270aadaebb6 - hackernews - Making GET request to https://hn.algolia.com/api/v1/search_by_date?numericFilters=created_at_i%3E%3D1790007964%2Ccreated_at_i%3C1790011564&hitsPerPage=1000
2026-09-28 10:19:09 +0000 - dagster - INFO - __ASSET_JOB - 5c32f4a1-b452-4f81-ae66-6270aadaebb6 - hackernews - Retrieved 854 items in this window.
2026-09-28 10:19:09 +0000 - dagster - INFO - __ASSET_JOB - 5c32f4a1-b452-4f81-ae66-6270aadaebb6 - hackernews - Querying time window: 2026-09-21 17:26:04 to 2026-09-21 18:26:04 (1790011564 to 1790015164)...
2026-09-28 10:19:09 +0000 - dagster - INFO - __ASSET_JOB - 5c32f4a1-b452-4f81-ae66-6270aadaebb6 - hackernews - Making GET request to https://hn.algolia.com/api/v1/search_by_date?numericFilters=created_at_i%3E%3D1790011564%2Ccreated_at_i%3C1790015164&hitsPerPage=1000
2026-09-28 10:19:10 +0000 - dagster - INFO - __ASSET_JOB - 5c32f4a1-b452-4f81-ae66-6270aadaebb6 - hackernews - Retrieved 819 items in this window.
2026-09-28 10:19:10 +0000 - dagster - INFO - __ASSET_JOB - 5c32f4a1-b452-4f81-ae66-6270aadaebb6 - hackernews - Querying time window: 2026-09-21 18:26:04 to 2026-09-21 19:26:04 (1790015164 to 1790018764)...
2026-09-28 10:19:10 +0000 - dagster - INFO - __ASSET_JOB - 5c32f4a1-b452-4f81-ae66-6270aadaebb6 - hackernews - Making GET request to https://hn.algolia.com/api/v1/search_by_date?numericFilters=created_at_i%3E%3D1790015164%2Ccreated_at_i%3C1790018764&hitsPerPage=1000
2026-09-28 10:19:10 +0000 - dagster - INFO - __ASSET_JOB - 5c32f4a1-b452-4f81-ae66-6270aadaebb6 - hackernews - Retrieved 750 items in this window.
2026-09-28 10:19:10 +0000 - dagster - INFO - __ASSET_JOB - 5c32f4a1-b452-4f81-ae66-6270aadaebb6 - hackernews - Querying time window: 2026-09-21 19:26:04 to 2026-09-21 20:26:04 (1790018764 to 1790022364)...
2026-09-28 10:19:10 +0000 - dagster - INFO - __ASSET_JOB - 5c32f4a1-b452-4f81-ae66-6270aadaebb6 - hackernews - Making GET request to https://hn.algolia.com/api/v1/search_by_date?numericFilters=created_at_i%3E%3D1790018764%2Ccreated_at_i%3C1790022364&hitsPerPage=1000
2026-09-28 10:19:11 +0000 - dagster - INFO - __ASSET_JOB - 5c32f4a1-b452-4f81-ae66-6270aadaebb6 - hackernews - Retrieved 732 items in this window.
2026-09-28 10:19:11 +0000 - dagster - INFO - __ASSET_JOB - 5c32f4a1-b452-4f81-ae66-6270aadaebb6 - hackernews - Querying time window: 2026-09-21 20:26:04 to 2026-09-21 21:26:04 (1790022364 to 1790025964)...
2026-09-28 10:19:11 +0000 - dagster - INFO - __ASSET_JOB - 5c32f4a1-b452-4f81-ae66-6270aadaebb6 - hackernews - Making GET request to https://hn.algolia.com/api/v1/search_by_date?numericFilters=created_at_i%3E%3D1790022364%2Ccreated_at_i%3C1790025964&hitsPerPage=1000
2026-09-28 10:19:12 +0000 - dagster - INFO - __ASSET_JOB - 5c32f4a1-b452-4f81-ae66-6270aadaebb6 - hackernews - Retrieved 702 items in this window.
2026-09-28 10:19:12 +0000 - dagster - INFO - __ASSET_JOB - 5c32f4a1-b452-4f81-ae66-6270aadaebb6 - hackernews - Querying time window: 2026-09-21 21:26:04 to 2026-09-21 22:26:04 (1790025964 to 1790029564)...
2026-09-28 10:19:12 +0000 - dagster - INFO - __ASSET_JOB - 5c32f4a1-b452-4f81-ae66-6270aadaebb6 - hackernews - Making GET request to https://hn.algolia.com/api/v1/search_by_date?numericFilters=created_at_i%3E%3D1790025964%2Ccreated_at_i%3C1790029564&hitsPerPage=1000
2026-09-28 10:19:12 +0000 - dagster - INFO - __ASSET_JOB - 5c32f4a1-b452-4f81-ae66-6270aadaebb6 - hackernews - Retrieved 555 items in this window.
2026-09-28 10:19:12 +0000 - dagster - INFO - __ASSET_JOB - 5c32f4a1-b452-4f81-ae66-6270aadaebb6 - hackernews - Querying time window: 2026-09-21 22:26:04 to 2026-09-21 23:26:04 (1790029564 to 1790033164)...
2026-09-28 10:19:12 +0000 - dagster - INFO - __ASSET_JOB - 5c32f4a1-b452-4f81-ae66-6270aadaebb6 - hackernews - Making GET request to https://hn.algolia.com/api/v1/search_by_date?numericFilters=created_at_i%3E%3D1790029564%2Ccreated_at_i%3C1790033164&hitsPerPage=1000
2026-09-28 10:19:12 +0000 - dagster - INFO - __ASSET_JOB - 5c32f4a1-b452-4f81-ae66-6270aadaebb6 - hackernews - Retrieved 473 items in this window.
2026-09-28 10:19:12 +0000 - dagster - INFO - __ASSET_JOB - 5c32f4a1-b452-4f81-ae66-6270aadaebb6 - hackernews - Querying time window: 2026-09-21 23:26:04 to 2026-09-22 00:26:04 (1790033164 to 1790036764)...
2026-09-28 10:19:12 +0000 - dagster - INFO - __ASSET_JOB - 5c32f4a1-b452-4f81-ae66-6270aadaebb6 - hackernews - Making GET request to https://hn.algolia.com/api/v1/search_by_date?numericFilters=created_at_i%3E%3D1790033164%2Ccreated_at_i%3C1790036764&hitsPerPage=1000
2026-09-28 10:19:13 +0000 - dagster - INFO - __ASSET_JOB - 5c32f4a1-b452-4f81-ae66-6270aadaebb6 - hackernews - Retrieved 419 items in this window.
2026-09-28 10:19:13 +0000 - dagster - INFO - __ASSET_JOB - 5c32f4a1-b452-4f81-ae66-6270aadaebb6 - hackernews - Querying time window: 2026-09-22 00:26:04 to 2026-09-22 01:26:04 (1790036764 to 1790040364)...
2026-09-28 10:19:13 +0000 - dagster - INFO - __ASSET_JOB - 5c32f4a1-b452-4f81-ae66-6270aadaebb6 - hackernews - Making GET request to https://hn.algolia.com/api/v1/search_by_date?numericFilters=created_at_i%3E%3D1790036764%2Ccreated_at_i%3C1790040364&hitsPerPage=1000
2026-09-28 10:19:13 +0000 - dagster - INFO - __ASSET_JOB - 5c32f4a1-b452-4f81-ae66-6270aadaebb6 - hackernews - Retrieved 409 items in this window.
2026-09-28 10:19:13 +0000 - dagster - INFO - __ASSET_JOB - 5c32f4a1-b452-4f81-ae66-6270aadaebb6 - hackernews - Querying time window: 2026-09-22 01:26:04 to 2026-09-22 02:26:04 (1790040364 to 1790043964)...
2026-09-28 10:19:13 +0000 - dagster - INFO - __ASSET_JOB - 5c32f4a1-b452-4f81-ae66-6270aadaebb6 - hackernews - Making GET request to https://hn.algolia.com/api/v1/search_by_date?numericFilters=created_at_i%3E%3D1790040364%2Ccreated_at_i%3C1790043964&hitsPerPage=1000
2026-09-28 10:19:14 +0000 - dagster - INFO - __ASSET_JOB - 5c32f4a1-b452-4f81-ae66-6270aadaebb6 - hackernews - Retrieved 346 items in this window.
2026-09-28 10:19:14 +0000 - dagster - INFO - __ASSET_JOB - 5c32f4a1-b452-4f81-ae66-6270aadaebb6 - hackernews - Querying time window: 2026-09-22 02:26:04 to 2026-09-22 03:26:04 (1790043964 to 1790047564)...
2026-09-28 10:19:14 +0000 - dagster - INFO - __ASSET_JOB - 5c32f4a1-b452-4f81-ae66-6270aadaebb6 - hackernews - Making GET request to https://hn.algolia.com/api/v1/search_by_date?numericFilters=created_at_i%3E%3D1790043964%2Ccreated_at_i%3C1790047564&hitsPerPage=1000
2026-09-28 10:19:14 +0000 - dagster - INFO - __ASSET_JOB - 5c32f4a1-b452-4f81-ae66-6270aadaebb6 - hackernews - Retrieved 321 items in this window.
2026-09-28 10:19:14 +0000 - dagster - INFO - __ASSET_JOB - 5c32f4a1-b452-4f81-ae66-6270aadaebb6 - hackernews - Querying time window: 2026-09-22 03:26:04 to 2026-09-22 04:26:04 (1790047564 to 1790051164)...
2026-09-28 10:19:14 +0000 - dagster - INFO - __ASSET_JOB - 5c32f4a1-b452-4f81-ae66-6270aadaebb6 - hackernews - Making GET request to https://hn.algolia.com/api/v1/search_by_date?numericFilters=created_at_i%3E%3D1790047564%2Ccreated_at_i%3C1790051164&hitsPerPage=1000
2026-09-28 10:19:15 +0000 - dagster - INFO - __ASSET_JOB - 5c32f4a1-b452-4f81-ae66-6270aadaebb6 - hackernews - Retrieved 267 items in this window.
2026-09-28 10:19:15 +0000 - dagster - INFO - __ASSET_JOB - 5c32f4a1-b452-4f81-ae66-6270aadaebb6 - hackernews - Querying time window: 2026-09-22 04:26:04 to 2026-09-22 05:26:04 (1790051164 to 1790054764)...
2026-09-28 10:19:15 +0000 - dagster - INFO - __ASSET_JOB - 5c32f4a1-b452-4f81-ae66-6270aadaebb6 - hackernews - Making GET request to https://hn.algolia.com/api/v1/search_by_date?numericFilters=created_at_i%3E%3D1790051164%2Ccreated_at_i%3C1790054764&hitsPerPage=1000
2026-09-28 10:19:15 +0000 - dagster - INFO - __ASSET_JOB - 5c32f4a1-b452-4f81-ae66-6270aadaebb6 - hackernews - Retrieved 268 items in this window.
2026-09-28 10:19:15 +0000 - dagster - INFO - __ASSET_JOB - 5c32f4a1-b452-4f81-ae66-6270aadaebb6 - hackernews - Querying time window: 2026-09-22 05:26:04 to 2026-09-22 06:26:04 (1790054764 to 1790058364)...
2026-09-28 10:19:15 +0000 - dagster - INFO - __ASSET_JOB - 5c32f4a1-b452-4f81-ae66-6270aadaebb6 - hackernews - Making GET request to https://hn.algolia.com/api/v1/search_by_date?numericFilters=created_at_i%3E%3D1790054764%2Ccreated_at_i%3C1790058364&hitsPerPage=1000
2026-09-28 10:19:15 +0000 - dagster - INFO - __ASSET_JOB - 5c32f4a1-b452-4f81-ae66-6270aadaebb6 - hackernews - Retrieved 266 items in this window.
2026-09-28 10:19:15 +0000 - dagster - INFO - __ASSET_JOB - 5c32f4a1-b452-4f81-ae66-6270aadaebb6 - hackernews - Querying time window: 2026-09-22 06:26:04 to 2026-09-22 07:26:04 (1790058364 to 1790061964)...
2026-09-28 10:19:15 +0000 - dagster - INFO - __ASSET_JOB - 5c32f4a1-b452-4f81-ae66-6270aadaebb6 - hackernews - Making GET request to https://hn.algolia.com/api/v1/search_by_date?numericFilters=created_at_i%3E%3D1790058364%2Ccreated_at_i%3C1790061964&hitsPerPage=1000
2026-09-28 10:19:16 +0000 - dagster - INFO - __ASSET_JOB - 5c32f4a1-b452-4f81-ae66-6270aadaebb6 - hackernews - Retrieved 276 items in this window.
2026-09-28 10:19:16 +0000 - dagster - INFO - __ASSET_JOB - 5c32f4a1-b452-4f81-ae66-6270aadaebb6 - hackernews - Querying time window: 2026-09-22 07:26:04 to 2026-09-22 08:26:04 (1790061964 to 1790065564)...
2026-09-28 10:19:16 +0000 - dagster - INFO - __ASSET_JOB - 5c32f4a1-b452-4f81-ae66-6270aadaebb6 - hackernews - Making GET request to https://hn.algolia.com/api/v1/search_by_date?numericFilters=created_at_i%3E%3D1790061964%2Ccreated_at_i%3C1790065564&hitsPerPage=1000
2026-09-28 10:19:16 +0000 - dagster - INFO - __ASSET_JOB - 5c32f4a1-b452-4f81-ae66-6270aadaebb6 - hackernews - Retrieved 360 items in this window.
2026-09-28 10:19:16 +0000 - dagster - INFO - __ASSET_JOB - 5c32f4a1-b452-4f81-ae66-6270aadaebb6 - hackernews - Querying time window: 2026-09-22 08:26:04 to 2026-09-22 09:26:04 (1790065564 to 1790069164)...
2026-09-28 10:19:16 +0000 - dagster - INFO - __ASSET_JOB - 5c32f4a1-b452-4f81-ae66-6270aadaebb6 - hackernews - Making GET request to https://hn.algolia.com/api/v1/search_by_date?numericFilters=created_at_i%3E%3D1790065564%2Ccreated_at_i%3C1790069164&hitsPerPage=1000
2026-09-28 10:19:16 +0000 - dagster - INFO - __ASSET_JOB - 5c32f4a1-b452-4f81-ae66-6270aadaebb6 - hackernews - Retrieved 345 items in this window.
2026-09-28 10:19:16 +0000 - dagster - INFO - __ASSET_JOB - 5c32f4a1-b452-4f81-ae66-6270aadaebb6 - hackernews - Querying time window: 2026-09-22 09:26:04 to 2026-09-22 10:26:04 (1790069164 to 1790072764)...
2026-09-28 10:19:16 +0000 - dagster - INFO - __ASSET_JOB - 5c32f4a1-b452-4f81-ae66-6270aadaebb6 - hackernews - Making GET request to https://hn.algolia.com/api/v1/search_by_date?numericFilters=created_at_i%3E%3D1790069164%2Ccreated_at_i%3C1790072764&hitsPerPage=1000
2026-09-28 10:19:17 +0000 - dagster - INFO - __ASSET_JOB - 5c32f4a1-b452-4f81-ae66-6270aadaebb6 - hackernews - Retrieved 427 items in this window.
2026-09-28 10:19:17 +0000 - dagster - INFO - __ASSET_JOB - 5c32f4a1-b452-4f81-ae66-6270aadaebb6 - hackernews - Querying time window: 2026-09-22 10:26:04 to 2026-09-22 11:26:04 (1790072764 to 1790076364)...
2026-09-28 10:19:17 +0000 - dagster - INFO - __ASSET_JOB - 5c32f4a1-b452-4f81-ae66-6270aadaebb6 - hackernews - Making GET request to https://hn.algolia.com/api/v1/search_by_date?numericFilters=created_at_i%3E%3D1790072764%2Ccreated_at_i%3C1790076364&hitsPerPage=1000
2026-09-28 10:19:17 +0000 - dagster - INFO - __ASSET_JOB - 5c32f4a1-b452-4f81-ae66-6270aadaebb6 - hackernews - Retrieved 480 items in this window.
2026-09-28 10:19:17 +0000 - dagster - INFO - __ASSET_JOB - 5c32f4a1-b452-4f81-ae66-6270aadaebb6 - hackernews - Querying time window: 2026-09-22 11:26:04 to 2026-09-22 12:26:04 (1790076364 to 1790079964)...
2026-09-28 10:19:17 +0000 - dagster - INFO - __ASSET_JOB - 5c32f4a1-b452-4f81-ae66-6270aadaebb6 - hackernews - Making GET request to https://hn.algolia.com/api/v1/search_by_date?numericFilters=created_at_i%3E%3D1790076364%2Ccreated_at_i%3C1790079964&hitsPerPage=1000
2026-09-28 10:19:18 +0000 - dagster - INFO - __ASSET_JOB - 5c32f4a1-b452-4f81-ae66-6270aadaebb6 - hackernews - Retrieved 504 items in this window.
2026-09-28 10:19:18 +0000 - dagster - INFO - __ASSET_JOB - 5c32f4a1-b452-4f81-ae66-6270aadaebb6 - hackernews - Querying time window: 2026-09-22 12:26:04 to 2026-09-22 13:26:04 (1790079964 to 1790083564)...
2026-09-28 10:19:18 +0000 - dagster - INFO - __ASSET_JOB - 5c32f4a1-b452-4f81-ae66-6270aadaebb6 - hackernews - Making GET request to https://hn.algolia.com/api/v1/search_by_date?numericFilters=created_at_i%3E%3D1790079964%2Ccreated_at_i%3C1790083564&hitsPerPage=1000
2026-09-28 10:19:18 +0000 - dagster - INFO - __ASSET_JOB - 5c32f4a1-b452-4f81-ae66-6270aadaebb6 - hackernews - Retrieved 710 items in this window.
2026-09-28 10:19:18 +0000 - dagster - INFO - __ASSET_JOB - 5c32f4a1-b452-4f81-ae66-6270aadaebb6 - hackernews - Querying time window: 2026-09-22 13:26:04 to 2026-09-22 14:26:04 (1790083564 to 1790087164)...
2026-09-28 10:19:18 +0000 - dagster - INFO - __ASSET_JOB - 5c32f4a1-b452-4f81-ae66-6270aadaebb6 - hackernews - Making GET request to https://hn.algolia.com/api/v1/search_by_date?numericFilters=created_at_i%3E%3D1790083564%2Ccreated_at_i%3C1790087164&hitsPerPage=1000
2026-09-28 10:19:19 +0000 - dagster - INFO - __ASSET_JOB - 5c32f4a1-b452-4f81-ae66-6270aadaebb6 - hackernews - Retrieved 824 items in this window.
2026-09-28 10:19:19 +0000 - dagster - INFO - __ASSET_JOB - 5c32f4a1-b452-4f81-ae66-6270aadaebb6 - hackernews - Querying time window: 2026-09-22 14:26:04 to 2026-09-22 15:26:04 (1790087164 to 1790090764)...
2026-09-28 10:19:19 +0000 - dagster - INFO - __ASSET_JOB - 5c32f4a1-b452-4f81-ae66-6270aadaebb6 - hackernews - Making GET request to https://hn.algolia.com/api/v1/search_by_date?numericFilters=created_at_i%3E%3D1790087164%2Ccreated_at_i%3C1790090764&hitsPerPage=1000
2026-09-28 10:19:19 +0000 - dagster - INFO - __ASSET_JOB - 5c32f4a1-b452-4f81-ae66-6270aadaebb6 - hackernews - Retrieved 919 items in this window.
2026-09-28 10:19:20 +0000 - dagster - INFO - __ASSET_JOB - 5c32f4a1-b452-4f81-ae66-6270aadaebb6 - hackernews - Querying time window: 2026-09-22 15:26:04 to 2026-09-22 16:26:04 (1790090764 to 1790094364)...
2026-09-28 10:19:20 +0000 - dagster - INFO - __ASSET_JOB - 5c32f4a1-b452-4f81-ae66-6270aadaebb6 - hackernews - Making GET request to https://hn.algolia.com/api/v1/search_by_date?numericFilters=created_at_i%3E%3D1790090764%2Ccreated_at_i%3C1790094364&hitsPerPage=1000
2026-09-28 10:19:20 +0000 - dagster - INFO - __ASSET_JOB - 5c32f4a1-b452-4f81-ae66-6270aadaebb6 - hackernews - Retrieved 831 items in this window.
2026-09-28 10:19:20 +0000 - dagster - INFO - __ASSET_JOB - 5c32f4a1-b452-4f81-ae66-6270aadaebb6 - hackernews - Querying time window: 2026-09-22 16:26:04 to 2026-09-22 17:26:04 (1790094364 to 1790097964)...
2026-09-28 10:19:20 +0000 - dagster - INFO - __ASSET_JOB - 5c32f4a1-b452-4f81-ae66-6270aadaebb6 - hackernews - Making GET request to https://hn.algolia.com/api/v1/search_by_date?numericFilters=created_at_i%3E%3D1790094364%2Ccreated_at_i%3C1790097964&hitsPerPage=1000
2026-09-28 10:19:20 +0000 - dagster - INFO - __ASSET_JOB - 5c32f4a1-b452-4f81-ae66-6270aadaebb6 - hackernews - Retrieved 980 items in this window.
2026-09-28 10:19:21 +0000 - dagster - INFO - __ASSET_JOB - 5c32f4a1-b452-4f81-ae66-6270aadaebb6 - hackernews - Querying time window: 2026-09-22 17:26:04 to 2026-09-22 18:26:04 (1790097964 to 1790101564)...
2026-09-28 10:19:21 +0000 - dagster - INFO - __ASSET_JOB - 5c32f4a1-b452-4f81-ae66-6270aadaebb6 - hackernews - Making GET request to https://hn.algolia.com/api/v1/search_by_date?numericFilters=created_at_i%3E%3D1790097964%2Ccreated_at_i%3C1790101564&hitsPerPage=1000
2026-09-28 10:19:21 +0000 - dagster - INFO - __ASSET_JOB - 5c32f4a1-b452-4f81-ae66-6270aadaebb6 - hackernews - Retrieved 875 items in this window.
2026-09-28 10:19:21 +0000 - dagster - INFO - __ASSET_JOB - 5c32f4a1-b452-4f81-ae66-6270aadaebb6 - hackernews - Querying time window: 2026-09-22 18:26:04 to 2026-09-22 19:26:04 (1790101564 to 1790105164)...
2026-09-28 10:19:21 +0000 - dagster - INFO - __ASSET_JOB - 5c32f4a1-b452-4f81-ae66-6270aadaebb6 - hackernews - Making GET request to https://hn.algolia.com/api/v1/search_by_date?numericFilters=created_at_i%3E%3D1790101564%2Ccreated_at_i%3C1790105164&hitsPerPage=1000
2026-09-28 10:19:21 +0000 - dagster - INFO - __ASSET_JOB - 5c32f4a1-b452-4f81-ae66-6270aadaebb6 - hackernews - Retrieved 791 items in this window.
2026-09-28 10:19:21 +0000 - dagster - INFO - __ASSET_JOB - 5c32f4a1-b452-4f81-ae66-6270aadaebb6 - hackernews - Querying time window: 2026-09-22 19:26:04 to 2026-09-22 20:26:04 (1790105164 to 1790108764)...
2026-09-28 10:19:21 +0000 - dagster - INFO - __ASSET_JOB - 5c32f4a1-b452-4f81-ae66-6270aadaebb6 - hackernews - Making GET request to https://hn.algolia.com/api/v1/search_by_date?numericFilters=created_at_i%3E%3D1790105164%2Ccreated_at_i%3C1790108764&hitsPerPage=1000
2026-09-28 10:19:22 +0000 - dagster - INFO - __ASSET_JOB - 5c32f4a1-b452-4f81-ae66-6270aadaebb6 - hackernews - Retrieved 701 items in this window.
2026-09-28 10:19:22 +0000 - dagster - INFO - __ASSET_JOB - 5c32f4a1-b452-4f81-ae66-6270aadaebb6 - hackernews - Querying time window: 2026-09-22 20:26:04 to 2026-09-22 21:26:04 (1790108764 to 1790112364)...
2026-09-28 10:19:22 +0000 - dagster - INFO - __ASSET_JOB - 5c32f4a1-b452-4f81-ae66-6270aadaebb6 - hackernews - Making GET request to https://hn.algolia.com/api/v1/search_by_date?numericFilters=created_at_i%3E%3D1790108764%2Ccreated_at_i%3C1790112364&hitsPerPage=1000
2026-09-28 10:19:22 +0000 - dagster - INFO - __ASSET_JOB - 5c32f4a1-b452-4f81-ae66-6270aadaebb6 - hackernews - Retrieved 692 items in this window.
2026-09-28 10:19:23 +0000 - dagster - INFO - __ASSET_JOB - 5c32f4a1-b452-4f81-ae66-6270aadaebb6 - hackernews - Querying time window: 2026-09-22 21:26:04 to 2026-09-22 22:26:04 (1790112364 to 1790115964)...
2026-09-28 10:19:23 +0000 - dagster - INFO - __ASSET_JOB - 5c32f4a1-b452-4f81-ae66-6270aadaebb6 - hackernews - Making GET request to https://hn.algolia.com/api/v1/search_by_date?numericFilters=created_at_i%3E%3D1790112364%2Ccreated_at_i%3C1790115964&hitsPerPage=1000
2026-09-28 10:19:23 +0000 - dagster - INFO - __ASSET_JOB - 5c32f4a1-b452-4f81-ae66-6270aadaebb6 - hackernews - Retrieved 714 items in this window.
2026-09-28 10:19:23 +0000 - dagster - INFO - __ASSET_JOB - 5c32f4a1-b452-4f81-ae66-6270aadaebb6 - hackernews - Querying time window: 2026-09-22 22:26:04 to 2026-09-22 23:26:04 (1790115964 to 1790119564)...
2026-09-28 10:19:23 +0000 - dagster - INFO - __ASSET_JOB - 5c32f4a1-b452-4f81-ae66-6270aadaebb6 - hackernews - Making GET request to https://hn.algolia.com/api/v1/search_by_date?numericFilters=created_at_i%3E%3D1790115964%2Ccreated_at_i%3C1790119564&hitsPerPage=1000
2026-09-28 10:19:24 +0000 - dagster - INFO - __ASSET_JOB - 5c32f4a1-b452-4f81-ae66-6270aadaebb6 - hackernews - Retrieved 505 items in this window.
2026-09-28 10:19:24 +0000 - dagster - INFO - __ASSET_JOB - 5c32f4a1-b452-4f81-ae66-6270aadaebb6 - hackernews - Querying time window: 2026-09-22 23:26:04 to 2026-09-23 00:26:04 (1790119564 to 1790123164)...
2026-09-28 10:19:24 +0000 - dagster - INFO - __ASSET_JOB - 5c32f4a1-b452-4f81-ae66-6270aadaebb6 - hackernews - Making GET request to https://hn.algolia.com/api/v1/search_by_date?numericFilters=created_at_i%3E%3D1790119564%2Ccreated_at_i%3C1790123164&hitsPerPage=1000
2026-09-28 10:19:24 +0000 - dagster - INFO - __ASSET_JOB - 5c32f4a1-b452-4f81-ae66-6270aadaebb6 - hackernews - Retrieved 358 items in this window.
2026-09-28 10:19:24 +0000 - dagster - INFO - __ASSET_JOB - 5c32f4a1-b452-4f81-ae66-6270aadaebb6 - hackernews - Querying time window: 2026-09-23 00:26:04 to 2026-09-23 01:26:04 (1790123164 to 1790126764)...
2026-09-28 10:19:24 +0000 - dagster - INFO - __ASSET_JOB - 5c32f4a1-b452-4f81-ae66-6270aadaebb6 - hackernews - Making GET request to https://hn.algolia.com/api/v1/search_by_date?numericFilters=created_at_i%3E%3D1790123164%2Ccreated_at_i%3C1790126764&hitsPerPage=1000
2026-09-28 10:19:25 +0000 - dagster - INFO - __ASSET_JOB - 5c32f4a1-b452-4f81-ae66-6270aadaebb6 - hackernews - Retrieved 413 items in this window.
2026-09-28 10:19:25 +0000 - dagster - INFO - __ASSET_JOB - 5c32f4a1-b452-4f81-ae66-6270aadaebb6 - hackernews - Querying time window: 2026-09-23 01:26:04 to 2026-09-23 02:26:04 (1790126764 to 1790130364)...
2026-09-28 10:19:25 +0000 - dagster - INFO - __ASSET_JOB - 5c32f4a1-b452-4f81-ae66-6270aadaebb6 - hackernews - Making GET request to https://hn.algolia.com/api/v1/search_by_date?numericFilters=created_at_i%3E%3D1790126764%2Ccreated_at_i%3C1790130364&hitsPerPage=1000
2026-09-28 10:19:25 +0000 - dagster - INFO - __ASSET_JOB - 5c32f4a1-b452-4f81-ae66-6270aadaebb6 - hackernews - Retrieved 335 items in this window.
2026-09-28 10:19:25 +0000 - dagster - INFO - __ASSET_JOB - 5c32f4a1-b452-4f81-ae66-6270aadaebb6 - hackernews - Querying time window: 2026-09-23 02:26:04 to 2026-09-23 03:26:04 (1790130364 to 1790133964)...
2026-09-28 10:19:25 +0000 - dagster - INFO - __ASSET_JOB - 5c32f4a1-b452-4f81-ae66-6270aadaebb6 - hackernews - Making GET request to https://hn.algolia.com/api/v1/search_by_date?numericFilters=created_at_i%3E%3D1790130364%2Ccreated_at_i%3C1790133964&hitsPerPage=1000
2026-09-28 10:19:25 +0000 - dagster - INFO - __ASSET_JOB - 5c32f4a1-b452-4f81-ae66-6270aadaebb6 - hackernews - Retrieved 346 items in this window.
2026-09-28 10:19:25 +0000 - dagster - INFO - __ASSET_JOB - 5c32f4a1-b452-4f81-ae66-6270aadaebb6 - hackernews - Querying time window: 2026-09-23 03:26:04 to 2026-09-23 04:26:04 (1790133964 to 1790137564)...
2026-09-28 10:19:25 +0000 - dagster - INFO - __ASSET_JOB - 5c32f4a1-b452-4f81-ae66-6270aadaebb6 - hackernews - Making GET request to https://hn.algolia.com/api/v1/search_by_date?numericFilters=created_at_i%3E%3D1790133964%2Ccreated_at_i%3C1790137564&hitsPerPage=1000
2026-09-28 10:19:26 +0000 - dagster - INFO - __ASSET_JOB - 5c32f4a1-b452-4f81-ae66-6270aadaebb6 - hackernews - Retrieved 303 items in this window.
2026-09-28 10:19:26 +0000 - dagster - INFO - __ASSET_JOB - 5c32f4a1-b452-4f81-ae66-6270aadaebb6 - hackernews - Querying time window: 2026-09-23 04:26:04 to 2026-09-23 05:26:04 (1790137564 to 1790141164)...
2026-09-28 10:19:26 +0000 - dagster - INFO - __ASSET_JOB - 5c32f4a1-b452-4f81-ae66-6270aadaebb6 - hackernews - Making GET request to https://hn.algolia.com/api/v1/search_by_date?numericFilters=created_at_i%3E%3D1790137564%2Ccreated_at_i%3C1790141164&hitsPerPage=1000
2026-09-28 10:19:26 +0000 - dagster - INFO - __ASSET_JOB - 5c32f4a1-b452-4f81-ae66-6270aadaebb6 - hackernews - Retrieved 307 items in this window.
2026-09-28 10:19:26 +0000 - dagster - INFO - __ASSET_JOB - 5c32f4a1-b452-4f81-ae66-6270aadaebb6 - hackernews - Querying time window: 2026-09-23 05:26:04 to 2026-09-23 06:26:04 (1790141164 to 1790144764)...
2026-09-28 10:19:26 +0000 - dagster - INFO - __ASSET_JOB - 5c32f4a1-b452-4f81-ae66-6270aadaebb6 - hackernews - Making GET request to https://hn.algolia.com/api/v1/search_by_date?numericFilters=created_at_i%3E%3D1790141164%2Ccreated_at_i%3C1790144764&hitsPerPage=1000
2026-09-28 10:19:26 +0000 - dagster - INFO - __ASSET_JOB - 5c32f4a1-b452-4f81-ae66-6270aadaebb6 - hackernews - Retrieved 359 items in this window.
2026-09-28 10:19:26 +0000 - dagster - INFO - __ASSET_JOB - 5c32f4a1-b452-4f81-ae66-6270aadaebb6 - hackernews - Querying time window: 2026-09-23 06:26:04 to 2026-09-23 07:26:04 (1790144764 to 1790148364)...
2026-09-28 10:19:26 +0000 - dagster - INFO - __ASSET_JOB - 5c32f4a1-b452-4f81-ae66-6270aadaebb6 - hackernews - Making GET request to https://hn.algolia.com/api/v1/search_by_date?numericFilters=created_at_i%3E%3D1790144764%2Ccreated_at_i%3C1790148364&hitsPerPage=1000
2026-09-28 10:19:27 +0000 - dagster - INFO - __ASSET_JOB - 5c32f4a1-b452-4f81-ae66-6270aadaebb6 - hackernews - Retrieved 321 items in this window.
2026-09-28 10:19:27 +0000 - dagster - INFO - __ASSET_JOB - 5c32f4a1-b452-4f81-ae66-6270aadaebb6 - hackernews - Querying time window: 2026-09-23 07:26:04 to 2026-09-23 08:26:04 (1790148364 to 1790151964)...
2026-09-28 10:19:27 +0000 - dagster - INFO - __ASSET_JOB - 5c32f4a1-b452-4f81-ae66-6270aadaebb6 - hackernews - Making GET request to https://hn.algolia.com/api/v1/search_by_date?numericFilters=created_at_i%3E%3D1790148364%2Ccreated_at_i%3C1790151964&hitsPerPage=1000
2026-09-28 10:19:27 +0000 - dagster - INFO - __ASSET_JOB - 5c32f4a1-b452-4f81-ae66-6270aadaebb6 - hackernews - Retrieved 335 items in this window.
2026-09-28 10:19:27 +0000 - dagster - INFO - __ASSET_JOB - 5c32f4a1-b452-4f81-ae66-6270aadaebb6 - hackernews - Querying time window: 2026-09-23 08:26:04 to 2026-09-23 09:26:04 (1790151964 to 1790155564)...
2026-09-28 10:19:27 +0000 - dagster - INFO - __ASSET_JOB - 5c32f4a1-b452-4f81-ae66-6270aadaebb6 - hackernews - Making GET request to https://hn.algolia.com/api/v1/search_by_date?numericFilters=created_at_i%3E%3D1790151964%2Ccreated_at_i%3C1790155564&hitsPerPage=1000
2026-09-28 10:19:28 +0000 - dagster - INFO - __ASSET_JOB - 5c32f4a1-b452-4f81-ae66-6270aadaebb6 - hackernews - Retrieved 331 items in this window.
2026-09-28 10:19:28 +0000 - dagster - INFO - __ASSET_JOB - 5c32f4a1-b452-4f81-ae66-6270aadaebb6 - hackernews - Querying time window: 2026-09-23 09:26:04 to 2026-09-23 10:26:04 (1790155564 to 1790159164)...
2026-09-28 10:19:28 +0000 - dagster - INFO - __ASSET_JOB - 5c32f4a1-b452-4f81-ae66-6270aadaebb6 - hackernews - Making GET request to https://hn.algolia.com/api/v1/search_by_date?numericFilters=created_at_i%3E%3D1790155564%2Ccreated_at_i%3C1790159164&hitsPerPage=1000
2026-09-28 10:19:28 +0000 - dagster - INFO - __ASSET_JOB - 5c32f4a1-b452-4f81-ae66-6270aadaebb6 - hackernews - Retrieved 353 items in this window.
2026-09-28 10:19:28 +0000 - dagster - INFO - __ASSET_JOB - 5c32f4a1-b452-4f81-ae66-6270aadaebb6 - hackernews - Querying time window: 2026-09-23 10:26:04 to 2026-09-23 11:26:04 (1790159164 to 1790162764)...
2026-09-28 10:19:28 +0000 - dagster - INFO - __ASSET_JOB - 5c32f4a1-b452-4f81-ae66-6270aadaebb6 - hackernews - Making GET request to https://hn.algolia.com/api/v1/search_by_date?numericFilters=created_at_i%3E%3D1790159164%2Ccreated_at_i%3C1790162764&hitsPerPage=1000
2026-09-28 10:19:28 +0000 - dagster - INFO - __ASSET_JOB - 5c32f4a1-b452-4f81-ae66-6270aadaebb6 - hackernews - Retrieved 417 items in this window.
2026-09-28 10:19:28 +0000 - dagster - INFO - __ASSET_JOB - 5c32f4a1-b452-4f81-ae66-6270aadaebb6 - hackernews - Querying time window: 2026-09-23 11:26:04 to 2026-09-23 12:26:04 (1790162764 to 1790166364)...
2026-09-28 10:19:28 +0000 - dagster - INFO - __ASSET_JOB - 5c32f4a1-b452-4f81-ae66-6270aadaebb6 - hackernews - Making GET request to https://hn.algolia.com/api/v1/search_by_date?numericFilters=created_at_i%3E%3D1790162764%2Ccreated_at_i%3C1790166364&hitsPerPage=1000
2026-09-28 10:19:29 +0000 - dagster - INFO - __ASSET_JOB - 5c32f4a1-b452-4f81-ae66-6270aadaebb6 - hackernews - Retrieved 577 items in this window.
2026-09-28 10:19:29 +0000 - dagster - INFO - __ASSET_JOB - 5c32f4a1-b452-4f81-ae66-6270aadaebb6 - hackernews - Querying time window: 2026-09-23 12:26:04 to 2026-09-23 13:26:04 (1790166364 to 1790169964)...
2026-09-28 10:19:29 +0000 - dagster - INFO - __ASSET_JOB - 5c32f4a1-b452-4f81-ae66-6270aadaebb6 - hackernews - Making GET request to https://hn.algolia.com/api/v1/search_by_date?numericFilters=created_at_i%3E%3D1790166364%2Ccreated_at_i%3C1790169964&hitsPerPage=1000
2026-09-28 10:19:29 +0000 - dagster - INFO - __ASSET_JOB - 5c32f4a1-b452-4f81-ae66-6270aadaebb6 - hackernews - Retrieved 625 items in this window.
2026-09-28 10:19:29 +0000 - dagster - INFO - __ASSET_JOB - 5c32f4a1-b452-4f81-ae66-6270aadaebb6 - hackernews - Querying time window: 2026-09-23 13:26:04 to 2026-09-23 14:26:04 (1790169964 to 1790173564)...
2026-09-28 10:19:29 +0000 - dagster - INFO - __ASSET_JOB - 5c32f4a1-b452-4f81-ae66-6270aadaebb6 - hackernews - Making GET request to https://hn.algolia.com/api/v1/search_by_date?numericFilters=created_at_i%3E%3D1790169964%2Ccreated_at_i%3C1790173564&hitsPerPage=1000
2026-09-28 10:19:30 +0000 - dagster - INFO - __ASSET_JOB - 5c32f4a1-b452-4f81-ae66-6270aadaebb6 - hackernews - Retrieved 819 items in this window.
2026-09-28 10:19:30 +0000 - dagster - INFO - __ASSET_JOB - 5c32f4a1-b452-4f81-ae66-6270aadaebb6 - hackernews - Querying time window: 2026-09-23 14:26:04 to 2026-09-23 15:26:04 (1790173564 to 1790177164)...
2026-09-28 10:19:30 +0000 - dagster - INFO - __ASSET_JOB - 5c32f4a1-b452-4f81-ae66-6270aadaebb6 - hackernews - Making GET request to https://hn.algolia.com/api/v1/search_by_date?numericFilters=created_at_i%3E%3D1790173564%2Ccreated_at_i%3C1790177164&hitsPerPage=1000
2026-09-28 10:19:30 +0000 - dagster - INFO - __ASSET_JOB - 5c32f4a1-b452-4f81-ae66-6270aadaebb6 - hackernews - Retrieved 763 items in this window.
2026-09-28 10:19:30 +0000 - dagster - INFO - __ASSET_JOB - 5c32f4a1-b452-4f81-ae66-6270aadaebb6 - hackernews - Querying time window: 2026-09-23 15:26:04 to 2026-09-23 16:26:04 (1790177164 to 1790180764)...
2026-09-28 10:19:30 +0000 - dagster - INFO - __ASSET_JOB - 5c32f4a1-b452-4f81-ae66-6270aadaebb6 - hackernews - Making GET request to https://hn.algolia.com/api/v1/search_by_date?numericFilters=created_at_i%3E%3D1790177164%2Ccreated_at_i%3C1790180764&hitsPerPage=1000
2026-09-28 10:19:31 +0000 - dagster - INFO - __ASSET_JOB - 5c32f4a1-b452-4f81-ae66-6270aadaebb6 - hackernews - Retrieved 862 items in this window.
2026-09-28 10:19:31 +0000 - dagster - INFO - __ASSET_JOB - 5c32f4a1-b452-4f81-ae66-6270aadaebb6 - hackernews - Querying time window: 2026-09-23 16:26:04 to 2026-09-23 17:26:04 (1790180764 to 1790184364)...
2026-09-28 10:19:31 +0000 - dagster - INFO - __ASSET_JOB - 5c32f4a1-b452-4f81-ae66-6270aadaebb6 - hackernews - Making GET request to https://hn.algolia.com/api/v1/search_by_date?numericFilters=created_at_i%3E%3D1790180764%2Ccreated_at_i%3C1790184364&hitsPerPage=1000
2026-09-28 10:19:31 +0000 - dagster - INFO - __ASSET_JOB - 5c32f4a1-b452-4f81-ae66-6270aadaebb6 - hackernews - Retrieved 927 items in this window.
2026-09-28 10:19:32 +0000 - dagster - INFO - __ASSET_JOB - 5c32f4a1-b452-4f81-ae66-6270aadaebb6 - hackernews - Querying time window: 2026-09-23 17:26:04 to 2026-09-23 18:26:04 (1790184364 to 1790187964)...
2026-09-28 10:19:32 +0000 - dagster - INFO - __ASSET_JOB - 5c32f4a1-b452-4f81-ae66-6270aadaebb6 - hackernews - Making GET request to https://hn.algolia.com/api/v1/search_by_date?numericFilters=created_at_i%3E%3D1790184364%2Ccreated_at_i%3C1790187964&hitsPerPage=1000
2026-09-28 10:19:32 +0000 - dagster - INFO - __ASSET_JOB - 5c32f4a1-b452-4f81-ae66-6270aadaebb6 - hackernews - Retrieved 719 items in this window.
2026-09-28 10:19:32 +0000 - dagster - INFO - __ASSET_JOB - 5c32f4a1-b452-4f81-ae66-6270aadaebb6 - hackernews - Querying time window: 2026-09-23 18:26:04 to 2026-09-23 19:26:04 (1790187964 to 1790191564)...
2026-09-28 10:19:32 +0000 - dagster - INFO - __ASSET_JOB - 5c32f4a1-b452-4f81-ae66-6270aadaebb6 - hackernews - Making GET request to https://hn.algolia.com/api/v1/search_by_date?numericFilters=created_at_i%3E%3D1790187964%2Ccreated_at_i%3C1790191564&hitsPerPage=1000
2026-09-28 10:19:32 +0000 - dagster - INFO - __ASSET_JOB - 5c32f4a1-b452-4f81-ae66-6270aadaebb6 - hackernews - Retrieved 765 items in this window.
2026-09-28 10:19:32 +0000 - dagster - INFO - __ASSET_JOB - 5c32f4a1-b452-4f81-ae66-6270aadaebb6 - hackernews - Querying time window: 2026-09-23 19:26:04 to 2026-09-23 20:26:04 (1790191564 to 1790195164)...
2026-09-28 10:19:32 +0000 - dagster - INFO - __ASSET_JOB - 5c32f4a1-b452-4f81-ae66-6270aadaebb6 - hackernews - Making GET request to https://hn.algolia.com/api/v1/search_by_date?numericFilters=created_at_i%3E%3D1790191564%2Ccreated_at_i%3C1790195164&hitsPerPage=1000
2026-09-28 10:19:33 +0000 - dagster - INFO - __ASSET_JOB - 5c32f4a1-b452-4f81-ae66-6270aadaebb6 - hackernews - Retrieved 709 items in this window.
2026-09-28 10:19:33 +0000 - dagster - INFO - __ASSET_JOB - 5c32f4a1-b452-4f81-ae66-6270aadaebb6 - hackernews - Querying time window: 2026-09-23 20:26:04 to 2026-09-23 21:26:04 (1790195164 to 1790198764)...
2026-09-28 10:19:33 +0000 - dagster - INFO - __ASSET_JOB - 5c32f4a1-b452-4f81-ae66-6270aadaebb6 - hackernews - Making GET request to https://hn.algolia.com/api/v1/search_by_date?numericFilters=created_at_i%3E%3D1790195164%2Ccreated_at_i%3C1790198764&hitsPerPage=1000
2026-09-28 10:19:34 +0000 - dagster - INFO - __ASSET_JOB - 5c32f4a1-b452-4f81-ae66-6270aadaebb6 - hackernews - Retrieved 724 items in this window.
2026-09-28 10:19:34 +0000 - dagster - INFO - __ASSET_JOB - 5c32f4a1-b452-4f81-ae66-6270aadaebb6 - hackernews - Querying time window: 2026-09-23 21:26:04 to 2026-09-23 22:26:04 (1790198764 to 1790202364)...
2026-09-28 10:19:34 +0000 - dagster - INFO - __ASSET_JOB - 5c32f4a1-b452-4f81-ae66-6270aadaebb6 - hackernews - Making GET request to https://hn.algolia.com/api/v1/search_by_date?numericFilters=created_at_i%3E%3D1790198764%2Ccreated_at_i%3C1790202364&hitsPerPage=1000
2026-09-28 10:19:34 +0000 - dagster - INFO - __ASSET_JOB - 5c32f4a1-b452-4f81-ae66-6270aadaebb6 - hackernews - Retrieved 550 items in this window.
2026-09-28 10:19:34 +0000 - dagster - INFO - __ASSET_JOB - 5c32f4a1-b452-4f81-ae66-6270aadaebb6 - hackernews - Querying time window: 2026-09-23 22:26:04 to 2026-09-23 23:26:04 (1790202364 to 1790205964)...
2026-09-28 10:19:34 +0000 - dagster - INFO - __ASSET_JOB - 5c32f4a1-b452-4f81-ae66-6270aadaebb6 - hackernews - Making GET request to https://hn.algolia.com/api/v1/search_by_date?numericFilters=created_at_i%3E%3D1790202364%2Ccreated_at_i%3C1790205964&hitsPerPage=1000
2026-09-28 10:19:35 +0000 - dagster - INFO - __ASSET_JOB - 5c32f4a1-b452-4f81-ae66-6270aadaebb6 - hackernews - Retrieved 594 items in this window.
2026-09-28 10:19:35 +0000 - dagster - INFO - __ASSET_JOB - 5c32f4a1-b452-4f81-ae66-6270aadaebb6 - hackernews - Querying time window: 2026-09-23 23:26:04 to 2026-09-24 00:26:04 (1790205964 to 1790209564)...
2026-09-28 10:19:35 +0000 - dagster - INFO - __ASSET_JOB - 5c32f4a1-b452-4f81-ae66-6270aadaebb6 - hackernews - Making GET request to https://hn.algolia.com/api/v1/search_by_date?numericFilters=created_at_i%3E%3D1790205964%2Ccreated_at_i%3C1790209564&hitsPerPage=1000
2026-09-28 10:19:35 +0000 - dagster - INFO - __ASSET_JOB - 5c32f4a1-b452-4f81-ae66-6270aadaebb6 - hackernews - Retrieved 441 items in this window.
2026-09-28 10:19:35 +0000 - dagster - INFO - __ASSET_JOB - 5c32f4a1-b452-4f81-ae66-6270aadaebb6 - hackernews - Querying time window: 2026-09-24 00:26:04 to 2026-09-24 01:26:04 (1790209564 to 1790213164)...
2026-09-28 10:19:35 +0000 - dagster - INFO - __ASSET_JOB - 5c32f4a1-b452-4f81-ae66-6270aadaebb6 - hackernews - Making GET request to https://hn.algolia.com/api/v1/search_by_date?numericFilters=created_at_i%3E%3D1790209564%2Ccreated_at_i%3C1790213164&hitsPerPage=1000
2026-09-28 10:19:35 +0000 - dagster - INFO - __ASSET_JOB - 5c32f4a1-b452-4f81-ae66-6270aadaebb6 - hackernews - Retrieved 415 items in this window.
2026-09-28 10:19:35 +0000 - dagster - INFO - __ASSET_JOB - 5c32f4a1-b452-4f81-ae66-6270aadaebb6 - hackernews - Querying time window: 2026-09-24 01:26:04 to 2026-09-24 02:26:04 (1790213164 to 1790216764)...
2026-09-28 10:19:35 +0000 - dagster - INFO - __ASSET_JOB - 5c32f4a1-b452-4f81-ae66-6270aadaebb6 - hackernews - Making GET request to https://hn.algolia.com/api/v1/search_by_date?numericFilters=created_at_i%3E%3D1790213164%2Ccreated_at_i%3C1790216764&hitsPerPage=1000
2026-09-28 10:19:36 +0000 - dagster - INFO - __ASSET_JOB - 5c32f4a1-b452-4f81-ae66-6270aadaebb6 - hackernews - Retrieved 382 items in this window.
2026-09-28 10:19:36 +0000 - dagster - INFO - __ASSET_JOB - 5c32f4a1-b452-4f81-ae66-6270aadaebb6 - hackernews - Querying time window: 2026-09-24 02:26:04 to 2026-09-24 03:26:04 (1790216764 to 1790220364)...
2026-09-28 10:19:36 +0000 - dagster - INFO - __ASSET_JOB - 5c32f4a1-b452-4f81-ae66-6270aadaebb6 - hackernews - Making GET request to https://hn.algolia.com/api/v1/search_by_date?numericFilters=created_at_i%3E%3D1790216764%2Ccreated_at_i%3C1790220364&hitsPerPage=1000
2026-09-28 10:19:36 +0000 - dagster - INFO - __ASSET_JOB - 5c32f4a1-b452-4f81-ae66-6270aadaebb6 - hackernews - Retrieved 360 items in this window.
2026-09-28 10:19:36 +0000 - dagster - INFO - __ASSET_JOB - 5c32f4a1-b452-4f81-ae66-6270aadaebb6 - hackernews - Querying time window: 2026-09-24 03:26:04 to 2026-09-24 04:26:04 (1790220364 to 1790223964)...
2026-09-28 10:19:36 +0000 - dagster - INFO - __ASSET_JOB - 5c32f4a1-b452-4f81-ae66-6270aadaebb6 - hackernews - Making GET request to https://hn.algolia.com/api/v1/search_by_date?numericFilters=created_at_i%3E%3D1790220364%2Ccreated_at_i%3C1790223964&hitsPerPage=1000
2026-09-28 10:19:37 +0000 - dagster - INFO - __ASSET_JOB - 5c32f4a1-b452-4f81-ae66-6270aadaebb6 - hackernews - Retrieved 356 items in this window.
2026-09-28 10:19:37 +0000 - dagster - INFO - __ASSET_JOB - 5c32f4a1-b452-4f81-ae66-6270aadaebb6 - hackernews - Querying time window: 2026-09-24 04:26:04 to 2026-09-24 05:26:04 (1790223964 to 1790227564)...
2026-09-28 10:19:37 +0000 - dagster - INFO - __ASSET_JOB - 5c32f4a1-b452-4f81-ae66-6270aadaebb6 - hackernews - Making GET request to https://hn.algolia.com/api/v1/search_by_date?numericFilters=created_at_i%3E%3D1790223964%2Ccreated_at_i%3C1790227564&hitsPerPage=1000
2026-09-28 10:19:37 +0000 - dagster - INFO - __ASSET_JOB - 5c32f4a1-b452-4f81-ae66-6270aadaebb6 - hackernews - Retrieved 302 items in this window.
2026-09-28 10:19:37 +0000 - dagster - INFO - __ASSET_JOB - 5c32f4a1-b452-4f81-ae66-6270aadaebb6 - hackernews - Querying time window: 2026-09-24 05:26:04 to 2026-09-24 06:26:04 (1790227564 to 1790231164)...
2026-09-28 10:19:37 +0000 - dagster - INFO - __ASSET_JOB - 5c32f4a1-b452-4f81-ae66-6270aadaebb6 - hackernews - Making GET request to https://hn.algolia.com/api/v1/search_by_date?numericFilters=created_at_i%3E%3D1790227564%2Ccreated_at_i%3C1790231164&hitsPerPage=1000
2026-09-28 10:19:37 +0000 - dagster - INFO - __ASSET_JOB - 5c32f4a1-b452-4f81-ae66-6270aadaebb6 - hackernews - Retrieved 295 items in this window.
2026-09-28 10:19:37 +0000 - dagster - INFO - __ASSET_JOB - 5c32f4a1-b452-4f81-ae66-6270aadaebb6 - hackernews - Querying time window: 2026-09-24 06:26:04 to 2026-09-24 07:26:04 (1790231164 to 1790234764)...
2026-09-28 10:19:37 +0000 - dagster - INFO - __ASSET_JOB - 5c32f4a1-b452-4f81-ae66-6270aadaebb6 - hackernews - Making GET request to https://hn.algolia.com/api/v1/search_by_date?numericFilters=created_at_i%3E%3D1790231164%2Ccreated_at_i%3C1790234764&hitsPerPage=1000
2026-09-28 10:19:38 +0000 - dagster - INFO - __ASSET_JOB - 5c32f4a1-b452-4f81-ae66-6270aadaebb6 - hackernews - Retrieved 408 items in this window.
2026-09-28 10:19:38 +0000 - dagster - INFO - __ASSET_JOB - 5c32f4a1-b452-4f81-ae66-6270aadaebb6 - hackernews - Querying time window: 2026-09-24 07:26:04 to 2026-09-24 08:26:04 (1790234764 to 1790238364)...
2026-09-28 10:19:38 +0000 - dagster - INFO - __ASSET_JOB - 5c32f4a1-b452-4f81-ae66-6270aadaebb6 - hackernews - Making GET request to https://hn.algolia.com/api/v1/search_by_date?numericFilters=created_at_i%3E%3D1790234764%2Ccreated_at_i%3C1790238364&hitsPerPage=1000
2026-09-28 10:19:38 +0000 - dagster - INFO - __ASSET_JOB - 5c32f4a1-b452-4f81-ae66-6270aadaebb6 - hackernews - Retrieved 370 items in this window.
2026-09-28 10:19:38 +0000 - dagster - INFO - __ASSET_JOB - 5c32f4a1-b452-4f81-ae66-6270aadaebb6 - hackernews - Querying time window: 2026-09-24 08:26:04 to 2026-09-24 09:26:04 (1790238364 to 1790241964)...
2026-09-28 10:19:38 +0000 - dagster - INFO - __ASSET_JOB - 5c32f4a1-b452-4f81-ae66-6270aadaebb6 - hackernews - Making GET request to https://hn.algolia.com/api/v1/search_by_date?numericFilters=created_at_i%3E%3D1790238364%2Ccreated_at_i%3C1790241964&hitsPerPage=1000
2026-09-28 10:19:39 +0000 - dagster - INFO - __ASSET_JOB - 5c32f4a1-b452-4f81-ae66-6270aadaebb6 - hackernews - Retrieved 347 items in this window.
2026-09-28 10:19:39 +0000 - dagster - INFO - __ASSET_JOB - 5c32f4a1-b452-4f81-ae66-6270aadaebb6 - hackernews - Querying time window: 2026-09-24 09:26:04 to 2026-09-24 10:26:04 (1790241964 to 1790245564)...
2026-09-28 10:19:39 +0000 - dagster - INFO - __ASSET_JOB - 5c32f4a1-b452-4f81-ae66-6270aadaebb6 - hackernews - Making GET request to https://hn.algolia.com/api/v1/search_by_date?numericFilters=created_at_i%3E%3D1790241964%2Ccreated_at_i%3C1790245564&hitsPerPage=1000
2026-09-28 10:19:39 +0000 - dagster - INFO - __ASSET_JOB - 5c32f4a1-b452-4f81-ae66-6270aadaebb6 - hackernews - Retrieved 358 items in this window.
2026-09-28 10:19:39 +0000 - dagster - INFO - __ASSET_JOB - 5c32f4a1-b452-4f81-ae66-6270aadaebb6 - hackernews - Querying time window: 2026-09-24 10:26:04 to 2026-09-24 11:26:04 (1790245564 to 1790249164)...
2026-09-28 10:19:39 +0000 - dagster - INFO - __ASSET_JOB - 5c32f4a1-b452-4f81-ae66-6270aadaebb6 - hackernews - Making GET request to https://hn.algolia.com/api/v1/search_by_date?numericFilters=created_at_i%3E%3D1790245564%2Ccreated_at_i%3C1790249164&hitsPerPage=1000
2026-09-28 10:19:39 +0000 - dagster - INFO - __ASSET_JOB - 5c32f4a1-b452-4f81-ae66-6270aadaebb6 - hackernews - Retrieved 422 items in this window.
2026-09-28 10:19:39 +0000 - dagster - INFO - __ASSET_JOB - 5c32f4a1-b452-4f81-ae66-6270aadaebb6 - hackernews - Querying time window: 2026-09-24 11:26:04 to 2026-09-24 12:26:04 (1790249164 to 1790252764)...
2026-09-28 10:19:39 +0000 - dagster - INFO - __ASSET_JOB - 5c32f4a1-b452-4f81-ae66-6270aadaebb6 - hackernews - Making GET request to https://hn.algolia.com/api/v1/search_by_date?numericFilters=created_at_i%3E%3D1790249164%2Ccreated_at_i%3C1790252764&hitsPerPage=1000
2026-09-28 10:19:40 +0000 - dagster - INFO - __ASSET_JOB - 5c32f4a1-b452-4f81-ae66-6270aadaebb6 - hackernews - Retrieved 476 items in this window.
2026-09-28 10:19:40 +0000 - dagster - INFO - __ASSET_JOB - 5c32f4a1-b452-4f81-ae66-6270aadaebb6 - hackernews - Querying time window: 2026-09-24 12:26:04 to 2026-09-24 13:26:04 (1790252764 to 1790256364)...
2026-09-28 10:19:40 +0000 - dagster - INFO - __ASSET_JOB - 5c32f4a1-b452-4f81-ae66-6270aadaebb6 - hackernews - Making GET request to https://hn.algolia.com/api/v1/search_by_date?numericFilters=created_at_i%3E%3D1790252764%2Ccreated_at_i%3C1790256364&hitsPerPage=1000
2026-09-28 10:19:41 +0000 - dagster - INFO - __ASSET_JOB - 5c32f4a1-b452-4f81-ae66-6270aadaebb6 - hackernews - Retrieved 522 items in this window.
2026-09-28 10:19:41 +0000 - dagster - INFO - __ASSET_JOB - 5c32f4a1-b452-4f81-ae66-6270aadaebb6 - hackernews - Querying time window: 2026-09-24 13:26:04 to 2026-09-24 14:26:04 (1790256364 to 1790259964)...
2026-09-28 10:19:41 +0000 - dagster - INFO - __ASSET_JOB - 5c32f4a1-b452-4f81-ae66-6270aadaebb6 - hackernews - Making GET request to https://hn.algolia.com/api/v1/search_by_date?numericFilters=created_at_i%3E%3D1790256364%2Ccreated_at_i%3C1790259964&hitsPerPage=1000
2026-09-28 10:19:41 +0000 - dagster - INFO - __ASSET_JOB - 5c32f4a1-b452-4f81-ae66-6270aadaebb6 - hackernews - Retrieved 727 items in this window.
2026-09-28 10:19:41 +0000 - dagster - INFO - __ASSET_JOB - 5c32f4a1-b452-4f81-ae66-6270aadaebb6 - hackernews - Querying time window: 2026-09-24 14:26:04 to 2026-09-24 15:26:04 (1790259964 to 1790263564)...
2026-09-28 10:19:41 +0000 - dagster - INFO - __ASSET_JOB - 5c32f4a1-b452-4f81-ae66-6270aadaebb6 - hackernews - Making GET request to https://hn.algolia.com/api/v1/search_by_date?numericFilters=created_at_i%3E%3D1790259964%2Ccreated_at_i%3C1790263564&hitsPerPage=1000
2026-09-28 10:19:42 +0000 - dagster - INFO - __ASSET_JOB - 5c32f4a1-b452-4f81-ae66-6270aadaebb6 - hackernews - Retrieved 774 items in this window.
2026-09-28 10:19:42 +0000 - dagster - INFO - __ASSET_JOB - 5c32f4a1-b452-4f81-ae66-6270aadaebb6 - hackernews - Querying time window: 2026-09-24 15:26:04 to 2026-09-24 16:26:04 (1790263564 to 1790267164)...
2026-09-28 10:19:42 +0000 - dagster - INFO - __ASSET_JOB - 5c32f4a1-b452-4f81-ae66-6270aadaebb6 - hackernews - Making GET request to https://hn.algolia.com/api/v1/search_by_date?numericFilters=created_at_i%3E%3D1790263564%2Ccreated_at_i%3C1790267164&hitsPerPage=1000
2026-09-28 10:19:42 +0000 - dagster - INFO - __ASSET_JOB - 5c32f4a1-b452-4f81-ae66-6270aadaebb6 - hackernews - Retrieved 924 items in this window.
2026-09-28 10:19:42 +0000 - dagster - INFO - __ASSET_JOB - 5c32f4a1-b452-4f81-ae66-6270aadaebb6 - hackernews - Querying time window: 2026-09-24 16:26:04 to 2026-09-24 17:26:04 (1790267164 to 1790270764)...
2026-09-28 10:19:42 +0000 - dagster - INFO - __ASSET_JOB - 5c32f4a1-b452-4f81-ae66-6270aadaebb6 - hackernews - Making GET request to https://hn.algolia.com/api/v1/search_by_date?numericFilters=created_at_i%3E%3D1790267164%2Ccreated_at_i%3C1790270764&hitsPerPage=1000
2026-09-28 10:19:43 +0000 - dagster - INFO - __ASSET_JOB - 5c32f4a1-b452-4f81-ae66-6270aadaebb6 - hackernews - Retrieved 877 items in this window.
2026-09-28 10:19:43 +0000 - dagster - INFO - __ASSET_JOB - 5c32f4a1-b452-4f81-ae66-6270aadaebb6 - hackernews - Querying time window: 2026-09-24 17:26:04 to 2026-09-24 18:26:04 (1790270764 to 1790274364)...
2026-09-28 10:19:43 +0000 - dagster - INFO - __ASSET_JOB - 5c32f4a1-b452-4f81-ae66-6270aadaebb6 - hackernews - Making GET request to https://hn.algolia.com/api/v1/search_by_date?numericFilters=created_at_i%3E%3D1790270764%2Ccreated_at_i%3C1790274364&hitsPerPage=1000
2026-09-28 10:19:43 +0000 - dagster - INFO - __ASSET_JOB - 5c32f4a1-b452-4f81-ae66-6270aadaebb6 - hackernews - Retrieved 798 items in this window.
2026-09-28 10:19:43 +0000 - dagster - INFO - __ASSET_JOB - 5c32f4a1-b452-4f81-ae66-6270aadaebb6 - hackernews - Querying time window: 2026-09-24 18:26:04 to 2026-09-24 19:26:04 (1790274364 to 1790277964)...
2026-09-28 10:19:43 +0000 - dagster - INFO - __ASSET_JOB - 5c32f4a1-b452-4f81-ae66-6270aadaebb6 - hackernews - Making GET request to https://hn.algolia.com/api/v1/search_by_date?numericFilters=created_at_i%3E%3D1790274364%2Ccreated_at_i%3C1790277964&hitsPerPage=1000
2026-09-28 10:19:44 +0000 - dagster - INFO - __ASSET_JOB - 5c32f4a1-b452-4f81-ae66-6270aadaebb6 - hackernews - Retrieved 725 items in this window.
2026-09-28 10:19:44 +0000 - dagster - INFO - __ASSET_JOB - 5c32f4a1-b452-4f81-ae66-6270aadaebb6 - hackernews - Querying time window: 2026-09-24 19:26:04 to 2026-09-24 20:26:04 (1790277964 to 1790281564)...
2026-09-28 10:19:44 +0000 - dagster - INFO - __ASSET_JOB - 5c32f4a1-b452-4f81-ae66-6270aadaebb6 - hackernews - Making GET request to https://hn.algolia.com/api/v1/search_by_date?numericFilters=created_at_i%3E%3D1790277964%2Ccreated_at_i%3C1790281564&hitsPerPage=1000
2026-09-28 10:19:44 +0000 - dagster - INFO - __ASSET_JOB - 5c32f4a1-b452-4f81-ae66-6270aadaebb6 - hackernews - Retrieved 614 items in this window.
2026-09-28 10:19:44 +0000 - dagster - INFO - __ASSET_JOB - 5c32f4a1-b452-4f81-ae66-6270aadaebb6 - hackernews - Querying time window: 2026-09-24 20:26:04 to 2026-09-24 21:26:04 (1790281564 to 1790285164)...
2026-09-28 10:19:44 +0000 - dagster - INFO - __ASSET_JOB - 5c32f4a1-b452-4f81-ae66-6270aadaebb6 - hackernews - Making GET request to https://hn.algolia.com/api/v1/search_by_date?numericFilters=created_at_i%3E%3D1790281564%2Ccreated_at_i%3C1790285164&hitsPerPage=1000
2026-09-28 10:19:45 +0000 - dagster - INFO - __ASSET_JOB - 5c32f4a1-b452-4f81-ae66-6270aadaebb6 - hackernews - Retrieved 537 items in this window.
2026-09-28 10:19:45 +0000 - dagster - INFO - __ASSET_JOB - 5c32f4a1-b452-4f81-ae66-6270aadaebb6 - hackernews - Querying time window: 2026-09-24 21:26:04 to 2026-09-24 22:26:04 (1790285164 to 1790288764)...
2026-09-28 10:19:45 +0000 - dagster - INFO - __ASSET_JOB - 5c32f4a1-b452-4f81-ae66-6270aadaebb6 - hackernews - Making GET request to https://hn.algolia.com/api/v1/search_by_date?numericFilters=created_at_i%3E%3D1790285164%2Ccreated_at_i%3C1790288764&hitsPerPage=1000
2026-09-28 10:19:45 +0000 - dagster - INFO - __ASSET_JOB - 5c32f4a1-b452-4f81-ae66-6270aadaebb6 - hackernews - Retrieved 582 items in this window.
2026-09-28 10:19:45 +0000 - dagster - INFO - __ASSET_JOB - 5c32f4a1-b452-4f81-ae66-6270aadaebb6 - hackernews - Querying time window: 2026-09-24 22:26:04 to 2026-09-24 23:26:04 (1790288764 to 1790292364)...
2026-09-28 10:19:45 +0000 - dagster - INFO - __ASSET_JOB - 5c32f4a1-b452-4f81-ae66-6270aadaebb6 - hackernews - Making GET request to https://hn.algolia.com/api/v1/search_by_date?numericFilters=created_at_i%3E%3D1790288764%2Ccreated_at_i%3C1790292364&hitsPerPage=1000
2026-09-28 10:19:46 +0000 - dagster - INFO - __ASSET_JOB - 5c32f4a1-b452-4f81-ae66-6270aadaebb6 - hackernews - Retrieved 527 items in this window.
2026-09-28 10:19:46 +0000 - dagster - INFO - __ASSET_JOB - 5c32f4a1-b452-4f81-ae66-6270aadaebb6 - hackernews - Querying time window: 2026-09-24 23:26:04 to 2026-09-25 00:26:04 (1790292364 to 1790295964)...
2026-09-28 10:19:46 +0000 - dagster - INFO - __ASSET_JOB - 5c32f4a1-b452-4f81-ae66-6270aadaebb6 - hackernews - Making GET request to https://hn.algolia.com/api/v1/search_by_date?numericFilters=created_at_i%3E%3D1790292364%2Ccreated_at_i%3C1790295964&hitsPerPage=1000
2026-09-28 10:19:46 +0000 - dagster - INFO - __ASSET_JOB - 5c32f4a1-b452-4f81-ae66-6270aadaebb6 - hackernews - Retrieved 426 items in this window.
2026-09-28 10:19:46 +0000 - dagster - INFO - __ASSET_JOB - 5c32f4a1-b452-4f81-ae66-6270aadaebb6 - hackernews - Querying time window: 2026-09-25 00:26:04 to 2026-09-25 01:26:04 (1790295964 to 1790299564)...
2026-09-28 10:19:46 +0000 - dagster - INFO - __ASSET_JOB - 5c32f4a1-b452-4f81-ae66-6270aadaebb6 - hackernews - Making GET request to https://hn.algolia.com/api/v1/search_by_date?numericFilters=created_at_i%3E%3D1790295964%2Ccreated_at_i%3C1790299564&hitsPerPage=1000
2026-09-28 10:19:47 +0000 - dagster - INFO - __ASSET_JOB - 5c32f4a1-b452-4f81-ae66-6270aadaebb6 - hackernews - Retrieved 433 items in this window.
2026-09-28 10:19:47 +0000 - dagster - INFO - __ASSET_JOB - 5c32f4a1-b452-4f81-ae66-6270aadaebb6 - hackernews - Querying time window: 2026-09-25 01:26:04 to 2026-09-25 02:26:04 (1790299564 to 1790303164)...
2026-09-28 10:19:47 +0000 - dagster - INFO - __ASSET_JOB - 5c32f4a1-b452-4f81-ae66-6270aadaebb6 - hackernews - Making GET request to https://hn.algolia.com/api/v1/search_by_date?numericFilters=created_at_i%3E%3D1790299564%2Ccreated_at_i%3C1790303164&hitsPerPage=1000
2026-09-28 10:19:47 +0000 - dagster - INFO - __ASSET_JOB - 5c32f4a1-b452-4f81-ae66-6270aadaebb6 - hackernews - Retrieved 373 items in this window.
2026-09-28 10:19:47 +0000 - dagster - INFO - __ASSET_JOB - 5c32f4a1-b452-4f81-ae66-6270aadaebb6 - hackernews - Querying time window: 2026-09-25 02:26:04 to 2026-09-25 03:26:04 (1790303164 to 1790306764)...
2026-09-28 10:19:47 +0000 - dagster - INFO - __ASSET_JOB - 5c32f4a1-b452-4f81-ae66-6270aadaebb6 - hackernews - Making GET request to https://hn.algolia.com/api/v1/search_by_date?numericFilters=created_at_i%3E%3D1790303164%2Ccreated_at_i%3C1790306764&hitsPerPage=1000
2026-09-28 10:19:47 +0000 - dagster - INFO - __ASSET_JOB - 5c32f4a1-b452-4f81-ae66-6270aadaebb6 - hackernews - Retrieved 302 items in this window.
2026-09-28 10:19:47 +0000 - dagster - INFO - __ASSET_JOB - 5c32f4a1-b452-4f81-ae66-6270aadaebb6 - hackernews - Querying time window: 2026-09-25 03:26:04 to 2026-09-25 04:26:04 (1790306764 to 1790310364)...
2026-09-28 10:19:47 +0000 - dagster - INFO - __ASSET_JOB - 5c32f4a1-b452-4f81-ae66-6270aadaebb6 - hackernews - Making GET request to https://hn.algolia.com/api/v1/search_by_date?numericFilters=created_at_i%3E%3D1790306764%2Ccreated_at_i%3C1790310364&hitsPerPage=1000
2026-09-28 10:19:48 +0000 - dagster - INFO - __ASSET_JOB - 5c32f4a1-b452-4f81-ae66-6270aadaebb6 - hackernews - Retrieved 302 items in this window.
2026-09-28 10:19:48 +0000 - dagster - INFO - __ASSET_JOB - 5c32f4a1-b452-4f81-ae66-6270aadaebb6 - hackernews - Querying time window: 2026-09-25 04:26:04 to 2026-09-25 05:26:04 (1790310364 to 1790313964)...
2026-09-28 10:19:48 +0000 - dagster - INFO - __ASSET_JOB - 5c32f4a1-b452-4f81-ae66-6270aadaebb6 - hackernews - Making GET request to https://hn.algolia.com/api/v1/search_by_date?numericFilters=created_at_i%3E%3D1790310364%2Ccreated_at_i%3C1790313964&hitsPerPage=1000
2026-09-28 10:19:48 +0000 - dagster - INFO - __ASSET_JOB - 5c32f4a1-b452-4f81-ae66-6270aadaebb6 - hackernews - Retrieved 246 items in this window.
2026-09-28 10:19:48 +0000 - dagster - INFO - __ASSET_JOB - 5c32f4a1-b452-4f81-ae66-6270aadaebb6 - hackernews - Querying time window: 2026-09-25 05:26:04 to 2026-09-25 06:26:04 (1790313964 to 1790317564)...
2026-09-28 10:19:48 +0000 - dagster - INFO - __ASSET_JOB - 5c32f4a1-b452-4f81-ae66-6270aadaebb6 - hackernews - Making GET request to https://hn.algolia.com/api/v1/search_by_date?numericFilters=created_at_i%3E%3D1790313964%2Ccreated_at_i%3C1790317564&hitsPerPage=1000
2026-09-28 10:19:48 +0000 - dagster - INFO - __ASSET_JOB - 5c32f4a1-b452-4f81-ae66-6270aadaebb6 - hackernews - Retrieved 325 items in this window.
2026-09-28 10:19:48 +0000 - dagster - INFO - __ASSET_JOB - 5c32f4a1-b452-4f81-ae66-6270aadaebb6 - hackernews - Querying time window: 2026-09-25 06:26:04 to 2026-09-25 07:26:04 (1790317564 to 1790321164)...
2026-09-28 10:19:48 +0000 - dagster - INFO - __ASSET_JOB - 5c32f4a1-b452-4f81-ae66-6270aadaebb6 - hackernews - Making GET request to https://hn.algolia.com/api/v1/search_by_date?numericFilters=created_at_i%3E%3D1790317564%2Ccreated_at_i%3C1790321164&hitsPerPage=1000
2026-09-28 10:19:49 +0000 - dagster - INFO - __ASSET_JOB - 5c32f4a1-b452-4f81-ae66-6270aadaebb6 - hackernews - Retrieved 392 items in this window.
2026-09-28 10:19:49 +0000 - dagster - INFO - __ASSET_JOB - 5c32f4a1-b452-4f81-ae66-6270aadaebb6 - hackernews - Querying time window: 2026-09-25 07:26:04 to 2026-09-25 08:26:04 (1790321164 to 1790324764)...
2026-09-28 10:19:49 +0000 - dagster - INFO - __ASSET_JOB - 5c32f4a1-b452-4f81-ae66-6270aadaebb6 - hackernews - Making GET request to https://hn.algolia.com/api/v1/search_by_date?numericFilters=created_at_i%3E%3D1790321164%2Ccreated_at_i%3C1790324764&hitsPerPage=1000
2026-09-28 10:19:50 +0000 - dagster - INFO - __ASSET_JOB - 5c32f4a1-b452-4f81-ae66-6270aadaebb6 - hackernews - Retrieved 373 items in this window.
2026-09-28 10:19:50 +0000 - dagster - INFO - __ASSET_JOB - 5c32f4a1-b452-4f81-ae66-6270aadaebb6 - hackernews - Querying time window: 2026-09-25 08:26:04 to 2026-09-25 09:26:04 (1790324764 to 1790328364)...
2026-09-28 10:19:50 +0000 - dagster - INFO - __ASSET_JOB - 5c32f4a1-b452-4f81-ae66-6270aadaebb6 - hackernews - Making GET request to https://hn.algolia.com/api/v1/search_by_date?numericFilters=created_at_i%3E%3D1790324764%2Ccreated_at_i%3C1790328364&hitsPerPage=1000
2026-09-28 10:19:50 +0000 - dagster - INFO - __ASSET_JOB - 5c32f4a1-b452-4f81-ae66-6270aadaebb6 - hackernews - Retrieved 343 items in this window.
2026-09-28 10:19:50 +0000 - dagster - INFO - __ASSET_JOB - 5c32f4a1-b452-4f81-ae66-6270aadaebb6 - hackernews - Querying time window: 2026-09-25 09:26:04 to 2026-09-25 10:26:04 (1790328364 to 1790331964)...
2026-09-28 10:19:50 +0000 - dagster - INFO - __ASSET_JOB - 5c32f4a1-b452-4f81-ae66-6270aadaebb6 - hackernews - Making GET request to https://hn.algolia.com/api/v1/search_by_date?numericFilters=created_at_i%3E%3D1790328364%2Ccreated_at_i%3C1790331964&hitsPerPage=1000
2026-09-28 10:19:51 +0000 - dagster - INFO - __ASSET_JOB - 5c32f4a1-b452-4f81-ae66-6270aadaebb6 - hackernews - Retrieved 391 items in this window.
2026-09-28 10:19:51 +0000 - dagster - INFO - __ASSET_JOB - 5c32f4a1-b452-4f81-ae66-6270aadaebb6 - hackernews - Querying time window: 2026-09-25 10:26:04 to 2026-09-25 11:26:04 (1790331964 to 1790335564)...
2026-09-28 10:19:51 +0000 - dagster - INFO - __ASSET_JOB - 5c32f4a1-b452-4f81-ae66-6270aadaebb6 - hackernews - Making GET request to https://hn.algolia.com/api/v1/search_by_date?numericFilters=created_at_i%3E%3D1790331964%2Ccreated_at_i%3C1790335564&hitsPerPage=1000
2026-09-28 10:19:51 +0000 - dagster - INFO - __ASSET_JOB - 5c32f4a1-b452-4f81-ae66-6270aadaebb6 - hackernews - Retrieved 463 items in this window.
2026-09-28 10:19:51 +0000 - dagster - INFO - __ASSET_JOB - 5c32f4a1-b452-4f81-ae66-6270aadaebb6 - hackernews - Querying time window: 2026-09-25 11:26:04 to 2026-09-25 12:26:04 (1790335564 to 1790339164)...
2026-09-28 10:19:51 +0000 - dagster - INFO - __ASSET_JOB - 5c32f4a1-b452-4f81-ae66-6270aadaebb6 - hackernews - Making GET request to https://hn.algolia.com/api/v1/search_by_date?numericFilters=created_at_i%3E%3D1790335564%2Ccreated_at_i%3C1790339164&hitsPerPage=1000
2026-09-28 10:19:52 +0000 - dagster - INFO - __ASSET_JOB - 5c32f4a1-b452-4f81-ae66-6270aadaebb6 - hackernews - Retrieved 569 items in this window.
2026-09-28 10:19:52 +0000 - dagster - INFO - __ASSET_JOB - 5c32f4a1-b452-4f81-ae66-6270aadaebb6 - hackernews - Querying time window: 2026-09-25 12:26:04 to 2026-09-25 13:26:04 (1790339164 to 1790342764)...
2026-09-28 10:19:52 +0000 - dagster - INFO - __ASSET_JOB - 5c32f4a1-b452-4f81-ae66-6270aadaebb6 - hackernews - Making GET request to https://hn.algolia.com/api/v1/search_by_date?numericFilters=created_at_i%3E%3D1790339164%2Ccreated_at_i%3C1790342764&hitsPerPage=1000
2026-09-28 10:19:52 +0000 - dagster - INFO - __ASSET_JOB - 5c32f4a1-b452-4f81-ae66-6270aadaebb6 - hackernews - Retrieved 583 items in this window.
2026-09-28 10:19:52 +0000 - dagster - INFO - __ASSET_JOB - 5c32f4a1-b452-4f81-ae66-6270aadaebb6 - hackernews - Querying time window: 2026-09-25 13:26:04 to 2026-09-25 14:26:04 (1790342764 to 1790346364)...
2026-09-28 10:19:52 +0000 - dagster - INFO - __ASSET_JOB - 5c32f4a1-b452-4f81-ae66-6270aadaebb6 - hackernews - Making GET request to https://hn.algolia.com/api/v1/search_by_date?numericFilters=created_at_i%3E%3D1790342764%2Ccreated_at_i%3C1790346364&hitsPerPage=1000
2026-09-28 10:19:52 +0000 - dagster - INFO - __ASSET_JOB - 5c32f4a1-b452-4f81-ae66-6270aadaebb6 - hackernews - Retrieved 727 items in this window.
2026-09-28 10:19:52 +0000 - dagster - INFO - __ASSET_JOB - 5c32f4a1-b452-4f81-ae66-6270aadaebb6 - hackernews - Querying time window: 2026-09-25 14:26:04 to 2026-09-25 15:26:04 (1790346364 to 1790349964)...
2026-09-28 10:19:52 +0000 - dagster - INFO - __ASSET_JOB - 5c32f4a1-b452-4f81-ae66-6270aadaebb6 - hackernews - Making GET request to https://hn.algolia.com/api/v1/search_by_date?numericFilters=created_at_i%3E%3D1790346364%2Ccreated_at_i%3C1790349964&hitsPerPage=1000
2026-09-28 10:19:53 +0000 - dagster - INFO - __ASSET_JOB - 5c32f4a1-b452-4f81-ae66-6270aadaebb6 - hackernews - Retrieved 695 items in this window.
2026-09-28 10:19:53 +0000 - dagster - INFO - __ASSET_JOB - 5c32f4a1-b452-4f81-ae66-6270aadaebb6 - hackernews - Querying time window: 2026-09-25 15:26:04 to 2026-09-25 16:26:04 (1790349964 to 1790353564)...
2026-09-28 10:19:53 +0000 - dagster - INFO - __ASSET_JOB - 5c32f4a1-b452-4f81-ae66-6270aadaebb6 - hackernews - Making GET request to https://hn.algolia.com/api/v1/search_by_date?numericFilters=created_at_i%3E%3D1790349964%2Ccreated_at_i%3C1790353564&hitsPerPage=1000
2026-09-28 10:19:54 +0000 - dagster - INFO - __ASSET_JOB - 5c32f4a1-b452-4f81-ae66-6270aadaebb6 - hackernews - Retrieved 654 items in this window.
2026-09-28 10:19:54 +0000 - dagster - INFO - __ASSET_JOB - 5c32f4a1-b452-4f81-ae66-6270aadaebb6 - hackernews - Querying time window: 2026-09-25 16:26:04 to 2026-09-25 17:26:04 (1790353564 to 1790357164)...
2026-09-28 10:19:54 +0000 - dagster - INFO - __ASSET_JOB - 5c32f4a1-b452-4f81-ae66-6270aadaebb6 - hackernews - Making GET request to https://hn.algolia.com/api/v1/search_by_date?numericFilters=created_at_i%3E%3D1790353564%2Ccreated_at_i%3C1790357164&hitsPerPage=1000
2026-09-28 10:19:54 +0000 - dagster - INFO - __ASSET_JOB - 5c32f4a1-b452-4f81-ae66-6270aadaebb6 - hackernews - Retrieved 729 items in this window.
2026-09-28 10:19:54 +0000 - dagster - INFO - __ASSET_JOB - 5c32f4a1-b452-4f81-ae66-6270aadaebb6 - hackernews - Querying time window: 2026-09-25 17:26:04 to 2026-09-25 18:26:04 (1790357164 to 1790360764)...
2026-09-28 10:19:54 +0000 - dagster - INFO - __ASSET_JOB - 5c32f4a1-b452-4f81-ae66-6270aadaebb6 - hackernews - Making GET request to https://hn.algolia.com/api/v1/search_by_date?numericFilters=created_at_i%3E%3D1790357164%2Ccreated_at_i%3C1790360764&hitsPerPage=1000
2026-09-28 10:19:55 +0000 - dagster - INFO - __ASSET_JOB - 5c32f4a1-b452-4f81-ae66-6270aadaebb6 - hackernews - Retrieved 655 items in this window.
2026-09-28 10:19:55 +0000 - dagster - INFO - __ASSET_JOB - 5c32f4a1-b452-4f81-ae66-6270aadaebb6 - hackernews - Querying time window: 2026-09-25 18:26:04 to 2026-09-25 19:26:04 (1790360764 to 1790364364)...
2026-09-28 10:19:55 +0000 - dagster - INFO - __ASSET_JOB - 5c32f4a1-b452-4f81-ae66-6270aadaebb6 - hackernews - Making GET request to https://hn.algolia.com/api/v1/search_by_date?numericFilters=created_at_i%3E%3D1790360764%2Ccreated_at_i%3C1790364364&hitsPerPage=1000
2026-09-28 10:19:55 +0000 - dagster - INFO - __ASSET_JOB - 5c32f4a1-b452-4f81-ae66-6270aadaebb6 - hackernews - Retrieved 565 items in this window.
2026-09-28 10:19:55 +0000 - dagster - INFO - __ASSET_JOB - 5c32f4a1-b452-4f81-ae66-6270aadaebb6 - hackernews - Querying time window: 2026-09-25 19:26:04 to 2026-09-25 20:26:04 (1790364364 to 1790367964)...
2026-09-28 10:19:55 +0000 - dagster - INFO - __ASSET_JOB - 5c32f4a1-b452-4f81-ae66-6270aadaebb6 - hackernews - Making GET request to https://hn.algolia.com/api/v1/search_by_date?numericFilters=created_at_i%3E%3D1790364364%2Ccreated_at_i%3C1790367964&hitsPerPage=1000
2026-09-28 10:19:56 +0000 - dagster - INFO - __ASSET_JOB - 5c32f4a1-b452-4f81-ae66-6270aadaebb6 - hackernews - Retrieved 589 items in this window.
2026-09-28 10:19:56 +0000 - dagster - INFO - __ASSET_JOB - 5c32f4a1-b452-4f81-ae66-6270aadaebb6 - hackernews - Querying time window: 2026-09-25 20:26:04 to 2026-09-25 21:26:04 (1790367964 to 1790371564)...
2026-09-28 10:19:56 +0000 - dagster - INFO - __ASSET_JOB - 5c32f4a1-b452-4f81-ae66-6270aadaebb6 - hackernews - Making GET request to https://hn.algolia.com/api/v1/search_by_date?numericFilters=created_at_i%3E%3D1790367964%2Ccreated_at_i%3C1790371564&hitsPerPage=1000
2026-09-28 10:19:56 +0000 - dagster - INFO - __ASSET_JOB - 5c32f4a1-b452-4f81-ae66-6270aadaebb6 - hackernews - Retrieved 621 items in this window.
2026-09-28 10:19:56 +0000 - dagster - INFO - __ASSET_JOB - 5c32f4a1-b452-4f81-ae66-6270aadaebb6 - hackernews - Querying time window: 2026-09-25 21:26:04 to 2026-09-25 22:26:04 (1790371564 to 1790375164)...
2026-09-28 10:19:56 +0000 - dagster - INFO - __ASSET_JOB - 5c32f4a1-b452-4f81-ae66-6270aadaebb6 - hackernews - Making GET request to https://hn.algolia.com/api/v1/search_by_date?numericFilters=created_at_i%3E%3D1790371564%2Ccreated_at_i%3C1790375164&hitsPerPage=1000
2026-09-28 10:19:57 +0000 - dagster - INFO - __ASSET_JOB - 5c32f4a1-b452-4f81-ae66-6270aadaebb6 - hackernews - Retrieved 546 items in this window.
2026-09-28 10:19:57 +0000 - dagster - INFO - __ASSET_JOB - 5c32f4a1-b452-4f81-ae66-6270aadaebb6 - hackernews - Querying time window: 2026-09-25 22:26:04 to 2026-09-25 23:26:04 (1790375164 to 1790378764)...
2026-09-28 10:19:57 +0000 - dagster - INFO - __ASSET_JOB - 5c32f4a1-b452-4f81-ae66-6270aadaebb6 - hackernews - Making GET request to https://hn.algolia.com/api/v1/search_by_date?numericFilters=created_at_i%3E%3D1790375164%2Ccreated_at_i%3C1790378764&hitsPerPage=1000
2026-09-28 10:19:57 +0000 - dagster - INFO - __ASSET_JOB - 5c32f4a1-b452-4f81-ae66-6270aadaebb6 - hackernews - Retrieved 589 items in this window.
2026-09-28 10:19:57 +0000 - dagster - INFO - __ASSET_JOB - 5c32f4a1-b452-4f81-ae66-6270aadaebb6 - hackernews - Querying time window: 2026-09-25 23:26:04 to 2026-09-26 00:26:04 (1790378764 to 1790382364)...
2026-09-28 10:19:57 +0000 - dagster - INFO - __ASSET_JOB - 5c32f4a1-b452-4f81-ae66-6270aadaebb6 - hackernews - Making GET request to https://hn.algolia.com/api/v1/search_by_date?numericFilters=created_at_i%3E%3D1790378764%2Ccreated_at_i%3C1790382364&hitsPerPage=1000
2026-09-28 10:19:57 +0000 - dagster - INFO - __ASSET_JOB - 5c32f4a1-b452-4f81-ae66-6270aadaebb6 - hackernews - Retrieved 405 items in this window.
2026-09-28 10:19:57 +0000 - dagster - INFO - __ASSET_JOB - 5c32f4a1-b452-4f81-ae66-6270aadaebb6 - hackernews - Querying time window: 2026-09-26 00:26:04 to 2026-09-26 01:26:04 (1790382364 to 1790385964)...
2026-09-28 10:19:57 +0000 - dagster - INFO - __ASSET_JOB - 5c32f4a1-b452-4f81-ae66-6270aadaebb6 - hackernews - Making GET request to https://hn.algolia.com/api/v1/search_by_date?numericFilters=created_at_i%3E%3D1790382364%2Ccreated_at_i%3C1790385964&hitsPerPage=1000
2026-09-28 10:19:58 +0000 - dagster - INFO - __ASSET_JOB - 5c32f4a1-b452-4f81-ae66-6270aadaebb6 - hackernews - Retrieved 341 items in this window.
2026-09-28 10:19:58 +0000 - dagster - INFO - __ASSET_JOB - 5c32f4a1-b452-4f81-ae66-6270aadaebb6 - hackernews - Querying time window: 2026-09-26 01:26:04 to 2026-09-26 02:26:04 (1790385964 to 1790389564)...
2026-09-28 10:19:58 +0000 - dagster - INFO - __ASSET_JOB - 5c32f4a1-b452-4f81-ae66-6270aadaebb6 - hackernews - Making GET request to https://hn.algolia.com/api/v1/search_by_date?numericFilters=created_at_i%3E%3D1790385964%2Ccreated_at_i%3C1790389564&hitsPerPage=1000
2026-09-28 10:19:58 +0000 - dagster - INFO - __ASSET_JOB - 5c32f4a1-b452-4f81-ae66-6270aadaebb6 - hackernews - Retrieved 337 items in this window.
2026-09-28 10:19:58 +0000 - dagster - INFO - __ASSET_JOB - 5c32f4a1-b452-4f81-ae66-6270aadaebb6 - hackernews - Querying time window: 2026-09-26 02:26:04 to 2026-09-26 03:26:04 (1790389564 to 1790393164)...
2026-09-28 10:19:58 +0000 - dagster - INFO - __ASSET_JOB - 5c32f4a1-b452-4f81-ae66-6270aadaebb6 - hackernews - Making GET request to https://hn.algolia.com/api/v1/search_by_date?numericFilters=created_at_i%3E%3D1790389564%2Ccreated_at_i%3C1790393164&hitsPerPage=1000
2026-09-28 10:19:59 +0000 - dagster - INFO - __ASSET_JOB - 5c32f4a1-b452-4f81-ae66-6270aadaebb6 - hackernews - Retrieved 280 items in this window.
2026-09-28 10:19:59 +0000 - dagster - INFO - __ASSET_JOB - 5c32f4a1-b452-4f81-ae66-6270aadaebb6 - hackernews - Querying time window: 2026-09-26 03:26:04 to 2026-09-26 04:26:04 (1790393164 to 1790396764)...
2026-09-28 10:19:59 +0000 - dagster - INFO - __ASSET_JOB - 5c32f4a1-b452-4f81-ae66-6270aadaebb6 - hackernews - Making GET request to https://hn.algolia.com/api/v1/search_by_date?numericFilters=created_at_i%3E%3D1790393164%2Ccreated_at_i%3C1790396764&hitsPerPage=1000
2026-09-28 10:19:59 +0000 - dagster - INFO - __ASSET_JOB - 5c32f4a1-b452-4f81-ae66-6270aadaebb6 - hackernews - Retrieved 244 items in this window.
2026-09-28 10:19:59 +0000 - dagster - INFO - __ASSET_JOB - 5c32f4a1-b452-4f81-ae66-6270aadaebb6 - hackernews - Querying time window: 2026-09-26 04:26:04 to 2026-09-26 05:26:04 (1790396764 to 1790400364)...
2026-09-28 10:19:59 +0000 - dagster - INFO - __ASSET_JOB - 5c32f4a1-b452-4f81-ae66-6270aadaebb6 - hackernews - Making GET request to https://hn.algolia.com/api/v1/search_by_date?numericFilters=created_at_i%3E%3D1790396764%2Ccreated_at_i%3C1790400364&hitsPerPage=1000
2026-09-28 10:19:59 +0000 - dagster - INFO - __ASSET_JOB - 5c32f4a1-b452-4f81-ae66-6270aadaebb6 - hackernews - Retrieved 242 items in this window.
2026-09-28 10:19:59 +0000 - dagster - INFO - __ASSET_JOB - 5c32f4a1-b452-4f81-ae66-6270aadaebb6 - hackernews - Querying time window: 2026-09-26 05:26:04 to 2026-09-26 06:26:04 (1790400364 to 1790403964)...
2026-09-28 10:19:59 +0000 - dagster - INFO - __ASSET_JOB - 5c32f4a1-b452-4f81-ae66-6270aadaebb6 - hackernews - Making GET request to https://hn.algolia.com/api/v1/search_by_date?numericFilters=created_at_i%3E%3D1790400364%2Ccreated_at_i%3C1790403964&hitsPerPage=1000
2026-09-28 10:20:00 +0000 - dagster - INFO - __ASSET_JOB - 5c32f4a1-b452-4f81-ae66-6270aadaebb6 - hackernews - Retrieved 276 items in this window.
2026-09-28 10:20:00 +0000 - dagster - INFO - __ASSET_JOB - 5c32f4a1-b452-4f81-ae66-6270aadaebb6 - hackernews - Querying time window: 2026-09-26 06:26:04 to 2026-09-26 07:26:04 (1790403964 to 1790407564)...
2026-09-28 10:20:00 +0000 - dagster - INFO - __ASSET_JOB - 5c32f4a1-b452-4f81-ae66-6270aadaebb6 - hackernews - Making GET request to https://hn.algolia.com/api/v1/search_by_date?numericFilters=created_at_i%3E%3D1790403964%2Ccreated_at_i%3C1790407564&hitsPerPage=1000
2026-09-28 10:20:00 +0000 - dagster - INFO - __ASSET_JOB - 5c32f4a1-b452-4f81-ae66-6270aadaebb6 - hackernews - Retrieved 282 items in this window.
2026-09-28 10:20:00 +0000 - dagster - INFO - __ASSET_JOB - 5c32f4a1-b452-4f81-ae66-6270aadaebb6 - hackernews - Querying time window: 2026-09-26 07:26:04 to 2026-09-26 08:26:04 (1790407564 to 1790411164)...
2026-09-28 10:20:00 +0000 - dagster - INFO - __ASSET_JOB - 5c32f4a1-b452-4f81-ae66-6270aadaebb6 - hackernews - Making GET request to https://hn.algolia.com/api/v1/search_by_date?numericFilters=created_at_i%3E%3D1790407564%2Ccreated_at_i%3C1790411164&hitsPerPage=1000
2026-09-28 10:20:00 +0000 - dagster - INFO - __ASSET_JOB - 5c32f4a1-b452-4f81-ae66-6270aadaebb6 - hackernews - Retrieved 244 items in this window.
2026-09-28 10:20:00 +0000 - dagster - INFO - __ASSET_JOB - 5c32f4a1-b452-4f81-ae66-6270aadaebb6 - hackernews - Querying time window: 2026-09-26 08:26:04 to 2026-09-26 09:26:04 (1790411164 to 1790414764)...
2026-09-28 10:20:00 +0000 - dagster - INFO - __ASSET_JOB - 5c32f4a1-b452-4f81-ae66-6270aadaebb6 - hackernews - Making GET request to https://hn.algolia.com/api/v1/search_by_date?numericFilters=created_at_i%3E%3D1790411164%2Ccreated_at_i%3C1790414764&hitsPerPage=1000
2026-09-28 10:20:01 +0000 - dagster - INFO - __ASSET_JOB - 5c32f4a1-b452-4f81-ae66-6270aadaebb6 - hackernews - Retrieved 334 items in this window.
2026-09-28 10:20:01 +0000 - dagster - INFO - __ASSET_JOB - 5c32f4a1-b452-4f81-ae66-6270aadaebb6 - hackernews - Querying time window: 2026-09-26 09:26:04 to 2026-09-26 10:26:04 (1790414764 to 1790418364)...
2026-09-28 10:20:01 +0000 - dagster - INFO - __ASSET_JOB - 5c32f4a1-b452-4f81-ae66-6270aadaebb6 - hackernews - Making GET request to https://hn.algolia.com/api/v1/search_by_date?numericFilters=created_at_i%3E%3D1790414764%2Ccreated_at_i%3C1790418364&hitsPerPage=1000
2026-09-28 10:20:01 +0000 - dagster - INFO - __ASSET_JOB - 5c32f4a1-b452-4f81-ae66-6270aadaebb6 - hackernews - Retrieved 311 items in this window.
2026-09-28 10:20:01 +0000 - dagster - INFO - __ASSET_JOB - 5c32f4a1-b452-4f81-ae66-6270aadaebb6 - hackernews - Querying time window: 2026-09-26 10:26:04 to 2026-09-26 11:26:04 (1790418364 to 1790421964)...
2026-09-28 10:20:01 +0000 - dagster - INFO - __ASSET_JOB - 5c32f4a1-b452-4f81-ae66-6270aadaebb6 - hackernews - Making GET request to https://hn.algolia.com/api/v1/search_by_date?numericFilters=created_at_i%3E%3D1790418364%2Ccreated_at_i%3C1790421964&hitsPerPage=1000
2026-09-28 10:20:02 +0000 - dagster - INFO - __ASSET_JOB - 5c32f4a1-b452-4f81-ae66-6270aadaebb6 - hackernews - Retrieved 343 items in this window.
2026-09-28 10:20:02 +0000 - dagster - INFO - __ASSET_JOB - 5c32f4a1-b452-4f81-ae66-6270aadaebb6 - hackernews - Querying time window: 2026-09-26 11:26:04 to 2026-09-26 12:26:04 (1790421964 to 1790425564)...
2026-09-28 10:20:02 +0000 - dagster - INFO - __ASSET_JOB - 5c32f4a1-b452-4f81-ae66-6270aadaebb6 - hackernews - Making GET request to https://hn.algolia.com/api/v1/search_by_date?numericFilters=created_at_i%3E%3D1790421964%2Ccreated_at_i%3C1790425564&hitsPerPage=1000
2026-09-28 10:20:02 +0000 - dagster - INFO - __ASSET_JOB - 5c32f4a1-b452-4f81-ae66-6270aadaebb6 - hackernews - Retrieved 306 items in this window.
2026-09-28 10:20:02 +0000 - dagster - INFO - __ASSET_JOB - 5c32f4a1-b452-4f81-ae66-6270aadaebb6 - hackernews - Querying time window: 2026-09-26 12:26:04 to 2026-09-26 13:26:04 (1790425564 to 1790429164)...
2026-09-28 10:20:02 +0000 - dagster - INFO - __ASSET_JOB - 5c32f4a1-b452-4f81-ae66-6270aadaebb6 - hackernews - Making GET request to https://hn.algolia.com/api/v1/search_by_date?numericFilters=created_at_i%3E%3D1790425564%2Ccreated_at_i%3C1790429164&hitsPerPage=1000
2026-09-28 10:20:02 +0000 - dagster - INFO - __ASSET_JOB - 5c32f4a1-b452-4f81-ae66-6270aadaebb6 - hackernews - Retrieved 397 items in this window.
2026-09-28 10:20:03 +0000 - dagster - INFO - __ASSET_JOB - 5c32f4a1-b452-4f81-ae66-6270aadaebb6 - hackernews - Querying time window: 2026-09-26 13:26:04 to 2026-09-26 14:26:04 (1790429164 to 1790432764)...
2026-09-28 10:20:03 +0000 - dagster - INFO - __ASSET_JOB - 5c32f4a1-b452-4f81-ae66-6270aadaebb6 - hackernews - Making GET request to https://hn.algolia.com/api/v1/search_by_date?numericFilters=created_at_i%3E%3D1790429164%2Ccreated_at_i%3C1790432764&hitsPerPage=1000
2026-09-28 10:20:03 +0000 - dagster - INFO - __ASSET_JOB - 5c32f4a1-b452-4f81-ae66-6270aadaebb6 - hackernews - Retrieved 505 items in this window.
2026-09-28 10:20:03 +0000 - dagster - INFO - __ASSET_JOB - 5c32f4a1-b452-4f81-ae66-6270aadaebb6 - hackernews - Querying time window: 2026-09-26 14:26:04 to 2026-09-26 15:26:04 (1790432764 to 1790436364)...
2026-09-28 10:20:03 +0000 - dagster - INFO - __ASSET_JOB - 5c32f4a1-b452-4f81-ae66-6270aadaebb6 - hackernews - Making GET request to https://hn.algolia.com/api/v1/search_by_date?numericFilters=created_at_i%3E%3D1790432764%2Ccreated_at_i%3C1790436364&hitsPerPage=1000
2026-09-28 10:20:03 +0000 - dagster - INFO - __ASSET_JOB - 5c32f4a1-b452-4f81-ae66-6270aadaebb6 - hackernews - Retrieved 510 items in this window.
2026-09-28 10:20:03 +0000 - dagster - INFO - __ASSET_JOB - 5c32f4a1-b452-4f81-ae66-6270aadaebb6 - hackernews - Querying time window: 2026-09-26 15:26:04 to 2026-09-26 16:26:04 (1790436364 to 1790439964)...
2026-09-28 10:20:03 +0000 - dagster - INFO - __ASSET_JOB - 5c32f4a1-b452-4f81-ae66-6270aadaebb6 - hackernews - Making GET request to https://hn.algolia.com/api/v1/search_by_date?numericFilters=created_at_i%3E%3D1790436364%2Ccreated_at_i%3C1790439964&hitsPerPage=1000
2026-09-28 10:20:04 +0000 - dagster - INFO - __ASSET_JOB - 5c32f4a1-b452-4f81-ae66-6270aadaebb6 - hackernews - Retrieved 526 items in this window.
2026-09-28 10:20:04 +0000 - dagster - INFO - __ASSET_JOB - 5c32f4a1-b452-4f81-ae66-6270aadaebb6 - hackernews - Querying time window: 2026-09-26 16:26:04 to 2026-09-26 17:26:04 (1790439964 to 1790443564)...
2026-09-28 10:20:04 +0000 - dagster - INFO - __ASSET_JOB - 5c32f4a1-b452-4f81-ae66-6270aadaebb6 - hackernews - Making GET request to https://hn.algolia.com/api/v1/search_by_date?numericFilters=created_at_i%3E%3D1790439964%2Ccreated_at_i%3C1790443564&hitsPerPage=1000
2026-09-28 10:20:04 +0000 - dagster - INFO - __ASSET_JOB - 5c32f4a1-b452-4f81-ae66-6270aadaebb6 - hackernews - Retrieved 569 items in this window.
2026-09-28 10:20:04 +0000 - dagster - INFO - __ASSET_JOB - 5c32f4a1-b452-4f81-ae66-6270aadaebb6 - hackernews - Querying time window: 2026-09-26 17:26:04 to 2026-09-26 18:26:04 (1790443564 to 1790447164)...
2026-09-28 10:20:04 +0000 - dagster - INFO - __ASSET_JOB - 5c32f4a1-b452-4f81-ae66-6270aadaebb6 - hackernews - Making GET request to https://hn.algolia.com/api/v1/search_by_date?numericFilters=created_at_i%3E%3D1790443564%2Ccreated_at_i%3C1790447164&hitsPerPage=1000
2026-09-28 10:20:05 +0000 - dagster - INFO - __ASSET_JOB - 5c32f4a1-b452-4f81-ae66-6270aadaebb6 - hackernews - Retrieved 425 items in this window.
2026-09-28 10:20:05 +0000 - dagster - INFO - __ASSET_JOB - 5c32f4a1-b452-4f81-ae66-6270aadaebb6 - hackernews - Querying time window: 2026-09-26 18:26:04 to 2026-09-26 19:26:04 (1790447164 to 1790450764)...
2026-09-28 10:20:05 +0000 - dagster - INFO - __ASSET_JOB - 5c32f4a1-b452-4f81-ae66-6270aadaebb6 - hackernews - Making GET request to https://hn.algolia.com/api/v1/search_by_date?numericFilters=created_at_i%3E%3D1790447164%2Ccreated_at_i%3C1790450764&hitsPerPage=1000
2026-09-28 10:20:05 +0000 - dagster - INFO - __ASSET_JOB - 5c32f4a1-b452-4f81-ae66-6270aadaebb6 - hackernews - Retrieved 523 items in this window.
2026-09-28 10:20:05 +0000 - dagster - INFO - __ASSET_JOB - 5c32f4a1-b452-4f81-ae66-6270aadaebb6 - hackernews - Querying time window: 2026-09-26 19:26:04 to 2026-09-26 20:26:04 (1790450764 to 1790454364)...
2026-09-28 10:20:05 +0000 - dagster - INFO - __ASSET_JOB - 5c32f4a1-b452-4f81-ae66-6270aadaebb6 - hackernews - Making GET request to https://hn.algolia.com/api/v1/search_by_date?numericFilters=created_at_i%3E%3D1790450764%2Ccreated_at_i%3C1790454364&hitsPerPage=1000
2026-09-28 10:20:06 +0000 - dagster - INFO - __ASSET_JOB - 5c32f4a1-b452-4f81-ae66-6270aadaebb6 - hackernews - Retrieved 472 items in this window.
2026-09-28 10:20:06 +0000 - dagster - INFO - __ASSET_JOB - 5c32f4a1-b452-4f81-ae66-6270aadaebb6 - hackernews - Querying time window: 2026-09-26 20:26:04 to 2026-09-26 21:26:04 (1790454364 to 1790457964)...
2026-09-28 10:20:06 +0000 - dagster - INFO - __ASSET_JOB - 5c32f4a1-b452-4f81-ae66-6270aadaebb6 - hackernews - Making GET request to https://hn.algolia.com/api/v1/search_by_date?numericFilters=created_at_i%3E%3D1790454364%2Ccreated_at_i%3C1790457964&hitsPerPage=1000
2026-09-28 10:20:06 +0000 - dagster - INFO - __ASSET_JOB - 5c32f4a1-b452-4f81-ae66-6270aadaebb6 - hackernews - Retrieved 414 items in this window.
2026-09-28 10:20:06 +0000 - dagster - INFO - __ASSET_JOB - 5c32f4a1-b452-4f81-ae66-6270aadaebb6 - hackernews - Querying time window: 2026-09-26 21:26:04 to 2026-09-26 22:26:04 (1790457964 to 1790461564)...
2026-09-28 10:20:06 +0000 - dagster - INFO - __ASSET_JOB - 5c32f4a1-b452-4f81-ae66-6270aadaebb6 - hackernews - Making GET request to https://hn.algolia.com/api/v1/search_by_date?numericFilters=created_at_i%3E%3D1790457964%2Ccreated_at_i%3C1790461564&hitsPerPage=1000
2026-09-28 10:20:06 +0000 - dagster - INFO - __ASSET_JOB - 5c32f4a1-b452-4f81-ae66-6270aadaebb6 - hackernews - Retrieved 404 items in this window.
2026-09-28 10:20:06 +0000 - dagster - INFO - __ASSET_JOB - 5c32f4a1-b452-4f81-ae66-6270aadaebb6 - hackernews - Querying time window: 2026-09-26 22:26:04 to 2026-09-26 23:26:04 (1790461564 to 1790465164)...
2026-09-28 10:20:06 +0000 - dagster - INFO - __ASSET_JOB - 5c32f4a1-b452-4f81-ae66-6270aadaebb6 - hackernews - Making GET request to https://hn.algolia.com/api/v1/search_by_date?numericFilters=created_at_i%3E%3D1790461564%2Ccreated_at_i%3C1790465164&hitsPerPage=1000
2026-09-28 10:20:07 +0000 - dagster - INFO - __ASSET_JOB - 5c32f4a1-b452-4f81-ae66-6270aadaebb6 - hackernews - Retrieved 395 items in this window.
2026-09-28 10:20:07 +0000 - dagster - INFO - __ASSET_JOB - 5c32f4a1-b452-4f81-ae66-6270aadaebb6 - hackernews - Querying time window: 2026-09-26 23:26:04 to 2026-09-27 00:26:04 (1790465164 to 1790468764)...
2026-09-28 10:20:07 +0000 - dagster - INFO - __ASSET_JOB - 5c32f4a1-b452-4f81-ae66-6270aadaebb6 - hackernews - Making GET request to https://hn.algolia.com/api/v1/search_by_date?numericFilters=created_at_i%3E%3D1790465164%2Ccreated_at_i%3C1790468764&hitsPerPage=1000
2026-09-28 10:20:07 +0000 - dagster - INFO - __ASSET_JOB - 5c32f4a1-b452-4f81-ae66-6270aadaebb6 - hackernews - Retrieved 350 items in this window.
2026-09-28 10:20:07 +0000 - dagster - INFO - __ASSET_JOB - 5c32f4a1-b452-4f81-ae66-6270aadaebb6 - hackernews - Querying time window: 2026-09-27 00:26:04 to 2026-09-27 01:26:04 (1790468764 to 1790472364)...
2026-09-28 10:20:07 +0000 - dagster - INFO - __ASSET_JOB - 5c32f4a1-b452-4f81-ae66-6270aadaebb6 - hackernews - Making GET request to https://hn.algolia.com/api/v1/search_by_date?numericFilters=created_at_i%3E%3D1790468764%2Ccreated_at_i%3C1790472364&hitsPerPage=1000
2026-09-28 10:20:08 +0000 - dagster - INFO - __ASSET_JOB - 5c32f4a1-b452-4f81-ae66-6270aadaebb6 - hackernews - Retrieved 379 items in this window.
2026-09-28 10:20:08 +0000 - dagster - INFO - __ASSET_JOB - 5c32f4a1-b452-4f81-ae66-6270aadaebb6 - hackernews - Querying time window: 2026-09-27 01:26:04 to 2026-09-27 02:26:04 (1790472364 to 1790475964)...
2026-09-28 10:20:08 +0000 - dagster - INFO - __ASSET_JOB - 5c32f4a1-b452-4f81-ae66-6270aadaebb6 - hackernews - Making GET request to https://hn.algolia.com/api/v1/search_by_date?numericFilters=created_at_i%3E%3D1790472364%2Ccreated_at_i%3C1790475964&hitsPerPage=1000
2026-09-28 10:20:08 +0000 - dagster - INFO - __ASSET_JOB - 5c32f4a1-b452-4f81-ae66-6270aadaebb6 - hackernews - Retrieved 301 items in this window.
2026-09-28 10:20:08 +0000 - dagster - INFO - __ASSET_JOB - 5c32f4a1-b452-4f81-ae66-6270aadaebb6 - hackernews - Querying time window: 2026-09-27 02:26:04 to 2026-09-27 03:26:04 (1790475964 to 1790479564)...
2026-09-28 10:20:08 +0000 - dagster - INFO - __ASSET_JOB - 5c32f4a1-b452-4f81-ae66-6270aadaebb6 - hackernews - Making GET request to https://hn.algolia.com/api/v1/search_by_date?numericFilters=created_at_i%3E%3D1790475964%2Ccreated_at_i%3C1790479564&hitsPerPage=1000
2026-09-28 10:20:08 +0000 - dagster - INFO - __ASSET_JOB - 5c32f4a1-b452-4f81-ae66-6270aadaebb6 - hackernews - Retrieved 309 items in this window.
2026-09-28 10:20:08 +0000 - dagster - INFO - __ASSET_JOB - 5c32f4a1-b452-4f81-ae66-6270aadaebb6 - hackernews - Querying time window: 2026-09-27 03:26:04 to 2026-09-27 04:26:04 (1790479564 to 1790483164)...
2026-09-28 10:20:08 +0000 - dagster - INFO - __ASSET_JOB - 5c32f4a1-b452-4f81-ae66-6270aadaebb6 - hackernews - Making GET request to https://hn.algolia.com/api/v1/search_by_date?numericFilters=created_at_i%3E%3D1790479564%2Ccreated_at_i%3C1790483164&hitsPerPage=1000
2026-09-28 10:20:09 +0000 - dagster - INFO - __ASSET_JOB - 5c32f4a1-b452-4f81-ae66-6270aadaebb6 - hackernews - Retrieved 230 items in this window.
2026-09-28 10:20:09 +0000 - dagster - INFO - __ASSET_JOB - 5c32f4a1-b452-4f81-ae66-6270aadaebb6 - hackernews - Querying time window: 2026-09-27 04:26:04 to 2026-09-27 05:26:04 (1790483164 to 1790486764)...
2026-09-28 10:20:09 +0000 - dagster - INFO - __ASSET_JOB - 5c32f4a1-b452-4f81-ae66-6270aadaebb6 - hackernews - Making GET request to https://hn.algolia.com/api/v1/search_by_date?numericFilters=created_at_i%3E%3D1790483164%2Ccreated_at_i%3C1790486764&hitsPerPage=1000
2026-09-28 10:20:09 +0000 - dagster - INFO - __ASSET_JOB - 5c32f4a1-b452-4f81-ae66-6270aadaebb6 - hackernews - Retrieved 217 items in this window.
2026-09-28 10:20:09 +0000 - dagster - INFO - __ASSET_JOB - 5c32f4a1-b452-4f81-ae66-6270aadaebb6 - hackernews - Querying time window: 2026-09-27 05:26:04 to 2026-09-27 06:26:04 (1790486764 to 1790490364)...
2026-09-28 10:20:09 +0000 - dagster - INFO - __ASSET_JOB - 5c32f4a1-b452-4f81-ae66-6270aadaebb6 - hackernews - Making GET request to https://hn.algolia.com/api/v1/search_by_date?numericFilters=created_at_i%3E%3D1790486764%2Ccreated_at_i%3C1790490364&hitsPerPage=1000
2026-09-28 10:20:10 +0000 - dagster - INFO - __ASSET_JOB - 5c32f4a1-b452-4f81-ae66-6270aadaebb6 - hackernews - Retrieved 280 items in this window.
2026-09-28 10:20:10 +0000 - dagster - INFO - __ASSET_JOB - 5c32f4a1-b452-4f81-ae66-6270aadaebb6 - hackernews - Querying time window: 2026-09-27 06:26:04 to 2026-09-27 07:26:04 (1790490364 to 1790493964)...
2026-09-28 10:20:10 +0000 - dagster - INFO - __ASSET_JOB - 5c32f4a1-b452-4f81-ae66-6270aadaebb6 - hackernews - Making GET request to https://hn.algolia.com/api/v1/search_by_date?numericFilters=created_at_i%3E%3D1790490364%2Ccreated_at_i%3C1790493964&hitsPerPage=1000
2026-09-28 10:20:11 +0000 - dagster - INFO - __ASSET_JOB - 5c32f4a1-b452-4f81-ae66-6270aadaebb6 - hackernews - Retrieved 275 items in this window.
2026-09-28 10:20:11 +0000 - dagster - INFO - __ASSET_JOB - 5c32f4a1-b452-4f81-ae66-6270aadaebb6 - hackernews - Querying time window: 2026-09-27 07:26:04 to 2026-09-27 08:26:04 (1790493964 to 1790497564)...
2026-09-28 10:20:11 +0000 - dagster - INFO - __ASSET_JOB - 5c32f4a1-b452-4f81-ae66-6270aadaebb6 - hackernews - Making GET request to https://hn.algolia.com/api/v1/search_by_date?numericFilters=created_at_i%3E%3D1790493964%2Ccreated_at_i%3C1790497564&hitsPerPage=1000
2026-09-28 10:20:11 +0000 - dagster - INFO - __ASSET_JOB - 5c32f4a1-b452-4f81-ae66-6270aadaebb6 - hackernews - Retrieved 271 items in this window.
2026-09-28 10:20:11 +0000 - dagster - INFO - __ASSET_JOB - 5c32f4a1-b452-4f81-ae66-6270aadaebb6 - hackernews - Querying time window: 2026-09-27 08:26:04 to 2026-09-27 09:26:04 (1790497564 to 1790501164)...
2026-09-28 10:20:11 +0000 - dagster - INFO - __ASSET_JOB - 5c32f4a1-b452-4f81-ae66-6270aadaebb6 - hackernews - Making GET request to https://hn.algolia.com/api/v1/search_by_date?numericFilters=created_at_i%3E%3D1790497564%2Ccreated_at_i%3C1790501164&hitsPerPage=1000
2026-09-28 10:20:11 +0000 - dagster - INFO - __ASSET_JOB - 5c32f4a1-b452-4f81-ae66-6270aadaebb6 - hackernews - Retrieved 328 items in this window.
2026-09-28 10:20:11 +0000 - dagster - INFO - __ASSET_JOB - 5c32f4a1-b452-4f81-ae66-6270aadaebb6 - hackernews - Querying time window: 2026-09-27 09:26:04 to 2026-09-27 10:26:04 (1790501164 to 1790504764)...
2026-09-28 10:20:11 +0000 - dagster - INFO - __ASSET_JOB - 5c32f4a1-b452-4f81-ae66-6270aadaebb6 - hackernews - Making GET request to https://hn.algolia.com/api/v1/search_by_date?numericFilters=created_at_i%3E%3D1790501164%2Ccreated_at_i%3C1790504764&hitsPerPage=1000
2026-09-28 10:20:12 +0000 - dagster - INFO - __ASSET_JOB - 5c32f4a1-b452-4f81-ae66-6270aadaebb6 - hackernews - Retrieved 376 items in this window.
2026-09-28 10:20:12 +0000 - dagster - INFO - __ASSET_JOB - 5c32f4a1-b452-4f81-ae66-6270aadaebb6 - hackernews - Querying time window: 2026-09-27 10:26:04 to 2026-09-27 11:26:04 (1790504764 to 1790508364)...
2026-09-28 10:20:12 +0000 - dagster - INFO - __ASSET_JOB - 5c32f4a1-b452-4f81-ae66-6270aadaebb6 - hackernews - Making GET request to https://hn.algolia.com/api/v1/search_by_date?numericFilters=created_at_i%3E%3D1790504764%2Ccreated_at_i%3C1790508364&hitsPerPage=1000
2026-09-28 10:20:12 +0000 - dagster - INFO - __ASSET_JOB - 5c32f4a1-b452-4f81-ae66-6270aadaebb6 - hackernews - Retrieved 308 items in this window.
2026-09-28 10:20:12 +0000 - dagster - INFO - __ASSET_JOB - 5c32f4a1-b452-4f81-ae66-6270aadaebb6 - hackernews - Querying time window: 2026-09-27 11:26:04 to 2026-09-27 12:26:04 (1790508364 to 1790511964)...
2026-09-28 10:20:12 +0000 - dagster - INFO - __ASSET_JOB - 5c32f4a1-b452-4f81-ae66-6270aadaebb6 - hackernews - Making GET request to https://hn.algolia.com/api/v1/search_by_date?numericFilters=created_at_i%3E%3D1790508364%2Ccreated_at_i%3C1790511964&hitsPerPage=1000
2026-09-28 10:20:13 +0000 - dagster - INFO - __ASSET_JOB - 5c32f4a1-b452-4f81-ae66-6270aadaebb6 - hackernews - Retrieved 333 items in this window.
2026-09-28 10:20:13 +0000 - dagster - INFO - __ASSET_JOB - 5c32f4a1-b452-4f81-ae66-6270aadaebb6 - hackernews - Querying time window: 2026-09-27 12:26:04 to 2026-09-27 13:26:04 (1790511964 to 1790515564)...
2026-09-28 10:20:13 +0000 - dagster - INFO - __ASSET_JOB - 5c32f4a1-b452-4f81-ae66-6270aadaebb6 - hackernews - Making GET request to https://hn.algolia.com/api/v1/search_by_date?numericFilters=created_at_i%3E%3D1790511964%2Ccreated_at_i%3C1790515564&hitsPerPage=1000
2026-09-28 10:20:13 +0000 - dagster - INFO - __ASSET_JOB - 5c32f4a1-b452-4f81-ae66-6270aadaebb6 - hackernews - Retrieved 345 items in this window.
2026-09-28 10:20:13 +0000 - dagster - INFO - __ASSET_JOB - 5c32f4a1-b452-4f81-ae66-6270aadaebb6 - hackernews - Querying time window: 2026-09-27 13:26:04 to 2026-09-27 14:26:04 (1790515564 to 1790519164)...
2026-09-28 10:20:13 +0000 - dagster - INFO - __ASSET_JOB - 5c32f4a1-b452-4f81-ae66-6270aadaebb6 - hackernews - Making GET request to https://hn.algolia.com/api/v1/search_by_date?numericFilters=created_at_i%3E%3D1790515564%2Ccreated_at_i%3C1790519164&hitsPerPage=1000
2026-09-28 10:20:13 +0000 - dagster - INFO - __ASSET_JOB - 5c32f4a1-b452-4f81-ae66-6270aadaebb6 - hackernews - Retrieved 380 items in this window.
2026-09-28 10:20:13 +0000 - dagster - INFO - __ASSET_JOB - 5c32f4a1-b452-4f81-ae66-6270aadaebb6 - hackernews - Querying time window: 2026-09-27 14:26:04 to 2026-09-27 15:26:04 (1790519164 to 1790522764)...
2026-09-28 10:20:13 +0000 - dagster - INFO - __ASSET_JOB - 5c32f4a1-b452-4f81-ae66-6270aadaebb6 - hackernews - Making GET request to https://hn.algolia.com/api/v1/search_by_date?numericFilters=created_at_i%3E%3D1790519164%2Ccreated_at_i%3C1790522764&hitsPerPage=1000
2026-09-28 10:20:14 +0000 - dagster - INFO - __ASSET_JOB - 5c32f4a1-b452-4f81-ae66-6270aadaebb6 - hackernews - Retrieved 494 items in this window.
2026-09-28 10:20:14 +0000 - dagster - INFO - __ASSET_JOB - 5c32f4a1-b452-4f81-ae66-6270aadaebb6 - hackernews - Querying time window: 2026-09-27 15:26:04 to 2026-09-27 16:26:04 (1790522764 to 1790526364)...
2026-09-28 10:20:14 +0000 - dagster - INFO - __ASSET_JOB - 5c32f4a1-b452-4f81-ae66-6270aadaebb6 - hackernews - Making GET request to https://hn.algolia.com/api/v1/search_by_date?numericFilters=created_at_i%3E%3D1790522764%2Ccreated_at_i%3C1790526364&hitsPerPage=1000
2026-09-28 10:20:14 +0000 - dagster - INFO - __ASSET_JOB - 5c32f4a1-b452-4f81-ae66-6270aadaebb6 - hackernews - Retrieved 590 items in this window.
2026-09-28 10:20:14 +0000 - dagster - INFO - __ASSET_JOB - 5c32f4a1-b452-4f81-ae66-6270aadaebb6 - hackernews - Querying time window: 2026-09-27 16:26:04 to 2026-09-27 17:26:04 (1790526364 to 1790529964)...
2026-09-28 10:20:14 +0000 - dagster - INFO - __ASSET_JOB - 5c32f4a1-b452-4f81-ae66-6270aadaebb6 - hackernews - Making GET request to https://hn.algolia.com/api/v1/search_by_date?numericFilters=created_at_i%3E%3D1790526364%2Ccreated_at_i%3C1790529964&hitsPerPage=1000
2026-09-28 10:20:15 +0000 - dagster - INFO - __ASSET_JOB - 5c32f4a1-b452-4f81-ae66-6270aadaebb6 - hackernews - Retrieved 536 items in this window.
2026-09-28 10:20:15 +0000 - dagster - INFO - __ASSET_JOB - 5c32f4a1-b452-4f81-ae66-6270aadaebb6 - hackernews - Querying time window: 2026-09-27 17:26:04 to 2026-09-27 18:26:04 (1790529964 to 1790533564)...
2026-09-28 10:20:15 +0000 - dagster - INFO - __ASSET_JOB - 5c32f4a1-b452-4f81-ae66-6270aadaebb6 - hackernews - Making GET request to https://hn.algolia.com/api/v1/search_by_date?numericFilters=created_at_i%3E%3D1790529964%2Ccreated_at_i%3C1790533564&hitsPerPage=1000
2026-09-28 10:20:15 +0000 - dagster - INFO - __ASSET_JOB - 5c32f4a1-b452-4f81-ae66-6270aadaebb6 - hackernews - Retrieved 558 items in this window.
2026-09-28 10:20:15 +0000 - dagster - INFO - __ASSET_JOB - 5c32f4a1-b452-4f81-ae66-6270aadaebb6 - hackernews - Querying time window: 2026-09-27 18:26:04 to 2026-09-27 19:26:04 (1790533564 to 1790537164)...
2026-09-28 10:20:15 +0000 - dagster - INFO - __ASSET_JOB - 5c32f4a1-b452-4f81-ae66-6270aadaebb6 - hackernews - Making GET request to https://hn.algolia.com/api/v1/search_by_date?numericFilters=created_at_i%3E%3D1790533564%2Ccreated_at_i%3C1790537164&hitsPerPage=1000
2026-09-28 10:20:16 +0000 - dagster - INFO - __ASSET_JOB - 5c32f4a1-b452-4f81-ae66-6270aadaebb6 - hackernews - Retrieved 533 items in this window.
2026-09-28 10:20:16 +0000 - dagster - INFO - __ASSET_JOB - 5c32f4a1-b452-4f81-ae66-6270aadaebb6 - hackernews - Querying time window: 2026-09-27 19:26:04 to 2026-09-27 20:26:04 (1790537164 to 1790540764)...
2026-09-28 10:20:16 +0000 - dagster - INFO - __ASSET_JOB - 5c32f4a1-b452-4f81-ae66-6270aadaebb6 - hackernews - Making GET request to https://hn.algolia.com/api/v1/search_by_date?numericFilters=created_at_i%3E%3D1790537164%2Ccreated_at_i%3C1790540764&hitsPerPage=1000
2026-09-28 10:20:16 +0000 - dagster - INFO - __ASSET_JOB - 5c32f4a1-b452-4f81-ae66-6270aadaebb6 - hackernews - Retrieved 473 items in this window.
2026-09-28 10:20:16 +0000 - dagster - INFO - __ASSET_JOB - 5c32f4a1-b452-4f81-ae66-6270aadaebb6 - hackernews - Querying time window: 2026-09-27 20:26:04 to 2026-09-27 21:26:04 (1790540764 to 1790544364)...
2026-09-28 10:20:16 +0000 - dagster - INFO - __ASSET_JOB - 5c32f4a1-b452-4f81-ae66-6270aadaebb6 - hackernews - Making GET request to https://hn.algolia.com/api/v1/search_by_date?numericFilters=created_at_i%3E%3D1790540764%2Ccreated_at_i%3C1790544364&hitsPerPage=1000
2026-09-28 10:20:17 +0000 - dagster - INFO - __ASSET_JOB - 5c32f4a1-b452-4f81-ae66-6270aadaebb6 - hackernews - Retrieved 479 items in this window.
2026-09-28 10:20:17 +0000 - dagster - INFO - __ASSET_JOB - 5c32f4a1-b452-4f81-ae66-6270aadaebb6 - hackernews - Querying time window: 2026-09-27 21:26:04 to 2026-09-27 22:26:04 (1790544364 to 1790547964)...
2026-09-28 10:20:17 +0000 - dagster - INFO - __ASSET_JOB - 5c32f4a1-b452-4f81-ae66-6270aadaebb6 - hackernews - Making GET request to https://hn.algolia.com/api/v1/search_by_date?numericFilters=created_at_i%3E%3D1790544364%2Ccreated_at_i%3C1790547964&hitsPerPage=1000
2026-09-28 10:20:17 +0000 - dagster - INFO - __ASSET_JOB - 5c32f4a1-b452-4f81-ae66-6270aadaebb6 - hackernews - Retrieved 369 items in this window.
2026-09-28 10:20:17 +0000 - dagster - INFO - __ASSET_JOB - 5c32f4a1-b452-4f81-ae66-6270aadaebb6 - hackernews - Querying time window: 2026-09-27 22:26:04 to 2026-09-27 23:26:04 (1790547964 to 1790551564)...
2026-09-28 10:20:17 +0000 - dagster - INFO - __ASSET_JOB - 5c32f4a1-b452-4f81-ae66-6270aadaebb6 - hackernews - Making GET request to https://hn.algolia.com/api/v1/search_by_date?numericFilters=created_at_i%3E%3D1790547964%2Ccreated_at_i%3C1790551564&hitsPerPage=1000
2026-09-28 10:20:17 +0000 - dagster - INFO - __ASSET_JOB - 5c32f4a1-b452-4f81-ae66-6270aadaebb6 - hackernews - Retrieved 374 items in this window.
2026-09-28 10:20:18 +0000 - dagster - INFO - __ASSET_JOB - 5c32f4a1-b452-4f81-ae66-6270aadaebb6 - hackernews - Querying time window: 2026-09-27 23:26:04 to 2026-09-28 00:26:04 (1790551564 to 1790555164)...
2026-09-28 10:20:18 +0000 - dagster - INFO - __ASSET_JOB - 5c32f4a1-b452-4f81-ae66-6270aadaebb6 - hackernews - Making GET request to https://hn.algolia.com/api/v1/search_by_date?numericFilters=created_at_i%3E%3D1790551564%2Ccreated_at_i%3C1790555164&hitsPerPage=1000
2026-09-28 10:20:18 +0000 - dagster - INFO - __ASSET_JOB - 5c32f4a1-b452-4f81-ae66-6270aadaebb6 - hackernews - Retrieved 329 items in this window.
2026-09-28 10:20:18 +0000 - dagster - INFO - __ASSET_JOB - 5c32f4a1-b452-4f81-ae66-6270aadaebb6 - hackernews - Querying time window: 2026-09-28 00:26:04 to 2026-09-28 01:26:04 (1790555164 to 1790558764)...
2026-09-28 10:20:18 +0000 - dagster - INFO - __ASSET_JOB - 5c32f4a1-b452-4f81-ae66-6270aadaebb6 - hackernews - Making GET request to https://hn.algolia.com/api/v1/search_by_date?numericFilters=created_at_i%3E%3D1790555164%2Ccreated_at_i%3C1790558764&hitsPerPage=1000
2026-09-28 10:20:18 +0000 - dagster - INFO - __ASSET_JOB - 5c32f4a1-b452-4f81-ae66-6270aadaebb6 - hackernews - Retrieved 259 items in this window.
2026-09-28 10:20:18 +0000 - dagster - INFO - __ASSET_JOB - 5c32f4a1-b452-4f81-ae66-6270aadaebb6 - hackernews - Querying time window: 2026-09-28 01:26:04 to 2026-09-28 02:26:04 (1790558764 to 1790562364)...
2026-09-28 10:20:18 +0000 - dagster - INFO - __ASSET_JOB - 5c32f4a1-b452-4f81-ae66-6270aadaebb6 - hackernews - Making GET request to https://hn.algolia.com/api/v1/search_by_date?numericFilters=created_at_i%3E%3D1790558764%2Ccreated_at_i%3C1790562364&hitsPerPage=1000
2026-09-28 10:20:18 +0000 - dagster - INFO - __ASSET_JOB - 5c32f4a1-b452-4f81-ae66-6270aadaebb6 - hackernews - Retrieved 321 items in this window.
2026-09-28 10:20:19 +0000 - dagster - INFO - __ASSET_JOB - 5c32f4a1-b452-4f81-ae66-6270aadaebb6 - hackernews - Querying time window: 2026-09-28 02:26:04 to 2026-09-28 03:26:04 (1790562364 to 1790565964)...
2026-09-28 10:20:19 +0000 - dagster - INFO - __ASSET_JOB - 5c32f4a1-b452-4f81-ae66-6270aadaebb6 - hackernews - Making GET request to https://hn.algolia.com/api/v1/search_by_date?numericFilters=created_at_i%3E%3D1790562364%2Ccreated_at_i%3C1790565964&hitsPerPage=1000
2026-09-28 10:20:19 +0000 - dagster - INFO - __ASSET_JOB - 5c32f4a1-b452-4f81-ae66-6270aadaebb6 - hackernews - Retrieved 363 items in this window.
2026-09-28 10:20:19 +0000 - dagster - INFO - __ASSET_JOB - 5c32f4a1-b452-4f81-ae66-6270aadaebb6 - hackernews - Querying time window: 2026-09-28 03:26:04 to 2026-09-28 04:26:04 (1790565964 to 1790569564)...
2026-09-28 10:20:19 +0000 - dagster - INFO - __ASSET_JOB - 5c32f4a1-b452-4f81-ae66-6270aadaebb6 - hackernews - Making GET request to https://hn.algolia.com/api/v1/search_by_date?numericFilters=created_at_i%3E%3D1790565964%2Ccreated_at_i%3C1790569564&hitsPerPage=1000
2026-09-28 10:20:19 +0000 - dagster - INFO - __ASSET_JOB - 5c32f4a1-b452-4f81-ae66-6270aadaebb6 - hackernews - Retrieved 341 items in this window.
2026-09-28 10:20:19 +0000 - dagster - INFO - __ASSET_JOB - 5c32f4a1-b452-4f81-ae66-6270aadaebb6 - hackernews - Querying time window: 2026-09-28 04:26:04 to 2026-09-28 05:26:04 (1790569564 to 1790573164)...
2026-09-28 10:20:19 +0000 - dagster - INFO - __ASSET_JOB - 5c32f4a1-b452-4f81-ae66-6270aadaebb6 - hackernews - Making GET request to https://hn.algolia.com/api/v1/search_by_date?numericFilters=created_at_i%3E%3D1790569564%2Ccreated_at_i%3C1790573164&hitsPerPage=1000
2026-09-28 10:20:20 +0000 - dagster - INFO - __ASSET_JOB - 5c32f4a1-b452-4f81-ae66-6270aadaebb6 - hackernews - Retrieved 308 items in this window.
2026-09-28 10:20:20 +0000 - dagster - INFO - __ASSET_JOB - 5c32f4a1-b452-4f81-ae66-6270aadaebb6 - hackernews - Querying time window: 2026-09-28 05:26:04 to 2026-09-28 06:26:04 (1790573164 to 1790576764)...
2026-09-28 10:20:20 +0000 - dagster - INFO - __ASSET_JOB - 5c32f4a1-b452-4f81-ae66-6270aadaebb6 - hackernews - Making GET request to https://hn.algolia.com/api/v1/search_by_date?numericFilters=created_at_i%3E%3D1790573164%2Ccreated_at_i%3C1790576764&hitsPerPage=1000
2026-09-28 10:20:20 +0000 - dagster - INFO - __ASSET_JOB - 5c32f4a1-b452-4f81-ae66-6270aadaebb6 - hackernews - Retrieved 288 items in this window.
2026-09-28 10:20:20 +0000 - dagster - INFO - __ASSET_JOB - 5c32f4a1-b452-4f81-ae66-6270aadaebb6 - hackernews - Querying time window: 2026-09-28 06:26:04 to 2026-09-28 07:26:04 (1790576764 to 1790580364)...
2026-09-28 10:20:20 +0000 - dagster - INFO - __ASSET_JOB - 5c32f4a1-b452-4f81-ae66-6270aadaebb6 - hackernews - Making GET request to https://hn.algolia.com/api/v1/search_by_date?numericFilters=created_at_i%3E%3D1790576764%2Ccreated_at_i%3C1790580364&hitsPerPage=1000
2026-09-28 10:20:20 +0000 - dagster - INFO - __ASSET_JOB - 5c32f4a1-b452-4f81-ae66-6270aadaebb6 - hackernews - Retrieved 316 items in this window.
2026-09-28 10:20:20 +0000 - dagster - INFO - __ASSET_JOB - 5c32f4a1-b452-4f81-ae66-6270aadaebb6 - hackernews - Querying time window: 2026-09-28 07:26:04 to 2026-09-28 08:26:04 (1790580364 to 1790583964)...
2026-09-28 10:20:20 +0000 - dagster - INFO - __ASSET_JOB - 5c32f4a1-b452-4f81-ae66-6270aadaebb6 - hackernews - Making GET request to https://hn.algolia.com/api/v1/search_by_date?numericFilters=created_at_i%3E%3D1790580364%2Ccreated_at_i%3C1790583964&hitsPerPage=1000
2026-09-28 10:20:21 +0000 - dagster - INFO - __ASSET_JOB - 5c32f4a1-b452-4f81-ae66-6270aadaebb6 - hackernews - Retrieved 362 items in this window.
2026-09-28 10:20:21 +0000 - dagster - INFO - __ASSET_JOB - 5c32f4a1-b452-4f81-ae66-6270aadaebb6 - hackernews - Querying time window: 2026-09-28 08:26:04 to 2026-09-28 09:26:04 (1790583964 to 1790587564)...
2026-09-28 10:20:21 +0000 - dagster - INFO - __ASSET_JOB - 5c32f4a1-b452-4f81-ae66-6270aadaebb6 - hackernews - Making GET request to https://hn.algolia.com/api/v1/search_by_date?numericFilters=created_at_i%3E%3D1790583964%2Ccreated_at_i%3C1790587564&hitsPerPage=1000
2026-09-28 10:20:21 +0000 - dagster - INFO - __ASSET_JOB - 5c32f4a1-b452-4f81-ae66-6270aadaebb6 - hackernews - Retrieved 357 items in this window.
2026-09-28 10:20:21 +0000 - dagster - INFO - __ASSET_JOB - 5c32f4a1-b452-4f81-ae66-6270aadaebb6 - hackernews - Querying time window: 2026-09-28 09:26:04 to 2026-09-28 10:19:04 (1790587564 to 1790590744)...
2026-09-28 10:20:21 +0000 - dagster - INFO - __ASSET_JOB - 5c32f4a1-b452-4f81-ae66-6270aadaebb6 - hackernews - Making GET request to https://hn.algolia.com/api/v1/search_by_date?numericFilters=created_at_i%3E%3D1790587564%2Ccreated_at_i%3C1790590744&hitsPerPage=1000
2026-09-28 10:20:22 +0000 - dagster - INFO - __ASSET_JOB - 5c32f4a1-b452-4f81-ae66-6270aadaebb6 - hackernews - Retrieved 289 items in this window.
2026-09-28 10:20:22 +0000 - dagster - INFO - __ASSET_JOB - 5c32f4a1-b452-4f81-ae66-6270aadaebb6 - hackernews - Ingested 80959 items. Catch-up completed up to 2026-09-28 10:19:04 (1790590744).
2026-09-28 10:20:22 +0000 - dagster - INFO - __ASSET_JOB - 5c32f4a1-b452-4f81-ae66-6270aadaebb6 - hackernews - Created none pool with 1 workers
2026-09-28 10:20:22 +0000 - dagster - INFO - __ASSET_JOB - 5c32f4a1-b452-4f81-ae66-6270aadaebb6 - hackernews - Running file normalizing
2026-09-28 10:20:22 +0000 - dagster - INFO - __ASSET_JOB - 5c32f4a1-b452-4f81-ae66-6270aadaebb6 - hackernews - Found 1 load packages
2026-09-28 10:20:22 +0000 - dagster - INFO - __ASSET_JOB - 5c32f4a1-b452-4f81-ae66-6270aadaebb6 - hackernews - Found 2 files in schema hackernews_source load_id 1790590744.8882492
2026-09-28 10:20:22 +0000 - dagster - INFO - __ASSET_JOB - 5c32f4a1-b452-4f81-ae66-6270aadaebb6 - hackernews - Created new load package 1790590744.8882492 on loading volume with 2 files
2026-09-28 10:20:22 +0000 - dagster - INFO - __ASSET_JOB - 5c32f4a1-b452-4f81-ae66-6270aadaebb6 - hackernews - Created items normalizer JsonLItemsNormalizer with writer ParquetDataWriter for item format object and file format parquet on table items
2026-09-28 10:20:26 +0000 - dagster - INFO - __ASSET_JOB - 5c32f4a1-b452-4f81-ae66-6270aadaebb6 - hackernews - A file format for table _dlt_pipeline_state was specified to preferred in the resource so parquet format being used.
2026-09-28 10:20:26 +0000 - dagster - INFO - __ASSET_JOB - 5c32f4a1-b452-4f81-ae66-6270aadaebb6 - hackernews - Created items normalizer JsonLItemsNormalizer with writer ParquetDataWriter for item format object and file format parquet on table _dlt_pipeline_state
2026-09-28 10:20:26 +0000 - dagster - INFO - __ASSET_JOB - 5c32f4a1-b452-4f81-ae66-6270aadaebb6 - hackernews - Processed all items in 2 files
2026-09-28 10:20:26 +0000 - dagster - INFO - __ASSET_JOB - 5c32f4a1-b452-4f81-ae66-6270aadaebb6 - hackernews - Schema hackernews_source with version 3 was not modified. Save skipped
2026-09-28 10:20:26 +0000 - dagster - INFO - __ASSET_JOB - 5c32f4a1-b452-4f81-ae66-6270aadaebb6 - hackernews - Committing storage, do not kill this process
2026-09-28 10:20:26 +0000 - dagster - INFO - __ASSET_JOB - 5c32f4a1-b452-4f81-ae66-6270aadaebb6 - hackernews - Extracted package 1790590744.8882492 processed
2026-09-28 10:20:26 +0000 - dagster - INFO - __ASSET_JOB - 5c32f4a1-b452-4f81-ae66-6270aadaebb6 - hackernews - Closing processing pool
2026-09-28 10:20:26 +0000 - dagster - INFO - __ASSET_JOB - 5c32f4a1-b452-4f81-ae66-6270aadaebb6 - hackernews - Processing pool closed
2026-09-28 10:20:26 +0000 - dagster - INFO - __ASSET_JOB - 5c32f4a1-b452-4f81-ae66-6270aadaebb6 - hackernews - Created thread pool with 20 workers
2026-09-28 10:20:26 +0000 - dagster - INFO - __ASSET_JOB - 5c32f4a1-b452-4f81-ae66-6270aadaebb6 - hackernews - Running file loading
2026-09-28 10:20:26 +0000 - dagster - INFO - __ASSET_JOB - 5c32f4a1-b452-4f81-ae66-6270aadaebb6 - hackernews - Found 1 load packages
2026-09-28 10:20:26 +0000 - dagster - INFO - __ASSET_JOB - 5c32f4a1-b452-4f81-ae66-6270aadaebb6 - hackernews - Loading schema from load package in 1790590744.8882492
2026-09-28 10:20:26 +0000 - dagster - INFO - __ASSET_JOB - 5c32f4a1-b452-4f81-ae66-6270aadaebb6 - hackernews - Loaded schema name hackernews_source and version 3
2026-09-28 10:20:26 +0000 - dagster - INFO - __ASSET_JOB - 5c32f4a1-b452-4f81-ae66-6270aadaebb6 - hackernews - Client for ducklake will start initialize storage 
2026-09-28 10:20:26 +0000 - dagster - INFO - __ASSET_JOB - 5c32f4a1-b452-4f81-ae66-6270aadaebb6 - hackernews - Client for ducklake will update schema to package schema 
2026-09-28 10:20:26 +0000 - dagster - INFO - __ASSET_JOB - 5c32f4a1-b452-4f81-ae66-6270aadaebb6 - hackernews - Schema with hash 6By9nwqTTrhznnSPDpfURqHpWrsY2BVikyibecXijOE= inserted at 2026-08-10 23:15:46.025744+00:00 found in storage, no upgrade required
2026-09-28 10:20:26 +0000 - dagster - INFO - __ASSET_JOB - 5c32f4a1-b452-4f81-ae66-6270aadaebb6 - hackernews - Client for ducklake will start initialize storage for staging dataset
2026-09-28 10:20:26 +0000 - dagster - INFO - __ASSET_JOB - 5c32f4a1-b452-4f81-ae66-6270aadaebb6 - hackernews - Client for ducklake will update schema to package schema for staging dataset
2026-09-28 10:20:26 +0000 - dagster - INFO - __ASSET_JOB - 5c32f4a1-b452-4f81-ae66-6270aadaebb6 - hackernews - Schema with hash 6By9nwqTTrhznnSPDpfURqHpWrsY2BVikyibecXijOE= not found in the storage. upgrading
2026-09-28 10:20:26 +0000 - dagster - INFO - __ASSET_JOB - 5c32f4a1-b452-4f81-ae66-6270aadaebb6 - hackernews - Found 13 updates for items in hackernews_source
2026-09-28 10:20:26 +0000 - dagster - INFO - __ASSET_JOB - 5c32f4a1-b452-4f81-ae66-6270aadaebb6 - hackernews - Found 6 updates for _dlt_version in hackernews_source
2026-09-28 10:20:26 +0000 - dagster - INFO - __ASSET_JOB - 5c32f4a1-b452-4f81-ae66-6270aadaebb6 - hackernews - Client for ducklake will truncate tables for staging dataset
2026-09-28 10:20:26 +0000 - dagster - INFO - __ASSET_JOB - 5c32f4a1-b452-4f81-ae66-6270aadaebb6 - hackernews - 0 started jobs found, which should be continued
2026-09-28 10:20:26 +0000 - dagster - INFO - __ASSET_JOB - 5c32f4a1-b452-4f81-ae66-6270aadaebb6 - hackernews - Will complete 0 for 1790590744.8882492
2026-09-28 10:20:26 +0000 - dagster - INFO - __ASSET_JOB - 5c32f4a1-b452-4f81-ae66-6270aadaebb6 - hackernews - Will load additional 1, creating jobs
2026-09-28 10:20:26 +0000 - dagster - INFO - __ASSET_JOB - 5c32f4a1-b452-4f81-ae66-6270aadaebb6 - hackernews - Will load file 1790590744.8882492/new_jobs/items.696ba788a7.0.parquet with table name items
2026-09-28 10:20:26 +0000 - dagster - INFO - __ASSET_JOB - 5c32f4a1-b452-4f81-ae66-6270aadaebb6 - hackernews - Will complete 1 for 1790590744.8882492
2026-09-28 10:20:26 +0000 - dagster - INFO - __ASSET_JOB - 5c32f4a1-b452-4f81-ae66-6270aadaebb6 - hackernews - Job items.696ba788a7.parquet CREATED a new FOLLOWUP JOB /tmp/items.2ccaabc008.0.sql placed in new_jobs
2026-09-28 10:20:26 +0000 - dagster - INFO - __ASSET_JOB - 5c32f4a1-b452-4f81-ae66-6270aadaebb6 - hackernews - Job for items.696ba788a7.parquet completed in load 1790590744.8882492
2026-09-28 10:20:26 +0000 - dagster - INFO - __ASSET_JOB - 5c32f4a1-b452-4f81-ae66-6270aadaebb6 - hackernews - Will load additional 1, creating jobs
2026-09-28 10:20:26 +0000 - dagster - INFO - __ASSET_JOB - 5c32f4a1-b452-4f81-ae66-6270aadaebb6 - hackernews - Will load file 1790590744.8882492/new_jobs/_dlt_pipeline_state.20c458f100.0.parquet with table name _dlt_pipeline_state
2026-09-28 10:20:27 +0000 - dagster - INFO - __ASSET_JOB - 5c32f4a1-b452-4f81-ae66-6270aadaebb6 - hackernews - Will complete 1 for 1790590744.8882492
2026-09-28 10:20:27 +0000 - dagster - INFO - __ASSET_JOB - 5c32f4a1-b452-4f81-ae66-6270aadaebb6 - hackernews - Job for _dlt_pipeline_state.20c458f100.parquet completed in load 1790590744.8882492
2026-09-28 10:20:27 +0000 - dagster - INFO - __ASSET_JOB - 5c32f4a1-b452-4f81-ae66-6270aadaebb6 - hackernews - Will load additional 1, creating jobs
2026-09-28 10:20:27 +0000 - dagster - INFO - __ASSET_JOB - 5c32f4a1-b452-4f81-ae66-6270aadaebb6 - hackernews - Will load file 1790590744.8882492/new_jobs/items.2ccaabc008.0.sql with table name items
2026-09-28 10:20:27 +0000 - dagster - INFO - __ASSET_JOB - 5c32f4a1-b452-4f81-ae66-6270aadaebb6 - hackernews - Will complete 1 for 1790590744.8882492
2026-09-28 10:20:27 +0000 - dagster - INFO - __ASSET_JOB - 5c32f4a1-b452-4f81-ae66-6270aadaebb6 - hackernews - Job for items.2ccaabc008.sql completed in load 1790590744.8882492
2026-09-28 10:20:27 +0000 - dagster - INFO - __ASSET_JOB - 5c32f4a1-b452-4f81-ae66-6270aadaebb6 - hackernews - Will load additional 0, creating jobs
2026-09-28 10:20:27 +0000 - dagster - INFO - __ASSET_JOB - 5c32f4a1-b452-4f81-ae66-6270aadaebb6 - hackernews - All jobs completed, archiving package 1790590744.8882492 with aborted set to False
2026-09-28 10:20:27 +0000 - dagster - INFO - __ASSET_JOB - 5c32f4a1-b452-4f81-ae66-6270aadaebb6 - hackernews - Closing processing pool
2026-09-28 10:20:27 +0000 - dagster - INFO - __ASSET_JOB - 5c32f4a1-b452-4f81-ae66-6270aadaebb6 - hackernews - Processing pool closed
2026-09-28 10:20:27 +0000 - dagster - INFO - __ASSET_JOB - 5c32f4a1-b452-4f81-ae66-6270aadaebb6 - dbt_assets - A dbt subsetted execution is not being performed. Using the default dbt selection arguments `['--select', 'fqn:*']`.
2026-09-28 10:20:31 +0000 - dagster - INFO - __ASSET_JOB - 5c32f4a1-b452-4f81-ae66-6270aadaebb6 - dbt_assets - Copying `/home/runner/work/orca/orca/transformation/target/partial_parse.msgpack` to `/home/runner/work/orca/orca/transformation/target/dbt_assets-5c32f4a-f1de03f/partial_parse.msgpack` to take advantage of partial parsing.
2026-09-28 10:20:31 +0000 - dagster - INFO - __ASSET_JOB - 5c32f4a1-b452-4f81-ae66-6270aadaebb6 - dbt_assets - Running dbt command: `dbt build --select fqn:*`.
2026-09-28 10:20:38 +0000 - dagster - INFO - __ASSET_JOB - 5c32f4a1-b452-4f81-ae66-6270aadaebb6 - dbt_assets - Finished dbt command: `dbt build --select fqn:*`.
