2026-08-31 10:16:13 +0000 - dagster - INFO - __ASSET_JOB - 211b6648-0646-498d-aa45-01f287b3507b - hackernews - The state was restored from the destination ducklake (dlt.destinations.ducklake):raw
2026-08-31 10:16:13 +0000 - dagster - INFO - __ASSET_JOB - 211b6648-0646-498d-aa45-01f287b3507b - hackernews - The schema hackernews_source version 3 hash 6By9nwqTTrhznnSPDpfURqHpWrsY2BVikyibecXijOE= was restored from the destination ducklake:raw
2026-08-31 10:16:13 +0000 - dagster - INFO - __ASSET_JOB - 211b6648-0646-498d-aa45-01f287b3507b - hackernews - Bind incremental on items with initial_value: 2026-07-01 00:00:00+00:00, start_value: 2026-08-23 15:19:21+00:00, end_value: None, func: max, row_order: None, on_missing: raise, range_start: closed, range_end: open
2026-08-31 10:16:13 +0000 - dagster - INFO - __ASSET_JOB - 211b6648-0646-498d-aa45-01f287b3507b - hackernews - Starting incremental ingestion from 2026-08-23 15:19:21 UTC (1787498361)...
2026-08-31 10:16:13 +0000 - dagster - INFO - __ASSET_JOB - 211b6648-0646-498d-aa45-01f287b3507b - hackernews - Querying time window: 2026-08-23 15:19:21 to 2026-08-23 16:19:21 (1787498361 to 1787501961)...
2026-08-31 10:16:13 +0000 - dagster - INFO - __ASSET_JOB - 211b6648-0646-498d-aa45-01f287b3507b - hackernews - Making GET request to https://hn.algolia.com/api/v1/search_by_date?numericFilters=created_at_i%3E%3D1787498361%2Ccreated_at_i%3C1787501961&hitsPerPage=1000
2026-08-31 10:16:14 +0000 - dagster - INFO - __ASSET_JOB - 211b6648-0646-498d-aa45-01f287b3507b - hackernews - Retrieved 92 items in this window.
2026-08-31 10:16:14 +0000 - dagster - INFO - __ASSET_JOB - 211b6648-0646-498d-aa45-01f287b3507b - hackernews - Querying time window: 2026-08-23 16:19:21 to 2026-08-23 17:19:21 (1787501961 to 1787505561)...
2026-08-31 10:16:14 +0000 - dagster - INFO - __ASSET_JOB - 211b6648-0646-498d-aa45-01f287b3507b - hackernews - Making GET request to https://hn.algolia.com/api/v1/search_by_date?numericFilters=created_at_i%3E%3D1787501961%2Ccreated_at_i%3C1787505561&hitsPerPage=1000
2026-08-31 10:16:14 +0000 - dagster - INFO - __ASSET_JOB - 211b6648-0646-498d-aa45-01f287b3507b - hackernews - Retrieved 100 items in this window.
2026-08-31 10:16:14 +0000 - dagster - INFO - __ASSET_JOB - 211b6648-0646-498d-aa45-01f287b3507b - hackernews - Querying time window: 2026-08-23 17:19:21 to 2026-08-23 18:19:21 (1787505561 to 1787509161)...
2026-08-31 10:16:14 +0000 - dagster - INFO - __ASSET_JOB - 211b6648-0646-498d-aa45-01f287b3507b - hackernews - Making GET request to https://hn.algolia.com/api/v1/search_by_date?numericFilters=created_at_i%3E%3D1787505561%2Ccreated_at_i%3C1787509161&hitsPerPage=1000
2026-08-31 10:16:15 +0000 - dagster - INFO - __ASSET_JOB - 211b6648-0646-498d-aa45-01f287b3507b - hackernews - Retrieved 114 items in this window.
2026-08-31 10:16:15 +0000 - dagster - INFO - __ASSET_JOB - 211b6648-0646-498d-aa45-01f287b3507b - hackernews - Querying time window: 2026-08-23 18:19:21 to 2026-08-23 19:19:21 (1787509161 to 1787512761)...
2026-08-31 10:16:15 +0000 - dagster - INFO - __ASSET_JOB - 211b6648-0646-498d-aa45-01f287b3507b - hackernews - Making GET request to https://hn.algolia.com/api/v1/search_by_date?numericFilters=created_at_i%3E%3D1787509161%2Ccreated_at_i%3C1787512761&hitsPerPage=1000
2026-08-31 10:16:15 +0000 - dagster - INFO - __ASSET_JOB - 211b6648-0646-498d-aa45-01f287b3507b - hackernews - Retrieved 85 items in this window.
2026-08-31 10:16:15 +0000 - dagster - INFO - __ASSET_JOB - 211b6648-0646-498d-aa45-01f287b3507b - hackernews - Querying time window: 2026-08-23 19:19:21 to 2026-08-23 20:19:21 (1787512761 to 1787516361)...
2026-08-31 10:16:15 +0000 - dagster - INFO - __ASSET_JOB - 211b6648-0646-498d-aa45-01f287b3507b - hackernews - Making GET request to https://hn.algolia.com/api/v1/search_by_date?numericFilters=created_at_i%3E%3D1787512761%2Ccreated_at_i%3C1787516361&hitsPerPage=1000
2026-08-31 10:16:15 +0000 - dagster - INFO - __ASSET_JOB - 211b6648-0646-498d-aa45-01f287b3507b - hackernews - Retrieved 138 items in this window.
2026-08-31 10:16:15 +0000 - dagster - INFO - __ASSET_JOB - 211b6648-0646-498d-aa45-01f287b3507b - hackernews - Querying time window: 2026-08-23 20:19:21 to 2026-08-23 21:19:21 (1787516361 to 1787519961)...
2026-08-31 10:16:15 +0000 - dagster - INFO - __ASSET_JOB - 211b6648-0646-498d-aa45-01f287b3507b - hackernews - Making GET request to https://hn.algolia.com/api/v1/search_by_date?numericFilters=created_at_i%3E%3D1787516361%2Ccreated_at_i%3C1787519961&hitsPerPage=1000
2026-08-31 10:16:16 +0000 - dagster - INFO - __ASSET_JOB - 211b6648-0646-498d-aa45-01f287b3507b - hackernews - Retrieved 134 items in this window.
2026-08-31 10:16:16 +0000 - dagster - INFO - __ASSET_JOB - 211b6648-0646-498d-aa45-01f287b3507b - hackernews - Querying time window: 2026-08-23 21:19:21 to 2026-08-23 22:19:21 (1787519961 to 1787523561)...
2026-08-31 10:16:16 +0000 - dagster - INFO - __ASSET_JOB - 211b6648-0646-498d-aa45-01f287b3507b - hackernews - Making GET request to https://hn.algolia.com/api/v1/search_by_date?numericFilters=created_at_i%3E%3D1787519961%2Ccreated_at_i%3C1787523561&hitsPerPage=1000
2026-08-31 10:16:16 +0000 - dagster - INFO - __ASSET_JOB - 211b6648-0646-498d-aa45-01f287b3507b - hackernews - Retrieved 112 items in this window.
2026-08-31 10:16:16 +0000 - dagster - INFO - __ASSET_JOB - 211b6648-0646-498d-aa45-01f287b3507b - hackernews - Querying time window: 2026-08-23 22:19:21 to 2026-08-23 23:19:21 (1787523561 to 1787527161)...
2026-08-31 10:16:16 +0000 - dagster - INFO - __ASSET_JOB - 211b6648-0646-498d-aa45-01f287b3507b - hackernews - Making GET request to https://hn.algolia.com/api/v1/search_by_date?numericFilters=created_at_i%3E%3D1787523561%2Ccreated_at_i%3C1787527161&hitsPerPage=1000
2026-08-31 10:16:16 +0000 - dagster - INFO - __ASSET_JOB - 211b6648-0646-498d-aa45-01f287b3507b - hackernews - Retrieved 94 items in this window.
2026-08-31 10:16:16 +0000 - dagster - INFO - __ASSET_JOB - 211b6648-0646-498d-aa45-01f287b3507b - hackernews - Querying time window: 2026-08-23 23:19:21 to 2026-08-24 00:19:21 (1787527161 to 1787530761)...
2026-08-31 10:16:16 +0000 - dagster - INFO - __ASSET_JOB - 211b6648-0646-498d-aa45-01f287b3507b - hackernews - Making GET request to https://hn.algolia.com/api/v1/search_by_date?numericFilters=created_at_i%3E%3D1787527161%2Ccreated_at_i%3C1787530761&hitsPerPage=1000
2026-08-31 10:16:17 +0000 - dagster - INFO - __ASSET_JOB - 211b6648-0646-498d-aa45-01f287b3507b - hackernews - Retrieved 88 items in this window.
2026-08-31 10:16:17 +0000 - dagster - INFO - __ASSET_JOB - 211b6648-0646-498d-aa45-01f287b3507b - hackernews - Querying time window: 2026-08-24 00:19:21 to 2026-08-24 01:19:21 (1787530761 to 1787534361)...
2026-08-31 10:16:17 +0000 - dagster - INFO - __ASSET_JOB - 211b6648-0646-498d-aa45-01f287b3507b - hackernews - Making GET request to https://hn.algolia.com/api/v1/search_by_date?numericFilters=created_at_i%3E%3D1787530761%2Ccreated_at_i%3C1787534361&hitsPerPage=1000
2026-08-31 10:16:17 +0000 - dagster - INFO - __ASSET_JOB - 211b6648-0646-498d-aa45-01f287b3507b - hackernews - Retrieved 106 items in this window.
2026-08-31 10:16:17 +0000 - dagster - INFO - __ASSET_JOB - 211b6648-0646-498d-aa45-01f287b3507b - hackernews - Querying time window: 2026-08-24 01:19:21 to 2026-08-24 02:19:21 (1787534361 to 1787537961)...
2026-08-31 10:16:17 +0000 - dagster - INFO - __ASSET_JOB - 211b6648-0646-498d-aa45-01f287b3507b - hackernews - Making GET request to https://hn.algolia.com/api/v1/search_by_date?numericFilters=created_at_i%3E%3D1787534361%2Ccreated_at_i%3C1787537961&hitsPerPage=1000
2026-08-31 10:16:18 +0000 - dagster - INFO - __ASSET_JOB - 211b6648-0646-498d-aa45-01f287b3507b - hackernews - Retrieved 93 items in this window.
2026-08-31 10:16:18 +0000 - dagster - INFO - __ASSET_JOB - 211b6648-0646-498d-aa45-01f287b3507b - hackernews - Querying time window: 2026-08-24 02:19:21 to 2026-08-24 03:19:21 (1787537961 to 1787541561)...
2026-08-31 10:16:18 +0000 - dagster - INFO - __ASSET_JOB - 211b6648-0646-498d-aa45-01f287b3507b - hackernews - Making GET request to https://hn.algolia.com/api/v1/search_by_date?numericFilters=created_at_i%3E%3D1787537961%2Ccreated_at_i%3C1787541561&hitsPerPage=1000
2026-08-31 10:16:18 +0000 - dagster - INFO - __ASSET_JOB - 211b6648-0646-498d-aa45-01f287b3507b - hackernews - Retrieved 78 items in this window.
2026-08-31 10:16:18 +0000 - dagster - INFO - __ASSET_JOB - 211b6648-0646-498d-aa45-01f287b3507b - hackernews - Querying time window: 2026-08-24 03:19:21 to 2026-08-24 04:19:21 (1787541561 to 1787545161)...
2026-08-31 10:16:18 +0000 - dagster - INFO - __ASSET_JOB - 211b6648-0646-498d-aa45-01f287b3507b - hackernews - Making GET request to https://hn.algolia.com/api/v1/search_by_date?numericFilters=created_at_i%3E%3D1787541561%2Ccreated_at_i%3C1787545161&hitsPerPage=1000
2026-08-31 10:16:19 +0000 - dagster - INFO - __ASSET_JOB - 211b6648-0646-498d-aa45-01f287b3507b - hackernews - Retrieved 82 items in this window.
2026-08-31 10:16:19 +0000 - dagster - INFO - __ASSET_JOB - 211b6648-0646-498d-aa45-01f287b3507b - hackernews - Querying time window: 2026-08-24 04:19:21 to 2026-08-24 05:19:21 (1787545161 to 1787548761)...
2026-08-31 10:16:19 +0000 - dagster - INFO - __ASSET_JOB - 211b6648-0646-498d-aa45-01f287b3507b - hackernews - Making GET request to https://hn.algolia.com/api/v1/search_by_date?numericFilters=created_at_i%3E%3D1787545161%2Ccreated_at_i%3C1787548761&hitsPerPage=1000
2026-08-31 10:16:19 +0000 - dagster - INFO - __ASSET_JOB - 211b6648-0646-498d-aa45-01f287b3507b - hackernews - Retrieved 96 items in this window.
2026-08-31 10:16:19 +0000 - dagster - INFO - __ASSET_JOB - 211b6648-0646-498d-aa45-01f287b3507b - hackernews - Querying time window: 2026-08-24 05:19:21 to 2026-08-24 06:19:21 (1787548761 to 1787552361)...
2026-08-31 10:16:19 +0000 - dagster - INFO - __ASSET_JOB - 211b6648-0646-498d-aa45-01f287b3507b - hackernews - Making GET request to https://hn.algolia.com/api/v1/search_by_date?numericFilters=created_at_i%3E%3D1787548761%2Ccreated_at_i%3C1787552361&hitsPerPage=1000
2026-08-31 10:16:19 +0000 - dagster - INFO - __ASSET_JOB - 211b6648-0646-498d-aa45-01f287b3507b - hackernews - Retrieved 96 items in this window.
2026-08-31 10:16:19 +0000 - dagster - INFO - __ASSET_JOB - 211b6648-0646-498d-aa45-01f287b3507b - hackernews - Querying time window: 2026-08-24 06:19:21 to 2026-08-24 07:19:21 (1787552361 to 1787555961)...
2026-08-31 10:16:19 +0000 - dagster - INFO - __ASSET_JOB - 211b6648-0646-498d-aa45-01f287b3507b - hackernews - Making GET request to https://hn.algolia.com/api/v1/search_by_date?numericFilters=created_at_i%3E%3D1787552361%2Ccreated_at_i%3C1787555961&hitsPerPage=1000
2026-08-31 10:16:20 +0000 - dagster - INFO - __ASSET_JOB - 211b6648-0646-498d-aa45-01f287b3507b - hackernews - Retrieved 125 items in this window.
2026-08-31 10:16:20 +0000 - dagster - INFO - __ASSET_JOB - 211b6648-0646-498d-aa45-01f287b3507b - hackernews - Querying time window: 2026-08-24 07:19:21 to 2026-08-24 08:19:21 (1787555961 to 1787559561)...
2026-08-31 10:16:20 +0000 - dagster - INFO - __ASSET_JOB - 211b6648-0646-498d-aa45-01f287b3507b - hackernews - Making GET request to https://hn.algolia.com/api/v1/search_by_date?numericFilters=created_at_i%3E%3D1787555961%2Ccreated_at_i%3C1787559561&hitsPerPage=1000
2026-08-31 10:16:20 +0000 - dagster - INFO - __ASSET_JOB - 211b6648-0646-498d-aa45-01f287b3507b - hackernews - Retrieved 153 items in this window.
2026-08-31 10:16:20 +0000 - dagster - INFO - __ASSET_JOB - 211b6648-0646-498d-aa45-01f287b3507b - hackernews - Querying time window: 2026-08-24 08:19:21 to 2026-08-24 09:19:21 (1787559561 to 1787563161)...
2026-08-31 10:16:20 +0000 - dagster - INFO - __ASSET_JOB - 211b6648-0646-498d-aa45-01f287b3507b - hackernews - Making GET request to https://hn.algolia.com/api/v1/search_by_date?numericFilters=created_at_i%3E%3D1787559561%2Ccreated_at_i%3C1787563161&hitsPerPage=1000
2026-08-31 10:16:20 +0000 - dagster - INFO - __ASSET_JOB - 211b6648-0646-498d-aa45-01f287b3507b - hackernews - Retrieved 198 items in this window.
2026-08-31 10:16:20 +0000 - dagster - INFO - __ASSET_JOB - 211b6648-0646-498d-aa45-01f287b3507b - hackernews - Querying time window: 2026-08-24 09:19:21 to 2026-08-24 10:19:21 (1787563161 to 1787566761)...
2026-08-31 10:16:20 +0000 - dagster - INFO - __ASSET_JOB - 211b6648-0646-498d-aa45-01f287b3507b - hackernews - Making GET request to https://hn.algolia.com/api/v1/search_by_date?numericFilters=created_at_i%3E%3D1787563161%2Ccreated_at_i%3C1787566761&hitsPerPage=1000
2026-08-31 10:16:21 +0000 - dagster - INFO - __ASSET_JOB - 211b6648-0646-498d-aa45-01f287b3507b - hackernews - Retrieved 186 items in this window.
2026-08-31 10:16:21 +0000 - dagster - INFO - __ASSET_JOB - 211b6648-0646-498d-aa45-01f287b3507b - hackernews - Querying time window: 2026-08-24 10:19:21 to 2026-08-24 11:19:21 (1787566761 to 1787570361)...
2026-08-31 10:16:21 +0000 - dagster - INFO - __ASSET_JOB - 211b6648-0646-498d-aa45-01f287b3507b - hackernews - Making GET request to https://hn.algolia.com/api/v1/search_by_date?numericFilters=created_at_i%3E%3D1787566761%2Ccreated_at_i%3C1787570361&hitsPerPage=1000
2026-08-31 10:16:21 +0000 - dagster - INFO - __ASSET_JOB - 211b6648-0646-498d-aa45-01f287b3507b - hackernews - Retrieved 199 items in this window.
2026-08-31 10:16:21 +0000 - dagster - INFO - __ASSET_JOB - 211b6648-0646-498d-aa45-01f287b3507b - hackernews - Querying time window: 2026-08-24 11:19:21 to 2026-08-24 12:19:21 (1787570361 to 1787573961)...
2026-08-31 10:16:21 +0000 - dagster - INFO - __ASSET_JOB - 211b6648-0646-498d-aa45-01f287b3507b - hackernews - Making GET request to https://hn.algolia.com/api/v1/search_by_date?numericFilters=created_at_i%3E%3D1787570361%2Ccreated_at_i%3C1787573961&hitsPerPage=1000
2026-08-31 10:16:21 +0000 - dagster - INFO - __ASSET_JOB - 211b6648-0646-498d-aa45-01f287b3507b - hackernews - Retrieved 230 items in this window.
2026-08-31 10:16:21 +0000 - dagster - INFO - __ASSET_JOB - 211b6648-0646-498d-aa45-01f287b3507b - hackernews - Querying time window: 2026-08-24 12:19:21 to 2026-08-24 13:19:21 (1787573961 to 1787577561)...
2026-08-31 10:16:21 +0000 - dagster - INFO - __ASSET_JOB - 211b6648-0646-498d-aa45-01f287b3507b - hackernews - Making GET request to https://hn.algolia.com/api/v1/search_by_date?numericFilters=created_at_i%3E%3D1787573961%2Ccreated_at_i%3C1787577561&hitsPerPage=1000
2026-08-31 10:16:22 +0000 - dagster - INFO - __ASSET_JOB - 211b6648-0646-498d-aa45-01f287b3507b - hackernews - Retrieved 322 items in this window.
2026-08-31 10:16:22 +0000 - dagster - INFO - __ASSET_JOB - 211b6648-0646-498d-aa45-01f287b3507b - hackernews - Querying time window: 2026-08-24 13:19:21 to 2026-08-24 14:19:21 (1787577561 to 1787581161)...
2026-08-31 10:16:22 +0000 - dagster - INFO - __ASSET_JOB - 211b6648-0646-498d-aa45-01f287b3507b - hackernews - Making GET request to https://hn.algolia.com/api/v1/search_by_date?numericFilters=created_at_i%3E%3D1787577561%2Ccreated_at_i%3C1787581161&hitsPerPage=1000
2026-08-31 10:16:22 +0000 - dagster - INFO - __ASSET_JOB - 211b6648-0646-498d-aa45-01f287b3507b - hackernews - Retrieved 420 items in this window.
2026-08-31 10:16:22 +0000 - dagster - INFO - __ASSET_JOB - 211b6648-0646-498d-aa45-01f287b3507b - hackernews - Querying time window: 2026-08-24 14:19:21 to 2026-08-24 15:19:21 (1787581161 to 1787584761)...
2026-08-31 10:16:22 +0000 - dagster - INFO - __ASSET_JOB - 211b6648-0646-498d-aa45-01f287b3507b - hackernews - Making GET request to https://hn.algolia.com/api/v1/search_by_date?numericFilters=created_at_i%3E%3D1787581161%2Ccreated_at_i%3C1787584761&hitsPerPage=1000
2026-08-31 10:16:23 +0000 - dagster - INFO - __ASSET_JOB - 211b6648-0646-498d-aa45-01f287b3507b - hackernews - Retrieved 476 items in this window.
2026-08-31 10:16:23 +0000 - dagster - INFO - __ASSET_JOB - 211b6648-0646-498d-aa45-01f287b3507b - hackernews - Querying time window: 2026-08-24 15:19:21 to 2026-08-24 16:19:21 (1787584761 to 1787588361)...
2026-08-31 10:16:23 +0000 - dagster - INFO - __ASSET_JOB - 211b6648-0646-498d-aa45-01f287b3507b - hackernews - Making GET request to https://hn.algolia.com/api/v1/search_by_date?numericFilters=created_at_i%3E%3D1787584761%2Ccreated_at_i%3C1787588361&hitsPerPage=1000
2026-08-31 10:16:23 +0000 - dagster - INFO - __ASSET_JOB - 211b6648-0646-498d-aa45-01f287b3507b - hackernews - Retrieved 616 items in this window.
2026-08-31 10:16:24 +0000 - dagster - INFO - __ASSET_JOB - 211b6648-0646-498d-aa45-01f287b3507b - hackernews - Querying time window: 2026-08-24 16:19:21 to 2026-08-24 17:19:21 (1787588361 to 1787591961)...
2026-08-31 10:16:24 +0000 - dagster - INFO - __ASSET_JOB - 211b6648-0646-498d-aa45-01f287b3507b - hackernews - Making GET request to https://hn.algolia.com/api/v1/search_by_date?numericFilters=created_at_i%3E%3D1787588361%2Ccreated_at_i%3C1787591961&hitsPerPage=1000
2026-08-31 10:16:24 +0000 - dagster - INFO - __ASSET_JOB - 211b6648-0646-498d-aa45-01f287b3507b - hackernews - Retrieved 641 items in this window.
2026-08-31 10:16:24 +0000 - dagster - INFO - __ASSET_JOB - 211b6648-0646-498d-aa45-01f287b3507b - hackernews - Querying time window: 2026-08-24 17:19:21 to 2026-08-24 18:19:21 (1787591961 to 1787595561)...
2026-08-31 10:16:24 +0000 - dagster - INFO - __ASSET_JOB - 211b6648-0646-498d-aa45-01f287b3507b - hackernews - Making GET request to https://hn.algolia.com/api/v1/search_by_date?numericFilters=created_at_i%3E%3D1787591961%2Ccreated_at_i%3C1787595561&hitsPerPage=1000
2026-08-31 10:16:25 +0000 - dagster - INFO - __ASSET_JOB - 211b6648-0646-498d-aa45-01f287b3507b - hackernews - Retrieved 613 items in this window.
2026-08-31 10:16:25 +0000 - dagster - INFO - __ASSET_JOB - 211b6648-0646-498d-aa45-01f287b3507b - hackernews - Querying time window: 2026-08-24 18:19:21 to 2026-08-24 19:19:21 (1787595561 to 1787599161)...
2026-08-31 10:16:25 +0000 - dagster - INFO - __ASSET_JOB - 211b6648-0646-498d-aa45-01f287b3507b - hackernews - Making GET request to https://hn.algolia.com/api/v1/search_by_date?numericFilters=created_at_i%3E%3D1787595561%2Ccreated_at_i%3C1787599161&hitsPerPage=1000
2026-08-31 10:16:25 +0000 - dagster - INFO - __ASSET_JOB - 211b6648-0646-498d-aa45-01f287b3507b - hackernews - Retrieved 646 items in this window.
2026-08-31 10:16:25 +0000 - dagster - INFO - __ASSET_JOB - 211b6648-0646-498d-aa45-01f287b3507b - hackernews - Querying time window: 2026-08-24 19:19:21 to 2026-08-24 20:19:21 (1787599161 to 1787602761)...
2026-08-31 10:16:25 +0000 - dagster - INFO - __ASSET_JOB - 211b6648-0646-498d-aa45-01f287b3507b - hackernews - Making GET request to https://hn.algolia.com/api/v1/search_by_date?numericFilters=created_at_i%3E%3D1787599161%2Ccreated_at_i%3C1787602761&hitsPerPage=1000
2026-08-31 10:16:26 +0000 - dagster - INFO - __ASSET_JOB - 211b6648-0646-498d-aa45-01f287b3507b - hackernews - Retrieved 670 items in this window.
2026-08-31 10:16:26 +0000 - dagster - INFO - __ASSET_JOB - 211b6648-0646-498d-aa45-01f287b3507b - hackernews - Querying time window: 2026-08-24 20:19:21 to 2026-08-24 21:19:21 (1787602761 to 1787606361)...
2026-08-31 10:16:26 +0000 - dagster - INFO - __ASSET_JOB - 211b6648-0646-498d-aa45-01f287b3507b - hackernews - Making GET request to https://hn.algolia.com/api/v1/search_by_date?numericFilters=created_at_i%3E%3D1787602761%2Ccreated_at_i%3C1787606361&hitsPerPage=1000
2026-08-31 10:16:26 +0000 - dagster - INFO - __ASSET_JOB - 211b6648-0646-498d-aa45-01f287b3507b - hackernews - Retrieved 579 items in this window.
2026-08-31 10:16:26 +0000 - dagster - INFO - __ASSET_JOB - 211b6648-0646-498d-aa45-01f287b3507b - hackernews - Querying time window: 2026-08-24 21:19:21 to 2026-08-24 22:19:21 (1787606361 to 1787609961)...
2026-08-31 10:16:26 +0000 - dagster - INFO - __ASSET_JOB - 211b6648-0646-498d-aa45-01f287b3507b - hackernews - Making GET request to https://hn.algolia.com/api/v1/search_by_date?numericFilters=created_at_i%3E%3D1787606361%2Ccreated_at_i%3C1787609961&hitsPerPage=1000
2026-08-31 10:16:27 +0000 - dagster - INFO - __ASSET_JOB - 211b6648-0646-498d-aa45-01f287b3507b - hackernews - Retrieved 587 items in this window.
2026-08-31 10:16:27 +0000 - dagster - INFO - __ASSET_JOB - 211b6648-0646-498d-aa45-01f287b3507b - hackernews - Querying time window: 2026-08-24 22:19:21 to 2026-08-24 23:19:21 (1787609961 to 1787613561)...
2026-08-31 10:16:27 +0000 - dagster - INFO - __ASSET_JOB - 211b6648-0646-498d-aa45-01f287b3507b - hackernews - Making GET request to https://hn.algolia.com/api/v1/search_by_date?numericFilters=created_at_i%3E%3D1787609961%2Ccreated_at_i%3C1787613561&hitsPerPage=1000
2026-08-31 10:16:27 +0000 - dagster - INFO - __ASSET_JOB - 211b6648-0646-498d-aa45-01f287b3507b - hackernews - Retrieved 460 items in this window.
2026-08-31 10:16:27 +0000 - dagster - INFO - __ASSET_JOB - 211b6648-0646-498d-aa45-01f287b3507b - hackernews - Querying time window: 2026-08-24 23:19:21 to 2026-08-25 00:19:21 (1787613561 to 1787617161)...
2026-08-31 10:16:27 +0000 - dagster - INFO - __ASSET_JOB - 211b6648-0646-498d-aa45-01f287b3507b - hackernews - Making GET request to https://hn.algolia.com/api/v1/search_by_date?numericFilters=created_at_i%3E%3D1787613561%2Ccreated_at_i%3C1787617161&hitsPerPage=1000
2026-08-31 10:16:28 +0000 - dagster - INFO - __ASSET_JOB - 211b6648-0646-498d-aa45-01f287b3507b - hackernews - Retrieved 408 items in this window.
2026-08-31 10:16:28 +0000 - dagster - INFO - __ASSET_JOB - 211b6648-0646-498d-aa45-01f287b3507b - hackernews - Querying time window: 2026-08-25 00:19:21 to 2026-08-25 01:19:21 (1787617161 to 1787620761)...
2026-08-31 10:16:28 +0000 - dagster - INFO - __ASSET_JOB - 211b6648-0646-498d-aa45-01f287b3507b - hackernews - Making GET request to https://hn.algolia.com/api/v1/search_by_date?numericFilters=created_at_i%3E%3D1787617161%2Ccreated_at_i%3C1787620761&hitsPerPage=1000
2026-08-31 10:16:28 +0000 - dagster - INFO - __ASSET_JOB - 211b6648-0646-498d-aa45-01f287b3507b - hackernews - Retrieved 353 items in this window.
2026-08-31 10:16:28 +0000 - dagster - INFO - __ASSET_JOB - 211b6648-0646-498d-aa45-01f287b3507b - hackernews - Querying time window: 2026-08-25 01:19:21 to 2026-08-25 02:19:21 (1787620761 to 1787624361)...
2026-08-31 10:16:28 +0000 - dagster - INFO - __ASSET_JOB - 211b6648-0646-498d-aa45-01f287b3507b - hackernews - Making GET request to https://hn.algolia.com/api/v1/search_by_date?numericFilters=created_at_i%3E%3D1787620761%2Ccreated_at_i%3C1787624361&hitsPerPage=1000
2026-08-31 10:16:28 +0000 - dagster - INFO - __ASSET_JOB - 211b6648-0646-498d-aa45-01f287b3507b - hackernews - Retrieved 312 items in this window.
2026-08-31 10:16:28 +0000 - dagster - INFO - __ASSET_JOB - 211b6648-0646-498d-aa45-01f287b3507b - hackernews - Querying time window: 2026-08-25 02:19:21 to 2026-08-25 03:19:21 (1787624361 to 1787627961)...
2026-08-31 10:16:28 +0000 - dagster - INFO - __ASSET_JOB - 211b6648-0646-498d-aa45-01f287b3507b - hackernews - Making GET request to https://hn.algolia.com/api/v1/search_by_date?numericFilters=created_at_i%3E%3D1787624361%2Ccreated_at_i%3C1787627961&hitsPerPage=1000
2026-08-31 10:16:29 +0000 - dagster - INFO - __ASSET_JOB - 211b6648-0646-498d-aa45-01f287b3507b - hackernews - Retrieved 341 items in this window.
2026-08-31 10:16:29 +0000 - dagster - INFO - __ASSET_JOB - 211b6648-0646-498d-aa45-01f287b3507b - hackernews - Querying time window: 2026-08-25 03:19:21 to 2026-08-25 04:19:21 (1787627961 to 1787631561)...
2026-08-31 10:16:29 +0000 - dagster - INFO - __ASSET_JOB - 211b6648-0646-498d-aa45-01f287b3507b - hackernews - Making GET request to https://hn.algolia.com/api/v1/search_by_date?numericFilters=created_at_i%3E%3D1787627961%2Ccreated_at_i%3C1787631561&hitsPerPage=1000
2026-08-31 10:16:29 +0000 - dagster - INFO - __ASSET_JOB - 211b6648-0646-498d-aa45-01f287b3507b - hackernews - Retrieved 272 items in this window.
2026-08-31 10:16:29 +0000 - dagster - INFO - __ASSET_JOB - 211b6648-0646-498d-aa45-01f287b3507b - hackernews - Querying time window: 2026-08-25 04:19:21 to 2026-08-25 05:19:21 (1787631561 to 1787635161)...
2026-08-31 10:16:29 +0000 - dagster - INFO - __ASSET_JOB - 211b6648-0646-498d-aa45-01f287b3507b - hackernews - Making GET request to https://hn.algolia.com/api/v1/search_by_date?numericFilters=created_at_i%3E%3D1787631561%2Ccreated_at_i%3C1787635161&hitsPerPage=1000
2026-08-31 10:16:30 +0000 - dagster - INFO - __ASSET_JOB - 211b6648-0646-498d-aa45-01f287b3507b - hackernews - Retrieved 314 items in this window.
2026-08-31 10:16:30 +0000 - dagster - INFO - __ASSET_JOB - 211b6648-0646-498d-aa45-01f287b3507b - hackernews - Querying time window: 2026-08-25 05:19:21 to 2026-08-25 06:19:21 (1787635161 to 1787638761)...
2026-08-31 10:16:30 +0000 - dagster - INFO - __ASSET_JOB - 211b6648-0646-498d-aa45-01f287b3507b - hackernews - Making GET request to https://hn.algolia.com/api/v1/search_by_date?numericFilters=created_at_i%3E%3D1787635161%2Ccreated_at_i%3C1787638761&hitsPerPage=1000
2026-08-31 10:16:30 +0000 - dagster - INFO - __ASSET_JOB - 211b6648-0646-498d-aa45-01f287b3507b - hackernews - Retrieved 324 items in this window.
2026-08-31 10:16:30 +0000 - dagster - INFO - __ASSET_JOB - 211b6648-0646-498d-aa45-01f287b3507b - hackernews - Querying time window: 2026-08-25 06:19:21 to 2026-08-25 07:19:21 (1787638761 to 1787642361)...
2026-08-31 10:16:30 +0000 - dagster - INFO - __ASSET_JOB - 211b6648-0646-498d-aa45-01f287b3507b - hackernews - Making GET request to https://hn.algolia.com/api/v1/search_by_date?numericFilters=created_at_i%3E%3D1787638761%2Ccreated_at_i%3C1787642361&hitsPerPage=1000
2026-08-31 10:16:31 +0000 - dagster - INFO - __ASSET_JOB - 211b6648-0646-498d-aa45-01f287b3507b - hackernews - Retrieved 382 items in this window.
2026-08-31 10:16:31 +0000 - dagster - INFO - __ASSET_JOB - 211b6648-0646-498d-aa45-01f287b3507b - hackernews - Querying time window: 2026-08-25 07:19:21 to 2026-08-25 08:19:21 (1787642361 to 1787645961)...
2026-08-31 10:16:31 +0000 - dagster - INFO - __ASSET_JOB - 211b6648-0646-498d-aa45-01f287b3507b - hackernews - Making GET request to https://hn.algolia.com/api/v1/search_by_date?numericFilters=created_at_i%3E%3D1787642361%2Ccreated_at_i%3C1787645961&hitsPerPage=1000
2026-08-31 10:16:31 +0000 - dagster - INFO - __ASSET_JOB - 211b6648-0646-498d-aa45-01f287b3507b - hackernews - Retrieved 369 items in this window.
2026-08-31 10:16:31 +0000 - dagster - INFO - __ASSET_JOB - 211b6648-0646-498d-aa45-01f287b3507b - hackernews - Querying time window: 2026-08-25 08:19:21 to 2026-08-25 09:19:21 (1787645961 to 1787649561)...
2026-08-31 10:16:31 +0000 - dagster - INFO - __ASSET_JOB - 211b6648-0646-498d-aa45-01f287b3507b - hackernews - Making GET request to https://hn.algolia.com/api/v1/search_by_date?numericFilters=created_at_i%3E%3D1787645961%2Ccreated_at_i%3C1787649561&hitsPerPage=1000
2026-08-31 10:16:32 +0000 - dagster - INFO - __ASSET_JOB - 211b6648-0646-498d-aa45-01f287b3507b - hackernews - Retrieved 383 items in this window.
2026-08-31 10:16:32 +0000 - dagster - INFO - __ASSET_JOB - 211b6648-0646-498d-aa45-01f287b3507b - hackernews - Querying time window: 2026-08-25 09:19:21 to 2026-08-25 10:19:21 (1787649561 to 1787653161)...
2026-08-31 10:16:32 +0000 - dagster - INFO - __ASSET_JOB - 211b6648-0646-498d-aa45-01f287b3507b - hackernews - Making GET request to https://hn.algolia.com/api/v1/search_by_date?numericFilters=created_at_i%3E%3D1787649561%2Ccreated_at_i%3C1787653161&hitsPerPage=1000
2026-08-31 10:16:32 +0000 - dagster - INFO - __ASSET_JOB - 211b6648-0646-498d-aa45-01f287b3507b - hackernews - Retrieved 347 items in this window.
2026-08-31 10:16:32 +0000 - dagster - INFO - __ASSET_JOB - 211b6648-0646-498d-aa45-01f287b3507b - hackernews - Querying time window: 2026-08-25 10:19:21 to 2026-08-25 11:19:21 (1787653161 to 1787656761)...
2026-08-31 10:16:32 +0000 - dagster - INFO - __ASSET_JOB - 211b6648-0646-498d-aa45-01f287b3507b - hackernews - Making GET request to https://hn.algolia.com/api/v1/search_by_date?numericFilters=created_at_i%3E%3D1787653161%2Ccreated_at_i%3C1787656761&hitsPerPage=1000
2026-08-31 10:16:32 +0000 - dagster - INFO - __ASSET_JOB - 211b6648-0646-498d-aa45-01f287b3507b - hackernews - Retrieved 503 items in this window.
2026-08-31 10:16:32 +0000 - dagster - INFO - __ASSET_JOB - 211b6648-0646-498d-aa45-01f287b3507b - hackernews - Querying time window: 2026-08-25 11:19:21 to 2026-08-25 12:19:21 (1787656761 to 1787660361)...
2026-08-31 10:16:32 +0000 - dagster - INFO - __ASSET_JOB - 211b6648-0646-498d-aa45-01f287b3507b - hackernews - Making GET request to https://hn.algolia.com/api/v1/search_by_date?numericFilters=created_at_i%3E%3D1787656761%2Ccreated_at_i%3C1787660361&hitsPerPage=1000
2026-08-31 10:16:33 +0000 - dagster - INFO - __ASSET_JOB - 211b6648-0646-498d-aa45-01f287b3507b - hackernews - Retrieved 620 items in this window.
2026-08-31 10:16:33 +0000 - dagster - INFO - __ASSET_JOB - 211b6648-0646-498d-aa45-01f287b3507b - hackernews - Querying time window: 2026-08-25 12:19:21 to 2026-08-25 13:19:21 (1787660361 to 1787663961)...
2026-08-31 10:16:33 +0000 - dagster - INFO - __ASSET_JOB - 211b6648-0646-498d-aa45-01f287b3507b - hackernews - Making GET request to https://hn.algolia.com/api/v1/search_by_date?numericFilters=created_at_i%3E%3D1787660361%2Ccreated_at_i%3C1787663961&hitsPerPage=1000
2026-08-31 10:16:33 +0000 - dagster - INFO - __ASSET_JOB - 211b6648-0646-498d-aa45-01f287b3507b - hackernews - Retrieved 742 items in this window.
2026-08-31 10:16:33 +0000 - dagster - INFO - __ASSET_JOB - 211b6648-0646-498d-aa45-01f287b3507b - hackernews - Querying time window: 2026-08-25 13:19:21 to 2026-08-25 14:19:21 (1787663961 to 1787667561)...
2026-08-31 10:16:33 +0000 - dagster - INFO - __ASSET_JOB - 211b6648-0646-498d-aa45-01f287b3507b - hackernews - Making GET request to https://hn.algolia.com/api/v1/search_by_date?numericFilters=created_at_i%3E%3D1787663961%2Ccreated_at_i%3C1787667561&hitsPerPage=1000
2026-08-31 10:16:34 +0000 - dagster - INFO - __ASSET_JOB - 211b6648-0646-498d-aa45-01f287b3507b - hackernews - Retrieved 964 items in this window.
2026-08-31 10:16:34 +0000 - dagster - INFO - __ASSET_JOB - 211b6648-0646-498d-aa45-01f287b3507b - hackernews - Querying time window: 2026-08-25 14:19:21 to 2026-08-25 15:19:21 (1787667561 to 1787671161)...
2026-08-31 10:16:34 +0000 - dagster - INFO - __ASSET_JOB - 211b6648-0646-498d-aa45-01f287b3507b - hackernews - Making GET request to https://hn.algolia.com/api/v1/search_by_date?numericFilters=created_at_i%3E%3D1787667561%2Ccreated_at_i%3C1787671161&hitsPerPage=1000
2026-08-31 10:16:35 +0000 - dagster - INFO - __ASSET_JOB - 211b6648-0646-498d-aa45-01f287b3507b - hackernews - Retrieved 917 items in this window.
2026-08-31 10:16:35 +0000 - dagster - INFO - __ASSET_JOB - 211b6648-0646-498d-aa45-01f287b3507b - hackernews - Querying time window: 2026-08-25 15:19:21 to 2026-08-25 16:19:21 (1787671161 to 1787674761)...
2026-08-31 10:16:35 +0000 - dagster - INFO - __ASSET_JOB - 211b6648-0646-498d-aa45-01f287b3507b - hackernews - Making GET request to https://hn.algolia.com/api/v1/search_by_date?numericFilters=created_at_i%3E%3D1787671161%2Ccreated_at_i%3C1787674761&hitsPerPage=1000
2026-08-31 10:16:35 +0000 - dagster - INFO - __ASSET_JOB - 211b6648-0646-498d-aa45-01f287b3507b - hackernews - Retrieved 780 items in this window.
2026-08-31 10:16:35 +0000 - dagster - INFO - __ASSET_JOB - 211b6648-0646-498d-aa45-01f287b3507b - hackernews - Querying time window: 2026-08-25 16:19:21 to 2026-08-25 17:19:21 (1787674761 to 1787678361)...
2026-08-31 10:16:35 +0000 - dagster - INFO - __ASSET_JOB - 211b6648-0646-498d-aa45-01f287b3507b - hackernews - Making GET request to https://hn.algolia.com/api/v1/search_by_date?numericFilters=created_at_i%3E%3D1787674761%2Ccreated_at_i%3C1787678361&hitsPerPage=1000
2026-08-31 10:16:36 +0000 - dagster - INFO - __ASSET_JOB - 211b6648-0646-498d-aa45-01f287b3507b - hackernews - Retrieved 813 items in this window.
2026-08-31 10:16:36 +0000 - dagster - INFO - __ASSET_JOB - 211b6648-0646-498d-aa45-01f287b3507b - hackernews - Querying time window: 2026-08-25 17:19:21 to 2026-08-25 18:19:21 (1787678361 to 1787681961)...
2026-08-31 10:16:36 +0000 - dagster - INFO - __ASSET_JOB - 211b6648-0646-498d-aa45-01f287b3507b - hackernews - Making GET request to https://hn.algolia.com/api/v1/search_by_date?numericFilters=created_at_i%3E%3D1787678361%2Ccreated_at_i%3C1787681961&hitsPerPage=1000
2026-08-31 10:16:36 +0000 - dagster - INFO - __ASSET_JOB - 211b6648-0646-498d-aa45-01f287b3507b - hackernews - Retrieved 794 items in this window.
2026-08-31 10:16:36 +0000 - dagster - INFO - __ASSET_JOB - 211b6648-0646-498d-aa45-01f287b3507b - hackernews - Querying time window: 2026-08-25 18:19:21 to 2026-08-25 19:19:21 (1787681961 to 1787685561)...
2026-08-31 10:16:36 +0000 - dagster - INFO - __ASSET_JOB - 211b6648-0646-498d-aa45-01f287b3507b - hackernews - Making GET request to https://hn.algolia.com/api/v1/search_by_date?numericFilters=created_at_i%3E%3D1787681961%2Ccreated_at_i%3C1787685561&hitsPerPage=1000
2026-08-31 10:16:37 +0000 - dagster - INFO - __ASSET_JOB - 211b6648-0646-498d-aa45-01f287b3507b - hackernews - Retrieved 800 items in this window.
2026-08-31 10:16:37 +0000 - dagster - INFO - __ASSET_JOB - 211b6648-0646-498d-aa45-01f287b3507b - hackernews - Querying time window: 2026-08-25 19:19:21 to 2026-08-25 20:19:21 (1787685561 to 1787689161)...
2026-08-31 10:16:37 +0000 - dagster - INFO - __ASSET_JOB - 211b6648-0646-498d-aa45-01f287b3507b - hackernews - Making GET request to https://hn.algolia.com/api/v1/search_by_date?numericFilters=created_at_i%3E%3D1787685561%2Ccreated_at_i%3C1787689161&hitsPerPage=1000
2026-08-31 10:16:37 +0000 - dagster - INFO - __ASSET_JOB - 211b6648-0646-498d-aa45-01f287b3507b - hackernews - Retrieved 761 items in this window.
2026-08-31 10:16:37 +0000 - dagster - INFO - __ASSET_JOB - 211b6648-0646-498d-aa45-01f287b3507b - hackernews - Querying time window: 2026-08-25 20:19:21 to 2026-08-25 21:19:21 (1787689161 to 1787692761)...
2026-08-31 10:16:37 +0000 - dagster - INFO - __ASSET_JOB - 211b6648-0646-498d-aa45-01f287b3507b - hackernews - Making GET request to https://hn.algolia.com/api/v1/search_by_date?numericFilters=created_at_i%3E%3D1787689161%2Ccreated_at_i%3C1787692761&hitsPerPage=1000
2026-08-31 10:16:38 +0000 - dagster - INFO - __ASSET_JOB - 211b6648-0646-498d-aa45-01f287b3507b - hackernews - Retrieved 683 items in this window.
2026-08-31 10:16:38 +0000 - dagster - INFO - __ASSET_JOB - 211b6648-0646-498d-aa45-01f287b3507b - hackernews - Querying time window: 2026-08-25 21:19:21 to 2026-08-25 22:19:21 (1787692761 to 1787696361)...
2026-08-31 10:16:38 +0000 - dagster - INFO - __ASSET_JOB - 211b6648-0646-498d-aa45-01f287b3507b - hackernews - Making GET request to https://hn.algolia.com/api/v1/search_by_date?numericFilters=created_at_i%3E%3D1787692761%2Ccreated_at_i%3C1787696361&hitsPerPage=1000
2026-08-31 10:16:38 +0000 - dagster - INFO - __ASSET_JOB - 211b6648-0646-498d-aa45-01f287b3507b - hackernews - Retrieved 602 items in this window.
2026-08-31 10:16:38 +0000 - dagster - INFO - __ASSET_JOB - 211b6648-0646-498d-aa45-01f287b3507b - hackernews - Querying time window: 2026-08-25 22:19:21 to 2026-08-25 23:19:21 (1787696361 to 1787699961)...
2026-08-31 10:16:38 +0000 - dagster - INFO - __ASSET_JOB - 211b6648-0646-498d-aa45-01f287b3507b - hackernews - Making GET request to https://hn.algolia.com/api/v1/search_by_date?numericFilters=created_at_i%3E%3D1787696361%2Ccreated_at_i%3C1787699961&hitsPerPage=1000
2026-08-31 10:16:39 +0000 - dagster - INFO - __ASSET_JOB - 211b6648-0646-498d-aa45-01f287b3507b - hackernews - Retrieved 532 items in this window.
2026-08-31 10:16:39 +0000 - dagster - INFO - __ASSET_JOB - 211b6648-0646-498d-aa45-01f287b3507b - hackernews - Querying time window: 2026-08-25 23:19:21 to 2026-08-26 00:19:21 (1787699961 to 1787703561)...
2026-08-31 10:16:39 +0000 - dagster - INFO - __ASSET_JOB - 211b6648-0646-498d-aa45-01f287b3507b - hackernews - Making GET request to https://hn.algolia.com/api/v1/search_by_date?numericFilters=created_at_i%3E%3D1787699961%2Ccreated_at_i%3C1787703561&hitsPerPage=1000
2026-08-31 10:16:39 +0000 - dagster - INFO - __ASSET_JOB - 211b6648-0646-498d-aa45-01f287b3507b - hackernews - Retrieved 480 items in this window.
2026-08-31 10:16:39 +0000 - dagster - INFO - __ASSET_JOB - 211b6648-0646-498d-aa45-01f287b3507b - hackernews - Querying time window: 2026-08-26 00:19:21 to 2026-08-26 01:19:21 (1787703561 to 1787707161)...
2026-08-31 10:16:39 +0000 - dagster - INFO - __ASSET_JOB - 211b6648-0646-498d-aa45-01f287b3507b - hackernews - Making GET request to https://hn.algolia.com/api/v1/search_by_date?numericFilters=created_at_i%3E%3D1787703561%2Ccreated_at_i%3C1787707161&hitsPerPage=1000
2026-08-31 10:16:40 +0000 - dagster - INFO - __ASSET_JOB - 211b6648-0646-498d-aa45-01f287b3507b - hackernews - Retrieved 388 items in this window.
2026-08-31 10:16:40 +0000 - dagster - INFO - __ASSET_JOB - 211b6648-0646-498d-aa45-01f287b3507b - hackernews - Querying time window: 2026-08-26 01:19:21 to 2026-08-26 02:19:21 (1787707161 to 1787710761)...
2026-08-31 10:16:40 +0000 - dagster - INFO - __ASSET_JOB - 211b6648-0646-498d-aa45-01f287b3507b - hackernews - Making GET request to https://hn.algolia.com/api/v1/search_by_date?numericFilters=created_at_i%3E%3D1787707161%2Ccreated_at_i%3C1787710761&hitsPerPage=1000
2026-08-31 10:16:41 +0000 - dagster - INFO - __ASSET_JOB - 211b6648-0646-498d-aa45-01f287b3507b - hackernews - Retrieved 333 items in this window.
2026-08-31 10:16:41 +0000 - dagster - INFO - __ASSET_JOB - 211b6648-0646-498d-aa45-01f287b3507b - hackernews - Querying time window: 2026-08-26 02:19:21 to 2026-08-26 03:19:21 (1787710761 to 1787714361)...
2026-08-31 10:16:41 +0000 - dagster - INFO - __ASSET_JOB - 211b6648-0646-498d-aa45-01f287b3507b - hackernews - Making GET request to https://hn.algolia.com/api/v1/search_by_date?numericFilters=created_at_i%3E%3D1787710761%2Ccreated_at_i%3C1787714361&hitsPerPage=1000
2026-08-31 10:16:41 +0000 - dagster - INFO - __ASSET_JOB - 211b6648-0646-498d-aa45-01f287b3507b - hackernews - Retrieved 378 items in this window.
2026-08-31 10:16:41 +0000 - dagster - INFO - __ASSET_JOB - 211b6648-0646-498d-aa45-01f287b3507b - hackernews - Querying time window: 2026-08-26 03:19:21 to 2026-08-26 04:19:21 (1787714361 to 1787717961)...
2026-08-31 10:16:41 +0000 - dagster - INFO - __ASSET_JOB - 211b6648-0646-498d-aa45-01f287b3507b - hackernews - Making GET request to https://hn.algolia.com/api/v1/search_by_date?numericFilters=created_at_i%3E%3D1787714361%2Ccreated_at_i%3C1787717961&hitsPerPage=1000
2026-08-31 10:16:42 +0000 - dagster - INFO - __ASSET_JOB - 211b6648-0646-498d-aa45-01f287b3507b - hackernews - Retrieved 277 items in this window.
2026-08-31 10:16:42 +0000 - dagster - INFO - __ASSET_JOB - 211b6648-0646-498d-aa45-01f287b3507b - hackernews - Querying time window: 2026-08-26 04:19:21 to 2026-08-26 05:19:21 (1787717961 to 1787721561)...
2026-08-31 10:16:42 +0000 - dagster - INFO - __ASSET_JOB - 211b6648-0646-498d-aa45-01f287b3507b - hackernews - Making GET request to https://hn.algolia.com/api/v1/search_by_date?numericFilters=created_at_i%3E%3D1787717961%2Ccreated_at_i%3C1787721561&hitsPerPage=1000
2026-08-31 10:16:42 +0000 - dagster - INFO - __ASSET_JOB - 211b6648-0646-498d-aa45-01f287b3507b - hackernews - Retrieved 146 items in this window.
2026-08-31 10:16:42 +0000 - dagster - INFO - __ASSET_JOB - 211b6648-0646-498d-aa45-01f287b3507b - hackernews - Querying time window: 2026-08-26 05:19:21 to 2026-08-26 06:19:21 (1787721561 to 1787725161)...
2026-08-31 10:16:42 +0000 - dagster - INFO - __ASSET_JOB - 211b6648-0646-498d-aa45-01f287b3507b - hackernews - Making GET request to https://hn.algolia.com/api/v1/search_by_date?numericFilters=created_at_i%3E%3D1787721561%2Ccreated_at_i%3C1787725161&hitsPerPage=1000
2026-08-31 10:16:42 +0000 - dagster - INFO - __ASSET_JOB - 211b6648-0646-498d-aa45-01f287b3507b - hackernews - Retrieved 401 items in this window.
2026-08-31 10:16:42 +0000 - dagster - INFO - __ASSET_JOB - 211b6648-0646-498d-aa45-01f287b3507b - hackernews - Querying time window: 2026-08-26 06:19:21 to 2026-08-26 07:19:21 (1787725161 to 1787728761)...
2026-08-31 10:16:42 +0000 - dagster - INFO - __ASSET_JOB - 211b6648-0646-498d-aa45-01f287b3507b - hackernews - Making GET request to https://hn.algolia.com/api/v1/search_by_date?numericFilters=created_at_i%3E%3D1787725161%2Ccreated_at_i%3C1787728761&hitsPerPage=1000
2026-08-31 10:16:43 +0000 - dagster - INFO - __ASSET_JOB - 211b6648-0646-498d-aa45-01f287b3507b - hackernews - Retrieved 371 items in this window.
2026-08-31 10:16:43 +0000 - dagster - INFO - __ASSET_JOB - 211b6648-0646-498d-aa45-01f287b3507b - hackernews - Querying time window: 2026-08-26 07:19:21 to 2026-08-26 08:19:21 (1787728761 to 1787732361)...
2026-08-31 10:16:43 +0000 - dagster - INFO - __ASSET_JOB - 211b6648-0646-498d-aa45-01f287b3507b - hackernews - Making GET request to https://hn.algolia.com/api/v1/search_by_date?numericFilters=created_at_i%3E%3D1787728761%2Ccreated_at_i%3C1787732361&hitsPerPage=1000
2026-08-31 10:16:43 +0000 - dagster - INFO - __ASSET_JOB - 211b6648-0646-498d-aa45-01f287b3507b - hackernews - Retrieved 377 items in this window.
2026-08-31 10:16:43 +0000 - dagster - INFO - __ASSET_JOB - 211b6648-0646-498d-aa45-01f287b3507b - hackernews - Querying time window: 2026-08-26 08:19:21 to 2026-08-26 09:19:21 (1787732361 to 1787735961)...
2026-08-31 10:16:43 +0000 - dagster - INFO - __ASSET_JOB - 211b6648-0646-498d-aa45-01f287b3507b - hackernews - Making GET request to https://hn.algolia.com/api/v1/search_by_date?numericFilters=created_at_i%3E%3D1787732361%2Ccreated_at_i%3C1787735961&hitsPerPage=1000
2026-08-31 10:16:44 +0000 - dagster - INFO - __ASSET_JOB - 211b6648-0646-498d-aa45-01f287b3507b - hackernews - Retrieved 421 items in this window.
2026-08-31 10:16:44 +0000 - dagster - INFO - __ASSET_JOB - 211b6648-0646-498d-aa45-01f287b3507b - hackernews - Querying time window: 2026-08-26 09:19:21 to 2026-08-26 10:19:21 (1787735961 to 1787739561)...
2026-08-31 10:16:44 +0000 - dagster - INFO - __ASSET_JOB - 211b6648-0646-498d-aa45-01f287b3507b - hackernews - Making GET request to https://hn.algolia.com/api/v1/search_by_date?numericFilters=created_at_i%3E%3D1787735961%2Ccreated_at_i%3C1787739561&hitsPerPage=1000
2026-08-31 10:16:44 +0000 - dagster - INFO - __ASSET_JOB - 211b6648-0646-498d-aa45-01f287b3507b - hackernews - Retrieved 422 items in this window.
2026-08-31 10:16:44 +0000 - dagster - INFO - __ASSET_JOB - 211b6648-0646-498d-aa45-01f287b3507b - hackernews - Querying time window: 2026-08-26 10:19:21 to 2026-08-26 11:19:21 (1787739561 to 1787743161)...
2026-08-31 10:16:44 +0000 - dagster - INFO - __ASSET_JOB - 211b6648-0646-498d-aa45-01f287b3507b - hackernews - Making GET request to https://hn.algolia.com/api/v1/search_by_date?numericFilters=created_at_i%3E%3D1787739561%2Ccreated_at_i%3C1787743161&hitsPerPage=1000
2026-08-31 10:16:44 +0000 - dagster - INFO - __ASSET_JOB - 211b6648-0646-498d-aa45-01f287b3507b - hackernews - Retrieved 425 items in this window.
2026-08-31 10:16:44 +0000 - dagster - INFO - __ASSET_JOB - 211b6648-0646-498d-aa45-01f287b3507b - hackernews - Querying time window: 2026-08-26 11:19:21 to 2026-08-26 12:19:21 (1787743161 to 1787746761)...
2026-08-31 10:16:44 +0000 - dagster - INFO - __ASSET_JOB - 211b6648-0646-498d-aa45-01f287b3507b - hackernews - Making GET request to https://hn.algolia.com/api/v1/search_by_date?numericFilters=created_at_i%3E%3D1787743161%2Ccreated_at_i%3C1787746761&hitsPerPage=1000
2026-08-31 10:16:45 +0000 - dagster - INFO - __ASSET_JOB - 211b6648-0646-498d-aa45-01f287b3507b - hackernews - Retrieved 604 items in this window.
2026-08-31 10:16:45 +0000 - dagster - INFO - __ASSET_JOB - 211b6648-0646-498d-aa45-01f287b3507b - hackernews - Querying time window: 2026-08-26 12:19:21 to 2026-08-26 13:19:21 (1787746761 to 1787750361)...
2026-08-31 10:16:45 +0000 - dagster - INFO - __ASSET_JOB - 211b6648-0646-498d-aa45-01f287b3507b - hackernews - Making GET request to https://hn.algolia.com/api/v1/search_by_date?numericFilters=created_at_i%3E%3D1787746761%2Ccreated_at_i%3C1787750361&hitsPerPage=1000
2026-08-31 10:16:45 +0000 - dagster - INFO - __ASSET_JOB - 211b6648-0646-498d-aa45-01f287b3507b - hackernews - Retrieved 803 items in this window.
2026-08-31 10:16:45 +0000 - dagster - INFO - __ASSET_JOB - 211b6648-0646-498d-aa45-01f287b3507b - hackernews - Querying time window: 2026-08-26 13:19:21 to 2026-08-26 14:19:21 (1787750361 to 1787753961)...
2026-08-31 10:16:45 +0000 - dagster - INFO - __ASSET_JOB - 211b6648-0646-498d-aa45-01f287b3507b - hackernews - Making GET request to https://hn.algolia.com/api/v1/search_by_date?numericFilters=created_at_i%3E%3D1787750361%2Ccreated_at_i%3C1787753961&hitsPerPage=1000
2026-08-31 10:16:46 +0000 - dagster - INFO - __ASSET_JOB - 211b6648-0646-498d-aa45-01f287b3507b - hackernews - Retrieved 922 items in this window.
2026-08-31 10:16:46 +0000 - dagster - INFO - __ASSET_JOB - 211b6648-0646-498d-aa45-01f287b3507b - hackernews - Querying time window: 2026-08-26 14:19:21 to 2026-08-26 15:19:21 (1787753961 to 1787757561)...
2026-08-31 10:16:46 +0000 - dagster - INFO - __ASSET_JOB - 211b6648-0646-498d-aa45-01f287b3507b - hackernews - Making GET request to https://hn.algolia.com/api/v1/search_by_date?numericFilters=created_at_i%3E%3D1787753961%2Ccreated_at_i%3C1787757561&hitsPerPage=1000
2026-08-31 10:16:46 +0000 - dagster - INFO - __ASSET_JOB - 211b6648-0646-498d-aa45-01f287b3507b - hackernews - Retrieved 896 items in this window.
2026-08-31 10:16:46 +0000 - dagster - INFO - __ASSET_JOB - 211b6648-0646-498d-aa45-01f287b3507b - hackernews - Querying time window: 2026-08-26 15:19:21 to 2026-08-26 16:19:21 (1787757561 to 1787761161)...
2026-08-31 10:16:46 +0000 - dagster - INFO - __ASSET_JOB - 211b6648-0646-498d-aa45-01f287b3507b - hackernews - Making GET request to https://hn.algolia.com/api/v1/search_by_date?numericFilters=created_at_i%3E%3D1787757561%2Ccreated_at_i%3C1787761161&hitsPerPage=1000
2026-08-31 10:16:47 +0000 - dagster - INFO - __ASSET_JOB - 211b6648-0646-498d-aa45-01f287b3507b - hackernews - Retrieved 879 items in this window.
2026-08-31 10:16:47 +0000 - dagster - INFO - __ASSET_JOB - 211b6648-0646-498d-aa45-01f287b3507b - hackernews - Querying time window: 2026-08-26 16:19:21 to 2026-08-26 17:19:21 (1787761161 to 1787764761)...
2026-08-31 10:16:47 +0000 - dagster - INFO - __ASSET_JOB - 211b6648-0646-498d-aa45-01f287b3507b - hackernews - Making GET request to https://hn.algolia.com/api/v1/search_by_date?numericFilters=created_at_i%3E%3D1787761161%2Ccreated_at_i%3C1787764761&hitsPerPage=1000
2026-08-31 10:16:48 +0000 - dagster - INFO - __ASSET_JOB - 211b6648-0646-498d-aa45-01f287b3507b - hackernews - Retrieved 874 items in this window.
2026-08-31 10:16:48 +0000 - dagster - INFO - __ASSET_JOB - 211b6648-0646-498d-aa45-01f287b3507b - hackernews - Querying time window: 2026-08-26 17:19:21 to 2026-08-26 18:19:21 (1787764761 to 1787768361)...
2026-08-31 10:16:48 +0000 - dagster - INFO - __ASSET_JOB - 211b6648-0646-498d-aa45-01f287b3507b - hackernews - Making GET request to https://hn.algolia.com/api/v1/search_by_date?numericFilters=created_at_i%3E%3D1787764761%2Ccreated_at_i%3C1787768361&hitsPerPage=1000
2026-08-31 10:16:48 +0000 - dagster - INFO - __ASSET_JOB - 211b6648-0646-498d-aa45-01f287b3507b - hackernews - Retrieved 779 items in this window.
2026-08-31 10:16:48 +0000 - dagster - INFO - __ASSET_JOB - 211b6648-0646-498d-aa45-01f287b3507b - hackernews - Querying time window: 2026-08-26 18:19:21 to 2026-08-26 19:19:21 (1787768361 to 1787771961)...
2026-08-31 10:16:48 +0000 - dagster - INFO - __ASSET_JOB - 211b6648-0646-498d-aa45-01f287b3507b - hackernews - Making GET request to https://hn.algolia.com/api/v1/search_by_date?numericFilters=created_at_i%3E%3D1787768361%2Ccreated_at_i%3C1787771961&hitsPerPage=1000
2026-08-31 10:16:49 +0000 - dagster - INFO - __ASSET_JOB - 211b6648-0646-498d-aa45-01f287b3507b - hackernews - Retrieved 776 items in this window.
2026-08-31 10:16:49 +0000 - dagster - INFO - __ASSET_JOB - 211b6648-0646-498d-aa45-01f287b3507b - hackernews - Querying time window: 2026-08-26 19:19:21 to 2026-08-26 20:19:21 (1787771961 to 1787775561)...
2026-08-31 10:16:49 +0000 - dagster - INFO - __ASSET_JOB - 211b6648-0646-498d-aa45-01f287b3507b - hackernews - Making GET request to https://hn.algolia.com/api/v1/search_by_date?numericFilters=created_at_i%3E%3D1787771961%2Ccreated_at_i%3C1787775561&hitsPerPage=1000
2026-08-31 10:16:49 +0000 - dagster - INFO - __ASSET_JOB - 211b6648-0646-498d-aa45-01f287b3507b - hackernews - Retrieved 815 items in this window.
2026-08-31 10:16:49 +0000 - dagster - INFO - __ASSET_JOB - 211b6648-0646-498d-aa45-01f287b3507b - hackernews - Querying time window: 2026-08-26 20:19:21 to 2026-08-26 21:19:21 (1787775561 to 1787779161)...
2026-08-31 10:16:49 +0000 - dagster - INFO - __ASSET_JOB - 211b6648-0646-498d-aa45-01f287b3507b - hackernews - Making GET request to https://hn.algolia.com/api/v1/search_by_date?numericFilters=created_at_i%3E%3D1787775561%2Ccreated_at_i%3C1787779161&hitsPerPage=1000
2026-08-31 10:16:50 +0000 - dagster - INFO - __ASSET_JOB - 211b6648-0646-498d-aa45-01f287b3507b - hackernews - Retrieved 746 items in this window.
2026-08-31 10:16:50 +0000 - dagster - INFO - __ASSET_JOB - 211b6648-0646-498d-aa45-01f287b3507b - hackernews - Querying time window: 2026-08-26 21:19:21 to 2026-08-26 22:19:21 (1787779161 to 1787782761)...
2026-08-31 10:16:50 +0000 - dagster - INFO - __ASSET_JOB - 211b6648-0646-498d-aa45-01f287b3507b - hackernews - Making GET request to https://hn.algolia.com/api/v1/search_by_date?numericFilters=created_at_i%3E%3D1787779161%2Ccreated_at_i%3C1787782761&hitsPerPage=1000
2026-08-31 10:16:50 +0000 - dagster - INFO - __ASSET_JOB - 211b6648-0646-498d-aa45-01f287b3507b - hackernews - Retrieved 543 items in this window.
2026-08-31 10:16:50 +0000 - dagster - INFO - __ASSET_JOB - 211b6648-0646-498d-aa45-01f287b3507b - hackernews - Querying time window: 2026-08-26 22:19:21 to 2026-08-26 23:19:21 (1787782761 to 1787786361)...
2026-08-31 10:16:50 +0000 - dagster - INFO - __ASSET_JOB - 211b6648-0646-498d-aa45-01f287b3507b - hackernews - Making GET request to https://hn.algolia.com/api/v1/search_by_date?numericFilters=created_at_i%3E%3D1787782761%2Ccreated_at_i%3C1787786361&hitsPerPage=1000
2026-08-31 10:16:51 +0000 - dagster - INFO - __ASSET_JOB - 211b6648-0646-498d-aa45-01f287b3507b - hackernews - Retrieved 498 items in this window.
2026-08-31 10:16:51 +0000 - dagster - INFO - __ASSET_JOB - 211b6648-0646-498d-aa45-01f287b3507b - hackernews - Querying time window: 2026-08-26 23:19:21 to 2026-08-27 00:19:21 (1787786361 to 1787789961)...
2026-08-31 10:16:51 +0000 - dagster - INFO - __ASSET_JOB - 211b6648-0646-498d-aa45-01f287b3507b - hackernews - Making GET request to https://hn.algolia.com/api/v1/search_by_date?numericFilters=created_at_i%3E%3D1787786361%2Ccreated_at_i%3C1787789961&hitsPerPage=1000
2026-08-31 10:16:51 +0000 - dagster - INFO - __ASSET_JOB - 211b6648-0646-498d-aa45-01f287b3507b - hackernews - Retrieved 440 items in this window.
2026-08-31 10:16:51 +0000 - dagster - INFO - __ASSET_JOB - 211b6648-0646-498d-aa45-01f287b3507b - hackernews - Querying time window: 2026-08-27 00:19:21 to 2026-08-27 01:19:21 (1787789961 to 1787793561)...
2026-08-31 10:16:51 +0000 - dagster - INFO - __ASSET_JOB - 211b6648-0646-498d-aa45-01f287b3507b - hackernews - Making GET request to https://hn.algolia.com/api/v1/search_by_date?numericFilters=created_at_i%3E%3D1787789961%2Ccreated_at_i%3C1787793561&hitsPerPage=1000
2026-08-31 10:16:52 +0000 - dagster - INFO - __ASSET_JOB - 211b6648-0646-498d-aa45-01f287b3507b - hackernews - Retrieved 431 items in this window.
2026-08-31 10:16:52 +0000 - dagster - INFO - __ASSET_JOB - 211b6648-0646-498d-aa45-01f287b3507b - hackernews - Querying time window: 2026-08-27 01:19:21 to 2026-08-27 02:19:21 (1787793561 to 1787797161)...
2026-08-31 10:16:52 +0000 - dagster - INFO - __ASSET_JOB - 211b6648-0646-498d-aa45-01f287b3507b - hackernews - Making GET request to https://hn.algolia.com/api/v1/search_by_date?numericFilters=created_at_i%3E%3D1787793561%2Ccreated_at_i%3C1787797161&hitsPerPage=1000
2026-08-31 10:16:52 +0000 - dagster - INFO - __ASSET_JOB - 211b6648-0646-498d-aa45-01f287b3507b - hackernews - Retrieved 405 items in this window.
2026-08-31 10:16:52 +0000 - dagster - INFO - __ASSET_JOB - 211b6648-0646-498d-aa45-01f287b3507b - hackernews - Querying time window: 2026-08-27 02:19:21 to 2026-08-27 03:19:21 (1787797161 to 1787800761)...
2026-08-31 10:16:52 +0000 - dagster - INFO - __ASSET_JOB - 211b6648-0646-498d-aa45-01f287b3507b - hackernews - Making GET request to https://hn.algolia.com/api/v1/search_by_date?numericFilters=created_at_i%3E%3D1787797161%2Ccreated_at_i%3C1787800761&hitsPerPage=1000
2026-08-31 10:16:53 +0000 - dagster - INFO - __ASSET_JOB - 211b6648-0646-498d-aa45-01f287b3507b - hackernews - Retrieved 481 items in this window.
2026-08-31 10:16:53 +0000 - dagster - INFO - __ASSET_JOB - 211b6648-0646-498d-aa45-01f287b3507b - hackernews - Querying time window: 2026-08-27 03:19:21 to 2026-08-27 04:19:21 (1787800761 to 1787804361)...
2026-08-31 10:16:53 +0000 - dagster - INFO - __ASSET_JOB - 211b6648-0646-498d-aa45-01f287b3507b - hackernews - Making GET request to https://hn.algolia.com/api/v1/search_by_date?numericFilters=created_at_i%3E%3D1787800761%2Ccreated_at_i%3C1787804361&hitsPerPage=1000
2026-08-31 10:16:53 +0000 - dagster - INFO - __ASSET_JOB - 211b6648-0646-498d-aa45-01f287b3507b - hackernews - Retrieved 409 items in this window.
2026-08-31 10:16:53 +0000 - dagster - INFO - __ASSET_JOB - 211b6648-0646-498d-aa45-01f287b3507b - hackernews - Querying time window: 2026-08-27 04:19:21 to 2026-08-27 05:19:21 (1787804361 to 1787807961)...
2026-08-31 10:16:53 +0000 - dagster - INFO - __ASSET_JOB - 211b6648-0646-498d-aa45-01f287b3507b - hackernews - Making GET request to https://hn.algolia.com/api/v1/search_by_date?numericFilters=created_at_i%3E%3D1787804361%2Ccreated_at_i%3C1787807961&hitsPerPage=1000
2026-08-31 10:16:53 +0000 - dagster - INFO - __ASSET_JOB - 211b6648-0646-498d-aa45-01f287b3507b - hackernews - Retrieved 374 items in this window.
2026-08-31 10:16:53 +0000 - dagster - INFO - __ASSET_JOB - 211b6648-0646-498d-aa45-01f287b3507b - hackernews - Querying time window: 2026-08-27 05:19:21 to 2026-08-27 06:19:21 (1787807961 to 1787811561)...
2026-08-31 10:16:53 +0000 - dagster - INFO - __ASSET_JOB - 211b6648-0646-498d-aa45-01f287b3507b - hackernews - Making GET request to https://hn.algolia.com/api/v1/search_by_date?numericFilters=created_at_i%3E%3D1787807961%2Ccreated_at_i%3C1787811561&hitsPerPage=1000
2026-08-31 10:16:54 +0000 - dagster - INFO - __ASSET_JOB - 211b6648-0646-498d-aa45-01f287b3507b - hackernews - Retrieved 423 items in this window.
2026-08-31 10:16:54 +0000 - dagster - INFO - __ASSET_JOB - 211b6648-0646-498d-aa45-01f287b3507b - hackernews - Querying time window: 2026-08-27 06:19:21 to 2026-08-27 07:19:21 (1787811561 to 1787815161)...
2026-08-31 10:16:54 +0000 - dagster - INFO - __ASSET_JOB - 211b6648-0646-498d-aa45-01f287b3507b - hackernews - Making GET request to https://hn.algolia.com/api/v1/search_by_date?numericFilters=created_at_i%3E%3D1787811561%2Ccreated_at_i%3C1787815161&hitsPerPage=1000
2026-08-31 10:16:54 +0000 - dagster - INFO - __ASSET_JOB - 211b6648-0646-498d-aa45-01f287b3507b - hackernews - Retrieved 474 items in this window.
2026-08-31 10:16:54 +0000 - dagster - INFO - __ASSET_JOB - 211b6648-0646-498d-aa45-01f287b3507b - hackernews - Querying time window: 2026-08-27 07:19:21 to 2026-08-27 08:19:21 (1787815161 to 1787818761)...
2026-08-31 10:16:54 +0000 - dagster - INFO - __ASSET_JOB - 211b6648-0646-498d-aa45-01f287b3507b - hackernews - Making GET request to https://hn.algolia.com/api/v1/search_by_date?numericFilters=created_at_i%3E%3D1787815161%2Ccreated_at_i%3C1787818761&hitsPerPage=1000
2026-08-31 10:16:55 +0000 - dagster - INFO - __ASSET_JOB - 211b6648-0646-498d-aa45-01f287b3507b - hackernews - Retrieved 393 items in this window.
2026-08-31 10:16:55 +0000 - dagster - INFO - __ASSET_JOB - 211b6648-0646-498d-aa45-01f287b3507b - hackernews - Querying time window: 2026-08-27 08:19:21 to 2026-08-27 09:19:21 (1787818761 to 1787822361)...
2026-08-31 10:16:55 +0000 - dagster - INFO - __ASSET_JOB - 211b6648-0646-498d-aa45-01f287b3507b - hackernews - Making GET request to https://hn.algolia.com/api/v1/search_by_date?numericFilters=created_at_i%3E%3D1787818761%2Ccreated_at_i%3C1787822361&hitsPerPage=1000
2026-08-31 10:16:56 +0000 - dagster - INFO - __ASSET_JOB - 211b6648-0646-498d-aa45-01f287b3507b - hackernews - Retrieved 353 items in this window.
2026-08-31 10:16:56 +0000 - dagster - INFO - __ASSET_JOB - 211b6648-0646-498d-aa45-01f287b3507b - hackernews - Querying time window: 2026-08-27 09:19:21 to 2026-08-27 10:19:21 (1787822361 to 1787825961)...
2026-08-31 10:16:56 +0000 - dagster - INFO - __ASSET_JOB - 211b6648-0646-498d-aa45-01f287b3507b - hackernews - Making GET request to https://hn.algolia.com/api/v1/search_by_date?numericFilters=created_at_i%3E%3D1787822361%2Ccreated_at_i%3C1787825961&hitsPerPage=1000
2026-08-31 10:16:56 +0000 - dagster - INFO - __ASSET_JOB - 211b6648-0646-498d-aa45-01f287b3507b - hackernews - Retrieved 423 items in this window.
2026-08-31 10:16:56 +0000 - dagster - INFO - __ASSET_JOB - 211b6648-0646-498d-aa45-01f287b3507b - hackernews - Querying time window: 2026-08-27 10:19:21 to 2026-08-27 11:19:21 (1787825961 to 1787829561)...
2026-08-31 10:16:56 +0000 - dagster - INFO - __ASSET_JOB - 211b6648-0646-498d-aa45-01f287b3507b - hackernews - Making GET request to https://hn.algolia.com/api/v1/search_by_date?numericFilters=created_at_i%3E%3D1787825961%2Ccreated_at_i%3C1787829561&hitsPerPage=1000
2026-08-31 10:16:57 +0000 - dagster - INFO - __ASSET_JOB - 211b6648-0646-498d-aa45-01f287b3507b - hackernews - Retrieved 448 items in this window.
2026-08-31 10:16:57 +0000 - dagster - INFO - __ASSET_JOB - 211b6648-0646-498d-aa45-01f287b3507b - hackernews - Querying time window: 2026-08-27 11:19:21 to 2026-08-27 12:19:21 (1787829561 to 1787833161)...
2026-08-31 10:16:57 +0000 - dagster - INFO - __ASSET_JOB - 211b6648-0646-498d-aa45-01f287b3507b - hackernews - Making GET request to https://hn.algolia.com/api/v1/search_by_date?numericFilters=created_at_i%3E%3D1787829561%2Ccreated_at_i%3C1787833161&hitsPerPage=1000
2026-08-31 10:16:57 +0000 - dagster - INFO - __ASSET_JOB - 211b6648-0646-498d-aa45-01f287b3507b - hackernews - Retrieved 558 items in this window.
2026-08-31 10:16:57 +0000 - dagster - INFO - __ASSET_JOB - 211b6648-0646-498d-aa45-01f287b3507b - hackernews - Querying time window: 2026-08-27 12:19:21 to 2026-08-27 13:19:21 (1787833161 to 1787836761)...
2026-08-31 10:16:57 +0000 - dagster - INFO - __ASSET_JOB - 211b6648-0646-498d-aa45-01f287b3507b - hackernews - Making GET request to https://hn.algolia.com/api/v1/search_by_date?numericFilters=created_at_i%3E%3D1787833161%2Ccreated_at_i%3C1787836761&hitsPerPage=1000
2026-08-31 10:16:57 +0000 - dagster - INFO - __ASSET_JOB - 211b6648-0646-498d-aa45-01f287b3507b - hackernews - Retrieved 817 items in this window.
2026-08-31 10:16:58 +0000 - dagster - INFO - __ASSET_JOB - 211b6648-0646-498d-aa45-01f287b3507b - hackernews - Querying time window: 2026-08-27 13:19:21 to 2026-08-27 14:19:21 (1787836761 to 1787840361)...
2026-08-31 10:16:58 +0000 - dagster - INFO - __ASSET_JOB - 211b6648-0646-498d-aa45-01f287b3507b - hackernews - Making GET request to https://hn.algolia.com/api/v1/search_by_date?numericFilters=created_at_i%3E%3D1787836761%2Ccreated_at_i%3C1787840361&hitsPerPage=1000
2026-08-31 10:16:58 +0000 - dagster - INFO - __ASSET_JOB - 211b6648-0646-498d-aa45-01f287b3507b - hackernews - Retrieved 734 items in this window.
2026-08-31 10:16:58 +0000 - dagster - INFO - __ASSET_JOB - 211b6648-0646-498d-aa45-01f287b3507b - hackernews - Querying time window: 2026-08-27 14:19:21 to 2026-08-27 15:19:21 (1787840361 to 1787843961)...
2026-08-31 10:16:58 +0000 - dagster - INFO - __ASSET_JOB - 211b6648-0646-498d-aa45-01f287b3507b - hackernews - Making GET request to https://hn.algolia.com/api/v1/search_by_date?numericFilters=created_at_i%3E%3D1787840361%2Ccreated_at_i%3C1787843961&hitsPerPage=1000
2026-08-31 10:16:58 +0000 - dagster - INFO - __ASSET_JOB - 211b6648-0646-498d-aa45-01f287b3507b - hackernews - Retrieved 816 items in this window.
2026-08-31 10:16:59 +0000 - dagster - INFO - __ASSET_JOB - 211b6648-0646-498d-aa45-01f287b3507b - hackernews - Querying time window: 2026-08-27 15:19:21 to 2026-08-27 16:19:21 (1787843961 to 1787847561)...
2026-08-31 10:16:59 +0000 - dagster - INFO - __ASSET_JOB - 211b6648-0646-498d-aa45-01f287b3507b - hackernews - Making GET request to https://hn.algolia.com/api/v1/search_by_date?numericFilters=created_at_i%3E%3D1787843961%2Ccreated_at_i%3C1787847561&hitsPerPage=1000
2026-08-31 10:16:59 +0000 - dagster - INFO - __ASSET_JOB - 211b6648-0646-498d-aa45-01f287b3507b - hackernews - Retrieved 880 items in this window.
2026-08-31 10:16:59 +0000 - dagster - INFO - __ASSET_JOB - 211b6648-0646-498d-aa45-01f287b3507b - hackernews - Querying time window: 2026-08-27 16:19:21 to 2026-08-27 17:19:21 (1787847561 to 1787851161)...
2026-08-31 10:16:59 +0000 - dagster - INFO - __ASSET_JOB - 211b6648-0646-498d-aa45-01f287b3507b - hackernews - Making GET request to https://hn.algolia.com/api/v1/search_by_date?numericFilters=created_at_i%3E%3D1787847561%2Ccreated_at_i%3C1787851161&hitsPerPage=1000
2026-08-31 10:16:59 +0000 - dagster - INFO - __ASSET_JOB - 211b6648-0646-498d-aa45-01f287b3507b - hackernews - Retrieved 749 items in this window.
2026-08-31 10:17:00 +0000 - dagster - INFO - __ASSET_JOB - 211b6648-0646-498d-aa45-01f287b3507b - hackernews - Querying time window: 2026-08-27 17:19:21 to 2026-08-27 18:19:21 (1787851161 to 1787854761)...
2026-08-31 10:17:00 +0000 - dagster - INFO - __ASSET_JOB - 211b6648-0646-498d-aa45-01f287b3507b - hackernews - Making GET request to https://hn.algolia.com/api/v1/search_by_date?numericFilters=created_at_i%3E%3D1787851161%2Ccreated_at_i%3C1787854761&hitsPerPage=1000
2026-08-31 10:17:00 +0000 - dagster - INFO - __ASSET_JOB - 211b6648-0646-498d-aa45-01f287b3507b - hackernews - Retrieved 839 items in this window.
2026-08-31 10:17:00 +0000 - dagster - INFO - __ASSET_JOB - 211b6648-0646-498d-aa45-01f287b3507b - hackernews - Querying time window: 2026-08-27 18:19:21 to 2026-08-27 19:19:21 (1787854761 to 1787858361)...
2026-08-31 10:17:00 +0000 - dagster - INFO - __ASSET_JOB - 211b6648-0646-498d-aa45-01f287b3507b - hackernews - Making GET request to https://hn.algolia.com/api/v1/search_by_date?numericFilters=created_at_i%3E%3D1787854761%2Ccreated_at_i%3C1787858361&hitsPerPage=1000
2026-08-31 10:17:01 +0000 - dagster - INFO - __ASSET_JOB - 211b6648-0646-498d-aa45-01f287b3507b - hackernews - Retrieved 764 items in this window.
2026-08-31 10:17:01 +0000 - dagster - INFO - __ASSET_JOB - 211b6648-0646-498d-aa45-01f287b3507b - hackernews - Querying time window: 2026-08-27 19:19:21 to 2026-08-27 20:19:21 (1787858361 to 1787861961)...
2026-08-31 10:17:01 +0000 - dagster - INFO - __ASSET_JOB - 211b6648-0646-498d-aa45-01f287b3507b - hackernews - Making GET request to https://hn.algolia.com/api/v1/search_by_date?numericFilters=created_at_i%3E%3D1787858361%2Ccreated_at_i%3C1787861961&hitsPerPage=1000
2026-08-31 10:17:01 +0000 - dagster - INFO - __ASSET_JOB - 211b6648-0646-498d-aa45-01f287b3507b - hackernews - Retrieved 678 items in this window.
2026-08-31 10:17:01 +0000 - dagster - INFO - __ASSET_JOB - 211b6648-0646-498d-aa45-01f287b3507b - hackernews - Querying time window: 2026-08-27 20:19:21 to 2026-08-27 21:19:21 (1787861961 to 1787865561)...
2026-08-31 10:17:01 +0000 - dagster - INFO - __ASSET_JOB - 211b6648-0646-498d-aa45-01f287b3507b - hackernews - Making GET request to https://hn.algolia.com/api/v1/search_by_date?numericFilters=created_at_i%3E%3D1787861961%2Ccreated_at_i%3C1787865561&hitsPerPage=1000
2026-08-31 10:17:02 +0000 - dagster - INFO - __ASSET_JOB - 211b6648-0646-498d-aa45-01f287b3507b - hackernews - Retrieved 707 items in this window.
2026-08-31 10:17:02 +0000 - dagster - INFO - __ASSET_JOB - 211b6648-0646-498d-aa45-01f287b3507b - hackernews - Querying time window: 2026-08-27 21:19:21 to 2026-08-27 22:19:21 (1787865561 to 1787869161)...
2026-08-31 10:17:02 +0000 - dagster - INFO - __ASSET_JOB - 211b6648-0646-498d-aa45-01f287b3507b - hackernews - Making GET request to https://hn.algolia.com/api/v1/search_by_date?numericFilters=created_at_i%3E%3D1787865561%2Ccreated_at_i%3C1787869161&hitsPerPage=1000
2026-08-31 10:17:02 +0000 - dagster - INFO - __ASSET_JOB - 211b6648-0646-498d-aa45-01f287b3507b - hackernews - Retrieved 574 items in this window.
2026-08-31 10:17:02 +0000 - dagster - INFO - __ASSET_JOB - 211b6648-0646-498d-aa45-01f287b3507b - hackernews - Querying time window: 2026-08-27 22:19:21 to 2026-08-27 23:19:21 (1787869161 to 1787872761)...
2026-08-31 10:17:02 +0000 - dagster - INFO - __ASSET_JOB - 211b6648-0646-498d-aa45-01f287b3507b - hackernews - Making GET request to https://hn.algolia.com/api/v1/search_by_date?numericFilters=created_at_i%3E%3D1787869161%2Ccreated_at_i%3C1787872761&hitsPerPage=1000
2026-08-31 10:17:02 +0000 - dagster - INFO - __ASSET_JOB - 211b6648-0646-498d-aa45-01f287b3507b - hackernews - Retrieved 429 items in this window.
2026-08-31 10:17:02 +0000 - dagster - INFO - __ASSET_JOB - 211b6648-0646-498d-aa45-01f287b3507b - hackernews - Querying time window: 2026-08-27 23:19:21 to 2026-08-28 00:19:21 (1787872761 to 1787876361)...
2026-08-31 10:17:02 +0000 - dagster - INFO - __ASSET_JOB - 211b6648-0646-498d-aa45-01f287b3507b - hackernews - Making GET request to https://hn.algolia.com/api/v1/search_by_date?numericFilters=created_at_i%3E%3D1787872761%2Ccreated_at_i%3C1787876361&hitsPerPage=1000
2026-08-31 10:17:03 +0000 - dagster - INFO - __ASSET_JOB - 211b6648-0646-498d-aa45-01f287b3507b - hackernews - Retrieved 357 items in this window.
2026-08-31 10:17:03 +0000 - dagster - INFO - __ASSET_JOB - 211b6648-0646-498d-aa45-01f287b3507b - hackernews - Querying time window: 2026-08-28 00:19:21 to 2026-08-28 01:19:21 (1787876361 to 1787879961)...
2026-08-31 10:17:03 +0000 - dagster - INFO - __ASSET_JOB - 211b6648-0646-498d-aa45-01f287b3507b - hackernews - Making GET request to https://hn.algolia.com/api/v1/search_by_date?numericFilters=created_at_i%3E%3D1787876361%2Ccreated_at_i%3C1787879961&hitsPerPage=1000
2026-08-31 10:17:03 +0000 - dagster - INFO - __ASSET_JOB - 211b6648-0646-498d-aa45-01f287b3507b - hackernews - Retrieved 319 items in this window.
2026-08-31 10:17:03 +0000 - dagster - INFO - __ASSET_JOB - 211b6648-0646-498d-aa45-01f287b3507b - hackernews - Querying time window: 2026-08-28 01:19:21 to 2026-08-28 02:19:21 (1787879961 to 1787883561)...
2026-08-31 10:17:03 +0000 - dagster - INFO - __ASSET_JOB - 211b6648-0646-498d-aa45-01f287b3507b - hackernews - Making GET request to https://hn.algolia.com/api/v1/search_by_date?numericFilters=created_at_i%3E%3D1787879961%2Ccreated_at_i%3C1787883561&hitsPerPage=1000
2026-08-31 10:17:04 +0000 - dagster - INFO - __ASSET_JOB - 211b6648-0646-498d-aa45-01f287b3507b - hackernews - Retrieved 281 items in this window.
2026-08-31 10:17:04 +0000 - dagster - INFO - __ASSET_JOB - 211b6648-0646-498d-aa45-01f287b3507b - hackernews - Querying time window: 2026-08-28 02:19:21 to 2026-08-28 03:19:21 (1787883561 to 1787887161)...
2026-08-31 10:17:04 +0000 - dagster - INFO - __ASSET_JOB - 211b6648-0646-498d-aa45-01f287b3507b - hackernews - Making GET request to https://hn.algolia.com/api/v1/search_by_date?numericFilters=created_at_i%3E%3D1787883561%2Ccreated_at_i%3C1787887161&hitsPerPage=1000
2026-08-31 10:17:04 +0000 - dagster - INFO - __ASSET_JOB - 211b6648-0646-498d-aa45-01f287b3507b - hackernews - Retrieved 323 items in this window.
2026-08-31 10:17:04 +0000 - dagster - INFO - __ASSET_JOB - 211b6648-0646-498d-aa45-01f287b3507b - hackernews - Querying time window: 2026-08-28 03:19:21 to 2026-08-28 04:19:21 (1787887161 to 1787890761)...
2026-08-31 10:17:04 +0000 - dagster - INFO - __ASSET_JOB - 211b6648-0646-498d-aa45-01f287b3507b - hackernews - Making GET request to https://hn.algolia.com/api/v1/search_by_date?numericFilters=created_at_i%3E%3D1787887161%2Ccreated_at_i%3C1787890761&hitsPerPage=1000
2026-08-31 10:17:04 +0000 - dagster - INFO - __ASSET_JOB - 211b6648-0646-498d-aa45-01f287b3507b - hackernews - Retrieved 327 items in this window.
2026-08-31 10:17:05 +0000 - dagster - INFO - __ASSET_JOB - 211b6648-0646-498d-aa45-01f287b3507b - hackernews - Querying time window: 2026-08-28 04:19:21 to 2026-08-28 05:19:21 (1787890761 to 1787894361)...
2026-08-31 10:17:05 +0000 - dagster - INFO - __ASSET_JOB - 211b6648-0646-498d-aa45-01f287b3507b - hackernews - Making GET request to https://hn.algolia.com/api/v1/search_by_date?numericFilters=created_at_i%3E%3D1787890761%2Ccreated_at_i%3C1787894361&hitsPerPage=1000
2026-08-31 10:17:05 +0000 - dagster - INFO - __ASSET_JOB - 211b6648-0646-498d-aa45-01f287b3507b - hackernews - Retrieved 276 items in this window.
2026-08-31 10:17:05 +0000 - dagster - INFO - __ASSET_JOB - 211b6648-0646-498d-aa45-01f287b3507b - hackernews - Querying time window: 2026-08-28 05:19:21 to 2026-08-28 06:19:21 (1787894361 to 1787897961)...
2026-08-31 10:17:05 +0000 - dagster - INFO - __ASSET_JOB - 211b6648-0646-498d-aa45-01f287b3507b - hackernews - Making GET request to https://hn.algolia.com/api/v1/search_by_date?numericFilters=created_at_i%3E%3D1787894361%2Ccreated_at_i%3C1787897961&hitsPerPage=1000
2026-08-31 10:17:05 +0000 - dagster - INFO - __ASSET_JOB - 211b6648-0646-498d-aa45-01f287b3507b - hackernews - Retrieved 308 items in this window.
2026-08-31 10:17:05 +0000 - dagster - INFO - __ASSET_JOB - 211b6648-0646-498d-aa45-01f287b3507b - hackernews - Querying time window: 2026-08-28 06:19:21 to 2026-08-28 07:19:21 (1787897961 to 1787901561)...
2026-08-31 10:17:05 +0000 - dagster - INFO - __ASSET_JOB - 211b6648-0646-498d-aa45-01f287b3507b - hackernews - Making GET request to https://hn.algolia.com/api/v1/search_by_date?numericFilters=created_at_i%3E%3D1787897961%2Ccreated_at_i%3C1787901561&hitsPerPage=1000
2026-08-31 10:17:06 +0000 - dagster - INFO - __ASSET_JOB - 211b6648-0646-498d-aa45-01f287b3507b - hackernews - Retrieved 387 items in this window.
2026-08-31 10:17:06 +0000 - dagster - INFO - __ASSET_JOB - 211b6648-0646-498d-aa45-01f287b3507b - hackernews - Querying time window: 2026-08-28 07:19:21 to 2026-08-28 08:19:21 (1787901561 to 1787905161)...
2026-08-31 10:17:06 +0000 - dagster - INFO - __ASSET_JOB - 211b6648-0646-498d-aa45-01f287b3507b - hackernews - Making GET request to https://hn.algolia.com/api/v1/search_by_date?numericFilters=created_at_i%3E%3D1787901561%2Ccreated_at_i%3C1787905161&hitsPerPage=1000
2026-08-31 10:17:06 +0000 - dagster - INFO - __ASSET_JOB - 211b6648-0646-498d-aa45-01f287b3507b - hackernews - Retrieved 413 items in this window.
2026-08-31 10:17:06 +0000 - dagster - INFO - __ASSET_JOB - 211b6648-0646-498d-aa45-01f287b3507b - hackernews - Querying time window: 2026-08-28 08:19:21 to 2026-08-28 09:19:21 (1787905161 to 1787908761)...
2026-08-31 10:17:06 +0000 - dagster - INFO - __ASSET_JOB - 211b6648-0646-498d-aa45-01f287b3507b - hackernews - Making GET request to https://hn.algolia.com/api/v1/search_by_date?numericFilters=created_at_i%3E%3D1787905161%2Ccreated_at_i%3C1787908761&hitsPerPage=1000
2026-08-31 10:17:07 +0000 - dagster - INFO - __ASSET_JOB - 211b6648-0646-498d-aa45-01f287b3507b - hackernews - Retrieved 336 items in this window.
2026-08-31 10:17:07 +0000 - dagster - INFO - __ASSET_JOB - 211b6648-0646-498d-aa45-01f287b3507b - hackernews - Querying time window: 2026-08-28 09:19:21 to 2026-08-28 10:19:21 (1787908761 to 1787912361)...
2026-08-31 10:17:07 +0000 - dagster - INFO - __ASSET_JOB - 211b6648-0646-498d-aa45-01f287b3507b - hackernews - Making GET request to https://hn.algolia.com/api/v1/search_by_date?numericFilters=created_at_i%3E%3D1787908761%2Ccreated_at_i%3C1787912361&hitsPerPage=1000
2026-08-31 10:17:07 +0000 - dagster - INFO - __ASSET_JOB - 211b6648-0646-498d-aa45-01f287b3507b - hackernews - Retrieved 360 items in this window.
2026-08-31 10:17:07 +0000 - dagster - INFO - __ASSET_JOB - 211b6648-0646-498d-aa45-01f287b3507b - hackernews - Querying time window: 2026-08-28 10:19:21 to 2026-08-28 11:19:21 (1787912361 to 1787915961)...
2026-08-31 10:17:07 +0000 - dagster - INFO - __ASSET_JOB - 211b6648-0646-498d-aa45-01f287b3507b - hackernews - Making GET request to https://hn.algolia.com/api/v1/search_by_date?numericFilters=created_at_i%3E%3D1787912361%2Ccreated_at_i%3C1787915961&hitsPerPage=1000
2026-08-31 10:17:07 +0000 - dagster - INFO - __ASSET_JOB - 211b6648-0646-498d-aa45-01f287b3507b - hackernews - Retrieved 288 items in this window.
2026-08-31 10:17:07 +0000 - dagster - INFO - __ASSET_JOB - 211b6648-0646-498d-aa45-01f287b3507b - hackernews - Querying time window: 2026-08-28 11:19:21 to 2026-08-28 12:19:21 (1787915961 to 1787919561)...
2026-08-31 10:17:07 +0000 - dagster - INFO - __ASSET_JOB - 211b6648-0646-498d-aa45-01f287b3507b - hackernews - Making GET request to https://hn.algolia.com/api/v1/search_by_date?numericFilters=created_at_i%3E%3D1787915961%2Ccreated_at_i%3C1787919561&hitsPerPage=1000
2026-08-31 10:17:08 +0000 - dagster - INFO - __ASSET_JOB - 211b6648-0646-498d-aa45-01f287b3507b - hackernews - Retrieved 385 items in this window.
2026-08-31 10:17:08 +0000 - dagster - INFO - __ASSET_JOB - 211b6648-0646-498d-aa45-01f287b3507b - hackernews - Querying time window: 2026-08-28 12:19:21 to 2026-08-28 13:19:21 (1787919561 to 1787923161)...
2026-08-31 10:17:08 +0000 - dagster - INFO - __ASSET_JOB - 211b6648-0646-498d-aa45-01f287b3507b - hackernews - Making GET request to https://hn.algolia.com/api/v1/search_by_date?numericFilters=created_at_i%3E%3D1787919561%2Ccreated_at_i%3C1787923161&hitsPerPage=1000
2026-08-31 10:17:08 +0000 - dagster - INFO - __ASSET_JOB - 211b6648-0646-498d-aa45-01f287b3507b - hackernews - Retrieved 516 items in this window.
2026-08-31 10:17:08 +0000 - dagster - INFO - __ASSET_JOB - 211b6648-0646-498d-aa45-01f287b3507b - hackernews - Querying time window: 2026-08-28 13:19:21 to 2026-08-28 14:19:21 (1787923161 to 1787926761)...
2026-08-31 10:17:08 +0000 - dagster - INFO - __ASSET_JOB - 211b6648-0646-498d-aa45-01f287b3507b - hackernews - Making GET request to https://hn.algolia.com/api/v1/search_by_date?numericFilters=created_at_i%3E%3D1787923161%2Ccreated_at_i%3C1787926761&hitsPerPage=1000
2026-08-31 10:17:09 +0000 - dagster - INFO - __ASSET_JOB - 211b6648-0646-498d-aa45-01f287b3507b - hackernews - Retrieved 698 items in this window.
2026-08-31 10:17:09 +0000 - dagster - INFO - __ASSET_JOB - 211b6648-0646-498d-aa45-01f287b3507b - hackernews - Querying time window: 2026-08-28 14:19:21 to 2026-08-28 15:19:21 (1787926761 to 1787930361)...
2026-08-31 10:17:09 +0000 - dagster - INFO - __ASSET_JOB - 211b6648-0646-498d-aa45-01f287b3507b - hackernews - Making GET request to https://hn.algolia.com/api/v1/search_by_date?numericFilters=created_at_i%3E%3D1787926761%2Ccreated_at_i%3C1787930361&hitsPerPage=1000
2026-08-31 10:17:09 +0000 - dagster - INFO - __ASSET_JOB - 211b6648-0646-498d-aa45-01f287b3507b - hackernews - Retrieved 869 items in this window.
2026-08-31 10:17:10 +0000 - dagster - INFO - __ASSET_JOB - 211b6648-0646-498d-aa45-01f287b3507b - hackernews - Querying time window: 2026-08-28 15:19:21 to 2026-08-28 16:19:21 (1787930361 to 1787933961)...
2026-08-31 10:17:10 +0000 - dagster - INFO - __ASSET_JOB - 211b6648-0646-498d-aa45-01f287b3507b - hackernews - Making GET request to https://hn.algolia.com/api/v1/search_by_date?numericFilters=created_at_i%3E%3D1787930361%2Ccreated_at_i%3C1787933961&hitsPerPage=1000
2026-08-31 10:17:10 +0000 - dagster - INFO - __ASSET_JOB - 211b6648-0646-498d-aa45-01f287b3507b - hackernews - Retrieved 786 items in this window.
2026-08-31 10:17:10 +0000 - dagster - INFO - __ASSET_JOB - 211b6648-0646-498d-aa45-01f287b3507b - hackernews - Querying time window: 2026-08-28 16:19:21 to 2026-08-28 17:19:21 (1787933961 to 1787937561)...
2026-08-31 10:17:10 +0000 - dagster - INFO - __ASSET_JOB - 211b6648-0646-498d-aa45-01f287b3507b - hackernews - Making GET request to https://hn.algolia.com/api/v1/search_by_date?numericFilters=created_at_i%3E%3D1787933961%2Ccreated_at_i%3C1787937561&hitsPerPage=1000
2026-08-31 10:17:11 +0000 - dagster - INFO - __ASSET_JOB - 211b6648-0646-498d-aa45-01f287b3507b - hackernews - Retrieved 859 items in this window.
2026-08-31 10:17:11 +0000 - dagster - INFO - __ASSET_JOB - 211b6648-0646-498d-aa45-01f287b3507b - hackernews - Querying time window: 2026-08-28 17:19:21 to 2026-08-28 18:19:21 (1787937561 to 1787941161)...
2026-08-31 10:17:11 +0000 - dagster - INFO - __ASSET_JOB - 211b6648-0646-498d-aa45-01f287b3507b - hackernews - Making GET request to https://hn.algolia.com/api/v1/search_by_date?numericFilters=created_at_i%3E%3D1787937561%2Ccreated_at_i%3C1787941161&hitsPerPage=1000
2026-08-31 10:17:11 +0000 - dagster - INFO - __ASSET_JOB - 211b6648-0646-498d-aa45-01f287b3507b - hackernews - Retrieved 700 items in this window.
2026-08-31 10:17:11 +0000 - dagster - INFO - __ASSET_JOB - 211b6648-0646-498d-aa45-01f287b3507b - hackernews - Querying time window: 2026-08-28 18:19:21 to 2026-08-28 19:19:21 (1787941161 to 1787944761)...
2026-08-31 10:17:11 +0000 - dagster - INFO - __ASSET_JOB - 211b6648-0646-498d-aa45-01f287b3507b - hackernews - Making GET request to https://hn.algolia.com/api/v1/search_by_date?numericFilters=created_at_i%3E%3D1787941161%2Ccreated_at_i%3C1787944761&hitsPerPage=1000
2026-08-31 10:17:12 +0000 - dagster - INFO - __ASSET_JOB - 211b6648-0646-498d-aa45-01f287b3507b - hackernews - Retrieved 545 items in this window.
2026-08-31 10:17:12 +0000 - dagster - INFO - __ASSET_JOB - 211b6648-0646-498d-aa45-01f287b3507b - hackernews - Querying time window: 2026-08-28 19:19:21 to 2026-08-28 20:19:21 (1787944761 to 1787948361)...
2026-08-31 10:17:12 +0000 - dagster - INFO - __ASSET_JOB - 211b6648-0646-498d-aa45-01f287b3507b - hackernews - Making GET request to https://hn.algolia.com/api/v1/search_by_date?numericFilters=created_at_i%3E%3D1787944761%2Ccreated_at_i%3C1787948361&hitsPerPage=1000
2026-08-31 10:17:12 +0000 - dagster - INFO - __ASSET_JOB - 211b6648-0646-498d-aa45-01f287b3507b - hackernews - Retrieved 546 items in this window.
2026-08-31 10:17:12 +0000 - dagster - INFO - __ASSET_JOB - 211b6648-0646-498d-aa45-01f287b3507b - hackernews - Querying time window: 2026-08-28 20:19:21 to 2026-08-28 21:19:21 (1787948361 to 1787951961)...
2026-08-31 10:17:12 +0000 - dagster - INFO - __ASSET_JOB - 211b6648-0646-498d-aa45-01f287b3507b - hackernews - Making GET request to https://hn.algolia.com/api/v1/search_by_date?numericFilters=created_at_i%3E%3D1787948361%2Ccreated_at_i%3C1787951961&hitsPerPage=1000
2026-08-31 10:17:13 +0000 - dagster - INFO - __ASSET_JOB - 211b6648-0646-498d-aa45-01f287b3507b - hackernews - Retrieved 595 items in this window.
2026-08-31 10:17:13 +0000 - dagster - INFO - __ASSET_JOB - 211b6648-0646-498d-aa45-01f287b3507b - hackernews - Querying time window: 2026-08-28 21:19:21 to 2026-08-28 22:19:21 (1787951961 to 1787955561)...
2026-08-31 10:17:13 +0000 - dagster - INFO - __ASSET_JOB - 211b6648-0646-498d-aa45-01f287b3507b - hackernews - Making GET request to https://hn.algolia.com/api/v1/search_by_date?numericFilters=created_at_i%3E%3D1787951961%2Ccreated_at_i%3C1787955561&hitsPerPage=1000
2026-08-31 10:17:13 +0000 - dagster - INFO - __ASSET_JOB - 211b6648-0646-498d-aa45-01f287b3507b - hackernews - Retrieved 516 items in this window.
2026-08-31 10:17:13 +0000 - dagster - INFO - __ASSET_JOB - 211b6648-0646-498d-aa45-01f287b3507b - hackernews - Querying time window: 2026-08-28 22:19:21 to 2026-08-28 23:19:21 (1787955561 to 1787959161)...
2026-08-31 10:17:13 +0000 - dagster - INFO - __ASSET_JOB - 211b6648-0646-498d-aa45-01f287b3507b - hackernews - Making GET request to https://hn.algolia.com/api/v1/search_by_date?numericFilters=created_at_i%3E%3D1787955561%2Ccreated_at_i%3C1787959161&hitsPerPage=1000
2026-08-31 10:17:14 +0000 - dagster - INFO - __ASSET_JOB - 211b6648-0646-498d-aa45-01f287b3507b - hackernews - Retrieved 377 items in this window.
2026-08-31 10:17:14 +0000 - dagster - INFO - __ASSET_JOB - 211b6648-0646-498d-aa45-01f287b3507b - hackernews - Querying time window: 2026-08-28 23:19:21 to 2026-08-29 00:19:21 (1787959161 to 1787962761)...
2026-08-31 10:17:14 +0000 - dagster - INFO - __ASSET_JOB - 211b6648-0646-498d-aa45-01f287b3507b - hackernews - Making GET request to https://hn.algolia.com/api/v1/search_by_date?numericFilters=created_at_i%3E%3D1787959161%2Ccreated_at_i%3C1787962761&hitsPerPage=1000
2026-08-31 10:17:14 +0000 - dagster - INFO - __ASSET_JOB - 211b6648-0646-498d-aa45-01f287b3507b - hackernews - Retrieved 295 items in this window.
2026-08-31 10:17:14 +0000 - dagster - INFO - __ASSET_JOB - 211b6648-0646-498d-aa45-01f287b3507b - hackernews - Querying time window: 2026-08-29 00:19:21 to 2026-08-29 01:19:21 (1787962761 to 1787966361)...
2026-08-31 10:17:14 +0000 - dagster - INFO - __ASSET_JOB - 211b6648-0646-498d-aa45-01f287b3507b - hackernews - Making GET request to https://hn.algolia.com/api/v1/search_by_date?numericFilters=created_at_i%3E%3D1787962761%2Ccreated_at_i%3C1787966361&hitsPerPage=1000
2026-08-31 10:17:15 +0000 - dagster - INFO - __ASSET_JOB - 211b6648-0646-498d-aa45-01f287b3507b - hackernews - Retrieved 300 items in this window.
2026-08-31 10:17:15 +0000 - dagster - INFO - __ASSET_JOB - 211b6648-0646-498d-aa45-01f287b3507b - hackernews - Querying time window: 2026-08-29 01:19:21 to 2026-08-29 02:19:21 (1787966361 to 1787969961)...
2026-08-31 10:17:15 +0000 - dagster - INFO - __ASSET_JOB - 211b6648-0646-498d-aa45-01f287b3507b - hackernews - Making GET request to https://hn.algolia.com/api/v1/search_by_date?numericFilters=created_at_i%3E%3D1787966361%2Ccreated_at_i%3C1787969961&hitsPerPage=1000
2026-08-31 10:17:15 +0000 - dagster - INFO - __ASSET_JOB - 211b6648-0646-498d-aa45-01f287b3507b - hackernews - Retrieved 226 items in this window.
2026-08-31 10:17:15 +0000 - dagster - INFO - __ASSET_JOB - 211b6648-0646-498d-aa45-01f287b3507b - hackernews - Querying time window: 2026-08-29 02:19:21 to 2026-08-29 03:19:21 (1787969961 to 1787973561)...
2026-08-31 10:17:15 +0000 - dagster - INFO - __ASSET_JOB - 211b6648-0646-498d-aa45-01f287b3507b - hackernews - Making GET request to https://hn.algolia.com/api/v1/search_by_date?numericFilters=created_at_i%3E%3D1787969961%2Ccreated_at_i%3C1787973561&hitsPerPage=1000
2026-08-31 10:17:15 +0000 - dagster - INFO - __ASSET_JOB - 211b6648-0646-498d-aa45-01f287b3507b - hackernews - Retrieved 238 items in this window.
2026-08-31 10:17:15 +0000 - dagster - INFO - __ASSET_JOB - 211b6648-0646-498d-aa45-01f287b3507b - hackernews - Querying time window: 2026-08-29 03:19:21 to 2026-08-29 04:19:21 (1787973561 to 1787977161)...
2026-08-31 10:17:15 +0000 - dagster - INFO - __ASSET_JOB - 211b6648-0646-498d-aa45-01f287b3507b - hackernews - Making GET request to https://hn.algolia.com/api/v1/search_by_date?numericFilters=created_at_i%3E%3D1787973561%2Ccreated_at_i%3C1787977161&hitsPerPage=1000
2026-08-31 10:17:16 +0000 - dagster - INFO - __ASSET_JOB - 211b6648-0646-498d-aa45-01f287b3507b - hackernews - Retrieved 236 items in this window.
2026-08-31 10:17:16 +0000 - dagster - INFO - __ASSET_JOB - 211b6648-0646-498d-aa45-01f287b3507b - hackernews - Querying time window: 2026-08-29 04:19:21 to 2026-08-29 05:19:21 (1787977161 to 1787980761)...
2026-08-31 10:17:16 +0000 - dagster - INFO - __ASSET_JOB - 211b6648-0646-498d-aa45-01f287b3507b - hackernews - Making GET request to https://hn.algolia.com/api/v1/search_by_date?numericFilters=created_at_i%3E%3D1787977161%2Ccreated_at_i%3C1787980761&hitsPerPage=1000
2026-08-31 10:17:16 +0000 - dagster - INFO - __ASSET_JOB - 211b6648-0646-498d-aa45-01f287b3507b - hackernews - Retrieved 237 items in this window.
2026-08-31 10:17:16 +0000 - dagster - INFO - __ASSET_JOB - 211b6648-0646-498d-aa45-01f287b3507b - hackernews - Querying time window: 2026-08-29 05:19:21 to 2026-08-29 06:19:21 (1787980761 to 1787984361)...
2026-08-31 10:17:16 +0000 - dagster - INFO - __ASSET_JOB - 211b6648-0646-498d-aa45-01f287b3507b - hackernews - Making GET request to https://hn.algolia.com/api/v1/search_by_date?numericFilters=created_at_i%3E%3D1787980761%2Ccreated_at_i%3C1787984361&hitsPerPage=1000
2026-08-31 10:17:16 +0000 - dagster - INFO - __ASSET_JOB - 211b6648-0646-498d-aa45-01f287b3507b - hackernews - Retrieved 271 items in this window.
2026-08-31 10:17:17 +0000 - dagster - INFO - __ASSET_JOB - 211b6648-0646-498d-aa45-01f287b3507b - hackernews - Querying time window: 2026-08-29 06:19:21 to 2026-08-29 07:19:21 (1787984361 to 1787987961)...
2026-08-31 10:17:17 +0000 - dagster - INFO - __ASSET_JOB - 211b6648-0646-498d-aa45-01f287b3507b - hackernews - Making GET request to https://hn.algolia.com/api/v1/search_by_date?numericFilters=created_at_i%3E%3D1787984361%2Ccreated_at_i%3C1787987961&hitsPerPage=1000
2026-08-31 10:17:17 +0000 - dagster - INFO - __ASSET_JOB - 211b6648-0646-498d-aa45-01f287b3507b - hackernews - Retrieved 231 items in this window.
2026-08-31 10:17:17 +0000 - dagster - INFO - __ASSET_JOB - 211b6648-0646-498d-aa45-01f287b3507b - hackernews - Querying time window: 2026-08-29 07:19:21 to 2026-08-29 08:19:21 (1787987961 to 1787991561)...
2026-08-31 10:17:17 +0000 - dagster - INFO - __ASSET_JOB - 211b6648-0646-498d-aa45-01f287b3507b - hackernews - Making GET request to https://hn.algolia.com/api/v1/search_by_date?numericFilters=created_at_i%3E%3D1787987961%2Ccreated_at_i%3C1787991561&hitsPerPage=1000
2026-08-31 10:17:18 +0000 - dagster - INFO - __ASSET_JOB - 211b6648-0646-498d-aa45-01f287b3507b - hackernews - Retrieved 265 items in this window.
2026-08-31 10:17:18 +0000 - dagster - INFO - __ASSET_JOB - 211b6648-0646-498d-aa45-01f287b3507b - hackernews - Querying time window: 2026-08-29 08:19:21 to 2026-08-29 09:19:21 (1787991561 to 1787995161)...
2026-08-31 10:17:18 +0000 - dagster - INFO - __ASSET_JOB - 211b6648-0646-498d-aa45-01f287b3507b - hackernews - Making GET request to https://hn.algolia.com/api/v1/search_by_date?numericFilters=created_at_i%3E%3D1787991561%2Ccreated_at_i%3C1787995161&hitsPerPage=1000
2026-08-31 10:17:18 +0000 - dagster - INFO - __ASSET_JOB - 211b6648-0646-498d-aa45-01f287b3507b - hackernews - Retrieved 257 items in this window.
2026-08-31 10:17:18 +0000 - dagster - INFO - __ASSET_JOB - 211b6648-0646-498d-aa45-01f287b3507b - hackernews - Querying time window: 2026-08-29 09:19:21 to 2026-08-29 10:19:21 (1787995161 to 1787998761)...
2026-08-31 10:17:18 +0000 - dagster - INFO - __ASSET_JOB - 211b6648-0646-498d-aa45-01f287b3507b - hackernews - Making GET request to https://hn.algolia.com/api/v1/search_by_date?numericFilters=created_at_i%3E%3D1787995161%2Ccreated_at_i%3C1787998761&hitsPerPage=1000
2026-08-31 10:17:18 +0000 - dagster - INFO - __ASSET_JOB - 211b6648-0646-498d-aa45-01f287b3507b - hackernews - Retrieved 290 items in this window.
2026-08-31 10:17:18 +0000 - dagster - INFO - __ASSET_JOB - 211b6648-0646-498d-aa45-01f287b3507b - hackernews - Querying time window: 2026-08-29 10:19:21 to 2026-08-29 11:19:21 (1787998761 to 1788002361)...
2026-08-31 10:17:18 +0000 - dagster - INFO - __ASSET_JOB - 211b6648-0646-498d-aa45-01f287b3507b - hackernews - Making GET request to https://hn.algolia.com/api/v1/search_by_date?numericFilters=created_at_i%3E%3D1787998761%2Ccreated_at_i%3C1788002361&hitsPerPage=1000
2026-08-31 10:17:19 +0000 - dagster - INFO - __ASSET_JOB - 211b6648-0646-498d-aa45-01f287b3507b - hackernews - Retrieved 320 items in this window.
2026-08-31 10:17:19 +0000 - dagster - INFO - __ASSET_JOB - 211b6648-0646-498d-aa45-01f287b3507b - hackernews - Querying time window: 2026-08-29 11:19:21 to 2026-08-29 12:19:21 (1788002361 to 1788005961)...
2026-08-31 10:17:19 +0000 - dagster - INFO - __ASSET_JOB - 211b6648-0646-498d-aa45-01f287b3507b - hackernews - Making GET request to https://hn.algolia.com/api/v1/search_by_date?numericFilters=created_at_i%3E%3D1788002361%2Ccreated_at_i%3C1788005961&hitsPerPage=1000
2026-08-31 10:17:19 +0000 - dagster - INFO - __ASSET_JOB - 211b6648-0646-498d-aa45-01f287b3507b - hackernews - Retrieved 288 items in this window.
2026-08-31 10:17:19 +0000 - dagster - INFO - __ASSET_JOB - 211b6648-0646-498d-aa45-01f287b3507b - hackernews - Querying time window: 2026-08-29 12:19:21 to 2026-08-29 13:19:21 (1788005961 to 1788009561)...
2026-08-31 10:17:19 +0000 - dagster - INFO - __ASSET_JOB - 211b6648-0646-498d-aa45-01f287b3507b - hackernews - Making GET request to https://hn.algolia.com/api/v1/search_by_date?numericFilters=created_at_i%3E%3D1788005961%2Ccreated_at_i%3C1788009561&hitsPerPage=1000
2026-08-31 10:17:19 +0000 - dagster - INFO - __ASSET_JOB - 211b6648-0646-498d-aa45-01f287b3507b - hackernews - Retrieved 311 items in this window.
2026-08-31 10:17:19 +0000 - dagster - INFO - __ASSET_JOB - 211b6648-0646-498d-aa45-01f287b3507b - hackernews - Querying time window: 2026-08-29 13:19:21 to 2026-08-29 14:19:21 (1788009561 to 1788013161)...
2026-08-31 10:17:19 +0000 - dagster - INFO - __ASSET_JOB - 211b6648-0646-498d-aa45-01f287b3507b - hackernews - Making GET request to https://hn.algolia.com/api/v1/search_by_date?numericFilters=created_at_i%3E%3D1788009561%2Ccreated_at_i%3C1788013161&hitsPerPage=1000
2026-08-31 10:17:20 +0000 - dagster - INFO - __ASSET_JOB - 211b6648-0646-498d-aa45-01f287b3507b - hackernews - Retrieved 386 items in this window.
2026-08-31 10:17:20 +0000 - dagster - INFO - __ASSET_JOB - 211b6648-0646-498d-aa45-01f287b3507b - hackernews - Querying time window: 2026-08-29 14:19:21 to 2026-08-29 15:19:21 (1788013161 to 1788016761)...
2026-08-31 10:17:20 +0000 - dagster - INFO - __ASSET_JOB - 211b6648-0646-498d-aa45-01f287b3507b - hackernews - Making GET request to https://hn.algolia.com/api/v1/search_by_date?numericFilters=created_at_i%3E%3D1788013161%2Ccreated_at_i%3C1788016761&hitsPerPage=1000
2026-08-31 10:17:20 +0000 - dagster - INFO - __ASSET_JOB - 211b6648-0646-498d-aa45-01f287b3507b - hackernews - Retrieved 447 items in this window.
2026-08-31 10:17:20 +0000 - dagster - INFO - __ASSET_JOB - 211b6648-0646-498d-aa45-01f287b3507b - hackernews - Querying time window: 2026-08-29 15:19:21 to 2026-08-29 16:19:21 (1788016761 to 1788020361)...
2026-08-31 10:17:20 +0000 - dagster - INFO - __ASSET_JOB - 211b6648-0646-498d-aa45-01f287b3507b - hackernews - Making GET request to https://hn.algolia.com/api/v1/search_by_date?numericFilters=created_at_i%3E%3D1788016761%2Ccreated_at_i%3C1788020361&hitsPerPage=1000
2026-08-31 10:17:21 +0000 - dagster - INFO - __ASSET_JOB - 211b6648-0646-498d-aa45-01f287b3507b - hackernews - Retrieved 438 items in this window.
2026-08-31 10:17:21 +0000 - dagster - INFO - __ASSET_JOB - 211b6648-0646-498d-aa45-01f287b3507b - hackernews - Querying time window: 2026-08-29 16:19:21 to 2026-08-29 17:19:21 (1788020361 to 1788023961)...
2026-08-31 10:17:21 +0000 - dagster - INFO - __ASSET_JOB - 211b6648-0646-498d-aa45-01f287b3507b - hackernews - Making GET request to https://hn.algolia.com/api/v1/search_by_date?numericFilters=created_at_i%3E%3D1788020361%2Ccreated_at_i%3C1788023961&hitsPerPage=1000
2026-08-31 10:17:21 +0000 - dagster - INFO - __ASSET_JOB - 211b6648-0646-498d-aa45-01f287b3507b - hackernews - Retrieved 375 items in this window.
2026-08-31 10:17:21 +0000 - dagster - INFO - __ASSET_JOB - 211b6648-0646-498d-aa45-01f287b3507b - hackernews - Querying time window: 2026-08-29 17:19:21 to 2026-08-29 18:19:21 (1788023961 to 1788027561)...
2026-08-31 10:17:21 +0000 - dagster - INFO - __ASSET_JOB - 211b6648-0646-498d-aa45-01f287b3507b - hackernews - Making GET request to https://hn.algolia.com/api/v1/search_by_date?numericFilters=created_at_i%3E%3D1788023961%2Ccreated_at_i%3C1788027561&hitsPerPage=1000
2026-08-31 10:17:22 +0000 - dagster - INFO - __ASSET_JOB - 211b6648-0646-498d-aa45-01f287b3507b - hackernews - Retrieved 426 items in this window.
2026-08-31 10:17:22 +0000 - dagster - INFO - __ASSET_JOB - 211b6648-0646-498d-aa45-01f287b3507b - hackernews - Querying time window: 2026-08-29 18:19:21 to 2026-08-29 19:19:21 (1788027561 to 1788031161)...
2026-08-31 10:17:22 +0000 - dagster - INFO - __ASSET_JOB - 211b6648-0646-498d-aa45-01f287b3507b - hackernews - Making GET request to https://hn.algolia.com/api/v1/search_by_date?numericFilters=created_at_i%3E%3D1788027561%2Ccreated_at_i%3C1788031161&hitsPerPage=1000
2026-08-31 10:17:22 +0000 - dagster - INFO - __ASSET_JOB - 211b6648-0646-498d-aa45-01f287b3507b - hackernews - Retrieved 416 items in this window.
2026-08-31 10:17:22 +0000 - dagster - INFO - __ASSET_JOB - 211b6648-0646-498d-aa45-01f287b3507b - hackernews - Querying time window: 2026-08-29 19:19:21 to 2026-08-29 20:19:21 (1788031161 to 1788034761)...
2026-08-31 10:17:22 +0000 - dagster - INFO - __ASSET_JOB - 211b6648-0646-498d-aa45-01f287b3507b - hackernews - Making GET request to https://hn.algolia.com/api/v1/search_by_date?numericFilters=created_at_i%3E%3D1788031161%2Ccreated_at_i%3C1788034761&hitsPerPage=1000
2026-08-31 10:17:22 +0000 - dagster - INFO - __ASSET_JOB - 211b6648-0646-498d-aa45-01f287b3507b - hackernews - Retrieved 446 items in this window.
2026-08-31 10:17:22 +0000 - dagster - INFO - __ASSET_JOB - 211b6648-0646-498d-aa45-01f287b3507b - hackernews - Querying time window: 2026-08-29 20:19:21 to 2026-08-29 21:19:21 (1788034761 to 1788038361)...
2026-08-31 10:17:22 +0000 - dagster - INFO - __ASSET_JOB - 211b6648-0646-498d-aa45-01f287b3507b - hackernews - Making GET request to https://hn.algolia.com/api/v1/search_by_date?numericFilters=created_at_i%3E%3D1788034761%2Ccreated_at_i%3C1788038361&hitsPerPage=1000
2026-08-31 10:17:23 +0000 - dagster - INFO - __ASSET_JOB - 211b6648-0646-498d-aa45-01f287b3507b - hackernews - Retrieved 385 items in this window.
2026-08-31 10:17:23 +0000 - dagster - INFO - __ASSET_JOB - 211b6648-0646-498d-aa45-01f287b3507b - hackernews - Querying time window: 2026-08-29 21:19:21 to 2026-08-29 22:19:21 (1788038361 to 1788041961)...
2026-08-31 10:17:23 +0000 - dagster - INFO - __ASSET_JOB - 211b6648-0646-498d-aa45-01f287b3507b - hackernews - Making GET request to https://hn.algolia.com/api/v1/search_by_date?numericFilters=created_at_i%3E%3D1788038361%2Ccreated_at_i%3C1788041961&hitsPerPage=1000
2026-08-31 10:17:23 +0000 - dagster - INFO - __ASSET_JOB - 211b6648-0646-498d-aa45-01f287b3507b - hackernews - Retrieved 350 items in this window.
2026-08-31 10:17:23 +0000 - dagster - INFO - __ASSET_JOB - 211b6648-0646-498d-aa45-01f287b3507b - hackernews - Querying time window: 2026-08-29 22:19:21 to 2026-08-29 23:19:21 (1788041961 to 1788045561)...
2026-08-31 10:17:23 +0000 - dagster - INFO - __ASSET_JOB - 211b6648-0646-498d-aa45-01f287b3507b - hackernews - Making GET request to https://hn.algolia.com/api/v1/search_by_date?numericFilters=created_at_i%3E%3D1788041961%2Ccreated_at_i%3C1788045561&hitsPerPage=1000
2026-08-31 10:17:24 +0000 - dagster - INFO - __ASSET_JOB - 211b6648-0646-498d-aa45-01f287b3507b - hackernews - Retrieved 367 items in this window.
2026-08-31 10:17:24 +0000 - dagster - INFO - __ASSET_JOB - 211b6648-0646-498d-aa45-01f287b3507b - hackernews - Querying time window: 2026-08-29 23:19:21 to 2026-08-30 00:19:21 (1788045561 to 1788049161)...
2026-08-31 10:17:24 +0000 - dagster - INFO - __ASSET_JOB - 211b6648-0646-498d-aa45-01f287b3507b - hackernews - Making GET request to https://hn.algolia.com/api/v1/search_by_date?numericFilters=created_at_i%3E%3D1788045561%2Ccreated_at_i%3C1788049161&hitsPerPage=1000
2026-08-31 10:17:24 +0000 - dagster - INFO - __ASSET_JOB - 211b6648-0646-498d-aa45-01f287b3507b - hackernews - Retrieved 280 items in this window.
2026-08-31 10:17:24 +0000 - dagster - INFO - __ASSET_JOB - 211b6648-0646-498d-aa45-01f287b3507b - hackernews - Querying time window: 2026-08-30 00:19:21 to 2026-08-30 01:19:21 (1788049161 to 1788052761)...
2026-08-31 10:17:24 +0000 - dagster - INFO - __ASSET_JOB - 211b6648-0646-498d-aa45-01f287b3507b - hackernews - Making GET request to https://hn.algolia.com/api/v1/search_by_date?numericFilters=created_at_i%3E%3D1788049161%2Ccreated_at_i%3C1788052761&hitsPerPage=1000
2026-08-31 10:17:24 +0000 - dagster - INFO - __ASSET_JOB - 211b6648-0646-498d-aa45-01f287b3507b - hackernews - Retrieved 261 items in this window.
2026-08-31 10:17:24 +0000 - dagster - INFO - __ASSET_JOB - 211b6648-0646-498d-aa45-01f287b3507b - hackernews - Querying time window: 2026-08-30 01:19:21 to 2026-08-30 02:19:21 (1788052761 to 1788056361)...
2026-08-31 10:17:24 +0000 - dagster - INFO - __ASSET_JOB - 211b6648-0646-498d-aa45-01f287b3507b - hackernews - Making GET request to https://hn.algolia.com/api/v1/search_by_date?numericFilters=created_at_i%3E%3D1788052761%2Ccreated_at_i%3C1788056361&hitsPerPage=1000
2026-08-31 10:17:25 +0000 - dagster - INFO - __ASSET_JOB - 211b6648-0646-498d-aa45-01f287b3507b - hackernews - Retrieved 275 items in this window.
2026-08-31 10:17:25 +0000 - dagster - INFO - __ASSET_JOB - 211b6648-0646-498d-aa45-01f287b3507b - hackernews - Querying time window: 2026-08-30 02:19:21 to 2026-08-30 03:19:21 (1788056361 to 1788059961)...
2026-08-31 10:17:25 +0000 - dagster - INFO - __ASSET_JOB - 211b6648-0646-498d-aa45-01f287b3507b - hackernews - Making GET request to https://hn.algolia.com/api/v1/search_by_date?numericFilters=created_at_i%3E%3D1788056361%2Ccreated_at_i%3C1788059961&hitsPerPage=1000
2026-08-31 10:17:25 +0000 - dagster - INFO - __ASSET_JOB - 211b6648-0646-498d-aa45-01f287b3507b - hackernews - Retrieved 258 items in this window.
2026-08-31 10:17:25 +0000 - dagster - INFO - __ASSET_JOB - 211b6648-0646-498d-aa45-01f287b3507b - hackernews - Querying time window: 2026-08-30 03:19:21 to 2026-08-30 04:19:21 (1788059961 to 1788063561)...
2026-08-31 10:17:25 +0000 - dagster - INFO - __ASSET_JOB - 211b6648-0646-498d-aa45-01f287b3507b - hackernews - Making GET request to https://hn.algolia.com/api/v1/search_by_date?numericFilters=created_at_i%3E%3D1788059961%2Ccreated_at_i%3C1788063561&hitsPerPage=1000
2026-08-31 10:17:25 +0000 - dagster - INFO - __ASSET_JOB - 211b6648-0646-498d-aa45-01f287b3507b - hackernews - Retrieved 238 items in this window.
2026-08-31 10:17:26 +0000 - dagster - INFO - __ASSET_JOB - 211b6648-0646-498d-aa45-01f287b3507b - hackernews - Querying time window: 2026-08-30 04:19:21 to 2026-08-30 05:19:21 (1788063561 to 1788067161)...
2026-08-31 10:17:26 +0000 - dagster - INFO - __ASSET_JOB - 211b6648-0646-498d-aa45-01f287b3507b - hackernews - Making GET request to https://hn.algolia.com/api/v1/search_by_date?numericFilters=created_at_i%3E%3D1788063561%2Ccreated_at_i%3C1788067161&hitsPerPage=1000
2026-08-31 10:17:26 +0000 - dagster - INFO - __ASSET_JOB - 211b6648-0646-498d-aa45-01f287b3507b - hackernews - Retrieved 219 items in this window.
2026-08-31 10:17:26 +0000 - dagster - INFO - __ASSET_JOB - 211b6648-0646-498d-aa45-01f287b3507b - hackernews - Querying time window: 2026-08-30 05:19:21 to 2026-08-30 06:19:21 (1788067161 to 1788070761)...
2026-08-31 10:17:26 +0000 - dagster - INFO - __ASSET_JOB - 211b6648-0646-498d-aa45-01f287b3507b - hackernews - Making GET request to https://hn.algolia.com/api/v1/search_by_date?numericFilters=created_at_i%3E%3D1788067161%2Ccreated_at_i%3C1788070761&hitsPerPage=1000
2026-08-31 10:17:26 +0000 - dagster - INFO - __ASSET_JOB - 211b6648-0646-498d-aa45-01f287b3507b - hackernews - Retrieved 203 items in this window.
2026-08-31 10:17:26 +0000 - dagster - INFO - __ASSET_JOB - 211b6648-0646-498d-aa45-01f287b3507b - hackernews - Querying time window: 2026-08-30 06:19:21 to 2026-08-30 07:19:21 (1788070761 to 1788074361)...
2026-08-31 10:17:26 +0000 - dagster - INFO - __ASSET_JOB - 211b6648-0646-498d-aa45-01f287b3507b - hackernews - Making GET request to https://hn.algolia.com/api/v1/search_by_date?numericFilters=created_at_i%3E%3D1788070761%2Ccreated_at_i%3C1788074361&hitsPerPage=1000
2026-08-31 10:17:27 +0000 - dagster - INFO - __ASSET_JOB - 211b6648-0646-498d-aa45-01f287b3507b - hackernews - Retrieved 257 items in this window.
2026-08-31 10:17:27 +0000 - dagster - INFO - __ASSET_JOB - 211b6648-0646-498d-aa45-01f287b3507b - hackernews - Querying time window: 2026-08-30 07:19:21 to 2026-08-30 08:19:21 (1788074361 to 1788077961)...
2026-08-31 10:17:27 +0000 - dagster - INFO - __ASSET_JOB - 211b6648-0646-498d-aa45-01f287b3507b - hackernews - Making GET request to https://hn.algolia.com/api/v1/search_by_date?numericFilters=created_at_i%3E%3D1788074361%2Ccreated_at_i%3C1788077961&hitsPerPage=1000
2026-08-31 10:17:27 +0000 - dagster - INFO - __ASSET_JOB - 211b6648-0646-498d-aa45-01f287b3507b - hackernews - Retrieved 292 items in this window.
2026-08-31 10:17:27 +0000 - dagster - INFO - __ASSET_JOB - 211b6648-0646-498d-aa45-01f287b3507b - hackernews - Querying time window: 2026-08-30 08:19:21 to 2026-08-30 09:19:21 (1788077961 to 1788081561)...
2026-08-31 10:17:27 +0000 - dagster - INFO - __ASSET_JOB - 211b6648-0646-498d-aa45-01f287b3507b - hackernews - Making GET request to https://hn.algolia.com/api/v1/search_by_date?numericFilters=created_at_i%3E%3D1788077961%2Ccreated_at_i%3C1788081561&hitsPerPage=1000
2026-08-31 10:17:27 +0000 - dagster - INFO - __ASSET_JOB - 211b6648-0646-498d-aa45-01f287b3507b - hackernews - Retrieved 228 items in this window.
2026-08-31 10:17:27 +0000 - dagster - INFO - __ASSET_JOB - 211b6648-0646-498d-aa45-01f287b3507b - hackernews - Querying time window: 2026-08-30 09:19:21 to 2026-08-30 10:19:21 (1788081561 to 1788085161)...
2026-08-31 10:17:27 +0000 - dagster - INFO - __ASSET_JOB - 211b6648-0646-498d-aa45-01f287b3507b - hackernews - Making GET request to https://hn.algolia.com/api/v1/search_by_date?numericFilters=created_at_i%3E%3D1788081561%2Ccreated_at_i%3C1788085161&hitsPerPage=1000
2026-08-31 10:17:28 +0000 - dagster - INFO - __ASSET_JOB - 211b6648-0646-498d-aa45-01f287b3507b - hackernews - Retrieved 281 items in this window.
2026-08-31 10:17:28 +0000 - dagster - INFO - __ASSET_JOB - 211b6648-0646-498d-aa45-01f287b3507b - hackernews - Querying time window: 2026-08-30 10:19:21 to 2026-08-30 11:19:21 (1788085161 to 1788088761)...
2026-08-31 10:17:28 +0000 - dagster - INFO - __ASSET_JOB - 211b6648-0646-498d-aa45-01f287b3507b - hackernews - Making GET request to https://hn.algolia.com/api/v1/search_by_date?numericFilters=created_at_i%3E%3D1788085161%2Ccreated_at_i%3C1788088761&hitsPerPage=1000
2026-08-31 10:17:28 +0000 - dagster - INFO - __ASSET_JOB - 211b6648-0646-498d-aa45-01f287b3507b - hackernews - Retrieved 298 items in this window.
2026-08-31 10:17:28 +0000 - dagster - INFO - __ASSET_JOB - 211b6648-0646-498d-aa45-01f287b3507b - hackernews - Querying time window: 2026-08-30 11:19:21 to 2026-08-30 12:19:21 (1788088761 to 1788092361)...
2026-08-31 10:17:28 +0000 - dagster - INFO - __ASSET_JOB - 211b6648-0646-498d-aa45-01f287b3507b - hackernews - Making GET request to https://hn.algolia.com/api/v1/search_by_date?numericFilters=created_at_i%3E%3D1788088761%2Ccreated_at_i%3C1788092361&hitsPerPage=1000
2026-08-31 10:17:28 +0000 - dagster - INFO - __ASSET_JOB - 211b6648-0646-498d-aa45-01f287b3507b - hackernews - Retrieved 302 items in this window.
2026-08-31 10:17:28 +0000 - dagster - INFO - __ASSET_JOB - 211b6648-0646-498d-aa45-01f287b3507b - hackernews - Querying time window: 2026-08-30 12:19:21 to 2026-08-30 13:19:21 (1788092361 to 1788095961)...
2026-08-31 10:17:28 +0000 - dagster - INFO - __ASSET_JOB - 211b6648-0646-498d-aa45-01f287b3507b - hackernews - Making GET request to https://hn.algolia.com/api/v1/search_by_date?numericFilters=created_at_i%3E%3D1788092361%2Ccreated_at_i%3C1788095961&hitsPerPage=1000
2026-08-31 10:17:29 +0000 - dagster - INFO - __ASSET_JOB - 211b6648-0646-498d-aa45-01f287b3507b - hackernews - Retrieved 300 items in this window.
2026-08-31 10:17:29 +0000 - dagster - INFO - __ASSET_JOB - 211b6648-0646-498d-aa45-01f287b3507b - hackernews - Querying time window: 2026-08-30 13:19:21 to 2026-08-30 14:19:21 (1788095961 to 1788099561)...
2026-08-31 10:17:29 +0000 - dagster - INFO - __ASSET_JOB - 211b6648-0646-498d-aa45-01f287b3507b - hackernews - Making GET request to https://hn.algolia.com/api/v1/search_by_date?numericFilters=created_at_i%3E%3D1788095961%2Ccreated_at_i%3C1788099561&hitsPerPage=1000
2026-08-31 10:17:29 +0000 - dagster - INFO - __ASSET_JOB - 211b6648-0646-498d-aa45-01f287b3507b - hackernews - Retrieved 451 items in this window.
2026-08-31 10:17:29 +0000 - dagster - INFO - __ASSET_JOB - 211b6648-0646-498d-aa45-01f287b3507b - hackernews - Querying time window: 2026-08-30 14:19:21 to 2026-08-30 15:19:21 (1788099561 to 1788103161)...
2026-08-31 10:17:29 +0000 - dagster - INFO - __ASSET_JOB - 211b6648-0646-498d-aa45-01f287b3507b - hackernews - Making GET request to https://hn.algolia.com/api/v1/search_by_date?numericFilters=created_at_i%3E%3D1788099561%2Ccreated_at_i%3C1788103161&hitsPerPage=1000
2026-08-31 10:17:30 +0000 - dagster - INFO - __ASSET_JOB - 211b6648-0646-498d-aa45-01f287b3507b - hackernews - Retrieved 498 items in this window.
2026-08-31 10:17:30 +0000 - dagster - INFO - __ASSET_JOB - 211b6648-0646-498d-aa45-01f287b3507b - hackernews - Querying time window: 2026-08-30 15:19:21 to 2026-08-30 16:19:21 (1788103161 to 1788106761)...
2026-08-31 10:17:30 +0000 - dagster - INFO - __ASSET_JOB - 211b6648-0646-498d-aa45-01f287b3507b - hackernews - Making GET request to https://hn.algolia.com/api/v1/search_by_date?numericFilters=created_at_i%3E%3D1788103161%2Ccreated_at_i%3C1788106761&hitsPerPage=1000
2026-08-31 10:17:30 +0000 - dagster - INFO - __ASSET_JOB - 211b6648-0646-498d-aa45-01f287b3507b - hackernews - Retrieved 539 items in this window.
2026-08-31 10:17:30 +0000 - dagster - INFO - __ASSET_JOB - 211b6648-0646-498d-aa45-01f287b3507b - hackernews - Querying time window: 2026-08-30 16:19:21 to 2026-08-30 17:19:21 (1788106761 to 1788110361)...
2026-08-31 10:17:30 +0000 - dagster - INFO - __ASSET_JOB - 211b6648-0646-498d-aa45-01f287b3507b - hackernews - Making GET request to https://hn.algolia.com/api/v1/search_by_date?numericFilters=created_at_i%3E%3D1788106761%2Ccreated_at_i%3C1788110361&hitsPerPage=1000
2026-08-31 10:17:31 +0000 - dagster - INFO - __ASSET_JOB - 211b6648-0646-498d-aa45-01f287b3507b - hackernews - Retrieved 573 items in this window.
2026-08-31 10:17:31 +0000 - dagster - INFO - __ASSET_JOB - 211b6648-0646-498d-aa45-01f287b3507b - hackernews - Querying time window: 2026-08-30 17:19:21 to 2026-08-30 18:19:21 (1788110361 to 1788113961)...
2026-08-31 10:17:31 +0000 - dagster - INFO - __ASSET_JOB - 211b6648-0646-498d-aa45-01f287b3507b - hackernews - Making GET request to https://hn.algolia.com/api/v1/search_by_date?numericFilters=created_at_i%3E%3D1788110361%2Ccreated_at_i%3C1788113961&hitsPerPage=1000
2026-08-31 10:17:31 +0000 - dagster - INFO - __ASSET_JOB - 211b6648-0646-498d-aa45-01f287b3507b - hackernews - Retrieved 578 items in this window.
2026-08-31 10:17:31 +0000 - dagster - INFO - __ASSET_JOB - 211b6648-0646-498d-aa45-01f287b3507b - hackernews - Querying time window: 2026-08-30 18:19:21 to 2026-08-30 19:19:21 (1788113961 to 1788117561)...
2026-08-31 10:17:31 +0000 - dagster - INFO - __ASSET_JOB - 211b6648-0646-498d-aa45-01f287b3507b - hackernews - Making GET request to https://hn.algolia.com/api/v1/search_by_date?numericFilters=created_at_i%3E%3D1788113961%2Ccreated_at_i%3C1788117561&hitsPerPage=1000
2026-08-31 10:17:31 +0000 - dagster - INFO - __ASSET_JOB - 211b6648-0646-498d-aa45-01f287b3507b - hackernews - Retrieved 523 items in this window.
2026-08-31 10:17:32 +0000 - dagster - INFO - __ASSET_JOB - 211b6648-0646-498d-aa45-01f287b3507b - hackernews - Querying time window: 2026-08-30 19:19:21 to 2026-08-30 20:19:21 (1788117561 to 1788121161)...
2026-08-31 10:17:32 +0000 - dagster - INFO - __ASSET_JOB - 211b6648-0646-498d-aa45-01f287b3507b - hackernews - Making GET request to https://hn.algolia.com/api/v1/search_by_date?numericFilters=created_at_i%3E%3D1788117561%2Ccreated_at_i%3C1788121161&hitsPerPage=1000
2026-08-31 10:17:32 +0000 - dagster - INFO - __ASSET_JOB - 211b6648-0646-498d-aa45-01f287b3507b - hackernews - Retrieved 420 items in this window.
2026-08-31 10:17:32 +0000 - dagster - INFO - __ASSET_JOB - 211b6648-0646-498d-aa45-01f287b3507b - hackernews - Querying time window: 2026-08-30 20:19:21 to 2026-08-30 21:19:21 (1788121161 to 1788124761)...
2026-08-31 10:17:32 +0000 - dagster - INFO - __ASSET_JOB - 211b6648-0646-498d-aa45-01f287b3507b - hackernews - Making GET request to https://hn.algolia.com/api/v1/search_by_date?numericFilters=created_at_i%3E%3D1788121161%2Ccreated_at_i%3C1788124761&hitsPerPage=1000
2026-08-31 10:17:32 +0000 - dagster - INFO - __ASSET_JOB - 211b6648-0646-498d-aa45-01f287b3507b - hackernews - Retrieved 522 items in this window.
2026-08-31 10:17:32 +0000 - dagster - INFO - __ASSET_JOB - 211b6648-0646-498d-aa45-01f287b3507b - hackernews - Querying time window: 2026-08-30 21:19:21 to 2026-08-30 22:19:21 (1788124761 to 1788128361)...
2026-08-31 10:17:32 +0000 - dagster - INFO - __ASSET_JOB - 211b6648-0646-498d-aa45-01f287b3507b - hackernews - Making GET request to https://hn.algolia.com/api/v1/search_by_date?numericFilters=created_at_i%3E%3D1788124761%2Ccreated_at_i%3C1788128361&hitsPerPage=1000
2026-08-31 10:17:33 +0000 - dagster - INFO - __ASSET_JOB - 211b6648-0646-498d-aa45-01f287b3507b - hackernews - Retrieved 427 items in this window.
2026-08-31 10:17:33 +0000 - dagster - INFO - __ASSET_JOB - 211b6648-0646-498d-aa45-01f287b3507b - hackernews - Querying time window: 2026-08-30 22:19:21 to 2026-08-30 23:19:21 (1788128361 to 1788131961)...
2026-08-31 10:17:33 +0000 - dagster - INFO - __ASSET_JOB - 211b6648-0646-498d-aa45-01f287b3507b - hackernews - Making GET request to https://hn.algolia.com/api/v1/search_by_date?numericFilters=created_at_i%3E%3D1788128361%2Ccreated_at_i%3C1788131961&hitsPerPage=1000
2026-08-31 10:17:33 +0000 - dagster - INFO - __ASSET_JOB - 211b6648-0646-498d-aa45-01f287b3507b - hackernews - Retrieved 368 items in this window.
2026-08-31 10:17:33 +0000 - dagster - INFO - __ASSET_JOB - 211b6648-0646-498d-aa45-01f287b3507b - hackernews - Querying time window: 2026-08-30 23:19:21 to 2026-08-31 00:19:21 (1788131961 to 1788135561)...
2026-08-31 10:17:33 +0000 - dagster - INFO - __ASSET_JOB - 211b6648-0646-498d-aa45-01f287b3507b - hackernews - Making GET request to https://hn.algolia.com/api/v1/search_by_date?numericFilters=created_at_i%3E%3D1788131961%2Ccreated_at_i%3C1788135561&hitsPerPage=1000
2026-08-31 10:17:34 +0000 - dagster - INFO - __ASSET_JOB - 211b6648-0646-498d-aa45-01f287b3507b - hackernews - Retrieved 388 items in this window.
2026-08-31 10:17:34 +0000 - dagster - INFO - __ASSET_JOB - 211b6648-0646-498d-aa45-01f287b3507b - hackernews - Querying time window: 2026-08-31 00:19:21 to 2026-08-31 01:19:21 (1788135561 to 1788139161)...
2026-08-31 10:17:34 +0000 - dagster - INFO - __ASSET_JOB - 211b6648-0646-498d-aa45-01f287b3507b - hackernews - Making GET request to https://hn.algolia.com/api/v1/search_by_date?numericFilters=created_at_i%3E%3D1788135561%2Ccreated_at_i%3C1788139161&hitsPerPage=1000
2026-08-31 10:17:34 +0000 - dagster - INFO - __ASSET_JOB - 211b6648-0646-498d-aa45-01f287b3507b - hackernews - Retrieved 301 items in this window.
2026-08-31 10:17:34 +0000 - dagster - INFO - __ASSET_JOB - 211b6648-0646-498d-aa45-01f287b3507b - hackernews - Querying time window: 2026-08-31 01:19:21 to 2026-08-31 02:19:21 (1788139161 to 1788142761)...
2026-08-31 10:17:34 +0000 - dagster - INFO - __ASSET_JOB - 211b6648-0646-498d-aa45-01f287b3507b - hackernews - Making GET request to https://hn.algolia.com/api/v1/search_by_date?numericFilters=created_at_i%3E%3D1788139161%2Ccreated_at_i%3C1788142761&hitsPerPage=1000
2026-08-31 10:17:34 +0000 - dagster - INFO - __ASSET_JOB - 211b6648-0646-498d-aa45-01f287b3507b - hackernews - Retrieved 278 items in this window.
2026-08-31 10:17:34 +0000 - dagster - INFO - __ASSET_JOB - 211b6648-0646-498d-aa45-01f287b3507b - hackernews - Querying time window: 2026-08-31 02:19:21 to 2026-08-31 03:19:21 (1788142761 to 1788146361)...
2026-08-31 10:17:34 +0000 - dagster - INFO - __ASSET_JOB - 211b6648-0646-498d-aa45-01f287b3507b - hackernews - Making GET request to https://hn.algolia.com/api/v1/search_by_date?numericFilters=created_at_i%3E%3D1788142761%2Ccreated_at_i%3C1788146361&hitsPerPage=1000
2026-08-31 10:17:35 +0000 - dagster - INFO - __ASSET_JOB - 211b6648-0646-498d-aa45-01f287b3507b - hackernews - Retrieved 291 items in this window.
2026-08-31 10:17:35 +0000 - dagster - INFO - __ASSET_JOB - 211b6648-0646-498d-aa45-01f287b3507b - hackernews - Querying time window: 2026-08-31 03:19:21 to 2026-08-31 04:19:21 (1788146361 to 1788149961)...
2026-08-31 10:17:35 +0000 - dagster - INFO - __ASSET_JOB - 211b6648-0646-498d-aa45-01f287b3507b - hackernews - Making GET request to https://hn.algolia.com/api/v1/search_by_date?numericFilters=created_at_i%3E%3D1788146361%2Ccreated_at_i%3C1788149961&hitsPerPage=1000
2026-08-31 10:17:35 +0000 - dagster - INFO - __ASSET_JOB - 211b6648-0646-498d-aa45-01f287b3507b - hackernews - Retrieved 265 items in this window.
2026-08-31 10:17:35 +0000 - dagster - INFO - __ASSET_JOB - 211b6648-0646-498d-aa45-01f287b3507b - hackernews - Querying time window: 2026-08-31 04:19:21 to 2026-08-31 05:19:21 (1788149961 to 1788153561)...
2026-08-31 10:17:35 +0000 - dagster - INFO - __ASSET_JOB - 211b6648-0646-498d-aa45-01f287b3507b - hackernews - Making GET request to https://hn.algolia.com/api/v1/search_by_date?numericFilters=created_at_i%3E%3D1788149961%2Ccreated_at_i%3C1788153561&hitsPerPage=1000
2026-08-31 10:17:36 +0000 - dagster - INFO - __ASSET_JOB - 211b6648-0646-498d-aa45-01f287b3507b - hackernews - Retrieved 334 items in this window.
2026-08-31 10:17:36 +0000 - dagster - INFO - __ASSET_JOB - 211b6648-0646-498d-aa45-01f287b3507b - hackernews - Querying time window: 2026-08-31 05:19:21 to 2026-08-31 06:19:21 (1788153561 to 1788157161)...
2026-08-31 10:17:36 +0000 - dagster - INFO - __ASSET_JOB - 211b6648-0646-498d-aa45-01f287b3507b - hackernews - Making GET request to https://hn.algolia.com/api/v1/search_by_date?numericFilters=created_at_i%3E%3D1788153561%2Ccreated_at_i%3C1788157161&hitsPerPage=1000
2026-08-31 10:17:36 +0000 - dagster - INFO - __ASSET_JOB - 211b6648-0646-498d-aa45-01f287b3507b - hackernews - Retrieved 301 items in this window.
2026-08-31 10:17:36 +0000 - dagster - INFO - __ASSET_JOB - 211b6648-0646-498d-aa45-01f287b3507b - hackernews - Querying time window: 2026-08-31 06:19:21 to 2026-08-31 07:19:21 (1788157161 to 1788160761)...
2026-08-31 10:17:36 +0000 - dagster - INFO - __ASSET_JOB - 211b6648-0646-498d-aa45-01f287b3507b - hackernews - Making GET request to https://hn.algolia.com/api/v1/search_by_date?numericFilters=created_at_i%3E%3D1788157161%2Ccreated_at_i%3C1788160761&hitsPerPage=1000
2026-08-31 10:17:36 +0000 - dagster - INFO - __ASSET_JOB - 211b6648-0646-498d-aa45-01f287b3507b - hackernews - Retrieved 355 items in this window.
2026-08-31 10:17:36 +0000 - dagster - INFO - __ASSET_JOB - 211b6648-0646-498d-aa45-01f287b3507b - hackernews - Querying time window: 2026-08-31 07:19:21 to 2026-08-31 08:19:21 (1788160761 to 1788164361)...
2026-08-31 10:17:36 +0000 - dagster - INFO - __ASSET_JOB - 211b6648-0646-498d-aa45-01f287b3507b - hackernews - Making GET request to https://hn.algolia.com/api/v1/search_by_date?numericFilters=created_at_i%3E%3D1788160761%2Ccreated_at_i%3C1788164361&hitsPerPage=1000
2026-08-31 10:17:37 +0000 - dagster - INFO - __ASSET_JOB - 211b6648-0646-498d-aa45-01f287b3507b - hackernews - Retrieved 343 items in this window.
2026-08-31 10:17:37 +0000 - dagster - INFO - __ASSET_JOB - 211b6648-0646-498d-aa45-01f287b3507b - hackernews - Querying time window: 2026-08-31 08:19:21 to 2026-08-31 09:19:21 (1788164361 to 1788167961)...
2026-08-31 10:17:37 +0000 - dagster - INFO - __ASSET_JOB - 211b6648-0646-498d-aa45-01f287b3507b - hackernews - Making GET request to https://hn.algolia.com/api/v1/search_by_date?numericFilters=created_at_i%3E%3D1788164361%2Ccreated_at_i%3C1788167961&hitsPerPage=1000
2026-08-31 10:17:37 +0000 - dagster - INFO - __ASSET_JOB - 211b6648-0646-498d-aa45-01f287b3507b - hackernews - Retrieved 501 items in this window.
2026-08-31 10:17:37 +0000 - dagster - INFO - __ASSET_JOB - 211b6648-0646-498d-aa45-01f287b3507b - hackernews - Querying time window: 2026-08-31 09:19:21 to 2026-08-31 10:16:13 (1788167961 to 1788171373)...
2026-08-31 10:17:37 +0000 - dagster - INFO - __ASSET_JOB - 211b6648-0646-498d-aa45-01f287b3507b - hackernews - Making GET request to https://hn.algolia.com/api/v1/search_by_date?numericFilters=created_at_i%3E%3D1788167961%2Ccreated_at_i%3C1788171373&hitsPerPage=1000
2026-08-31 10:17:38 +0000 - dagster - INFO - __ASSET_JOB - 211b6648-0646-498d-aa45-01f287b3507b - hackernews - Retrieved 316 items in this window.
2026-08-31 10:17:38 +0000 - dagster - INFO - __ASSET_JOB - 211b6648-0646-498d-aa45-01f287b3507b - hackernews - Ingested 80530 items. Catch-up completed up to 2026-08-31 10:16:13 (1788171373).
2026-08-31 10:17:38 +0000 - dagster - INFO - __ASSET_JOB - 211b6648-0646-498d-aa45-01f287b3507b - hackernews - Created none pool with 1 workers
2026-08-31 10:17:38 +0000 - dagster - INFO - __ASSET_JOB - 211b6648-0646-498d-aa45-01f287b3507b - hackernews - Running file normalizing
2026-08-31 10:17:38 +0000 - dagster - INFO - __ASSET_JOB - 211b6648-0646-498d-aa45-01f287b3507b - hackernews - Found 1 load packages
2026-08-31 10:17:38 +0000 - dagster - INFO - __ASSET_JOB - 211b6648-0646-498d-aa45-01f287b3507b - hackernews - Found 2 files in schema hackernews_source load_id 1788171373.7055871
2026-08-31 10:17:38 +0000 - dagster - INFO - __ASSET_JOB - 211b6648-0646-498d-aa45-01f287b3507b - hackernews - Created new load package 1788171373.7055871 on loading volume with 2 files
2026-08-31 10:17:38 +0000 - dagster - INFO - __ASSET_JOB - 211b6648-0646-498d-aa45-01f287b3507b - hackernews - A file format for table _dlt_pipeline_state was specified to preferred in the resource so parquet format being used.
2026-08-31 10:17:38 +0000 - dagster - INFO - __ASSET_JOB - 211b6648-0646-498d-aa45-01f287b3507b - hackernews - Created items normalizer JsonLItemsNormalizer with writer ParquetDataWriter for item format object and file format parquet on table _dlt_pipeline_state
2026-08-31 10:17:38 +0000 - dagster - INFO - __ASSET_JOB - 211b6648-0646-498d-aa45-01f287b3507b - hackernews - Created items normalizer JsonLItemsNormalizer with writer ParquetDataWriter for item format object and file format parquet on table items
2026-08-31 10:17:41 +0000 - dagster - INFO - __ASSET_JOB - 211b6648-0646-498d-aa45-01f287b3507b - hackernews - Processed all items in 2 files
2026-08-31 10:17:41 +0000 - dagster - INFO - __ASSET_JOB - 211b6648-0646-498d-aa45-01f287b3507b - hackernews - Schema hackernews_source with version 3 was not modified. Save skipped
2026-08-31 10:17:41 +0000 - dagster - INFO - __ASSET_JOB - 211b6648-0646-498d-aa45-01f287b3507b - hackernews - Committing storage, do not kill this process
2026-08-31 10:17:41 +0000 - dagster - INFO - __ASSET_JOB - 211b6648-0646-498d-aa45-01f287b3507b - hackernews - Extracted package 1788171373.7055871 processed
2026-08-31 10:17:41 +0000 - dagster - INFO - __ASSET_JOB - 211b6648-0646-498d-aa45-01f287b3507b - hackernews - Closing processing pool
2026-08-31 10:17:41 +0000 - dagster - INFO - __ASSET_JOB - 211b6648-0646-498d-aa45-01f287b3507b - hackernews - Processing pool closed
2026-08-31 10:17:41 +0000 - dagster - INFO - __ASSET_JOB - 211b6648-0646-498d-aa45-01f287b3507b - hackernews - Created thread pool with 20 workers
2026-08-31 10:17:41 +0000 - dagster - INFO - __ASSET_JOB - 211b6648-0646-498d-aa45-01f287b3507b - hackernews - Running file loading
2026-08-31 10:17:41 +0000 - dagster - INFO - __ASSET_JOB - 211b6648-0646-498d-aa45-01f287b3507b - hackernews - Found 1 load packages
2026-08-31 10:17:41 +0000 - dagster - INFO - __ASSET_JOB - 211b6648-0646-498d-aa45-01f287b3507b - hackernews - Loading schema from load package in 1788171373.7055871
2026-08-31 10:17:41 +0000 - dagster - INFO - __ASSET_JOB - 211b6648-0646-498d-aa45-01f287b3507b - hackernews - Loaded schema name hackernews_source and version 3
2026-08-31 10:17:41 +0000 - dagster - INFO - __ASSET_JOB - 211b6648-0646-498d-aa45-01f287b3507b - hackernews - Client for ducklake will start initialize storage 
2026-08-31 10:17:41 +0000 - dagster - INFO - __ASSET_JOB - 211b6648-0646-498d-aa45-01f287b3507b - hackernews - Client for ducklake will update schema to package schema 
2026-08-31 10:17:41 +0000 - dagster - INFO - __ASSET_JOB - 211b6648-0646-498d-aa45-01f287b3507b - hackernews - Schema with hash 6By9nwqTTrhznnSPDpfURqHpWrsY2BVikyibecXijOE= inserted at 2026-08-10 23:15:46.025744+00:00 found in storage, no upgrade required
2026-08-31 10:17:41 +0000 - dagster - INFO - __ASSET_JOB - 211b6648-0646-498d-aa45-01f287b3507b - hackernews - Client for ducklake will start initialize storage for staging dataset
2026-08-31 10:17:41 +0000 - dagster - INFO - __ASSET_JOB - 211b6648-0646-498d-aa45-01f287b3507b - hackernews - Client for ducklake will update schema to package schema for staging dataset
2026-08-31 10:17:41 +0000 - dagster - INFO - __ASSET_JOB - 211b6648-0646-498d-aa45-01f287b3507b - hackernews - Schema with hash 6By9nwqTTrhznnSPDpfURqHpWrsY2BVikyibecXijOE= not found in the storage. upgrading
2026-08-31 10:17:41 +0000 - dagster - INFO - __ASSET_JOB - 211b6648-0646-498d-aa45-01f287b3507b - hackernews - Found 6 updates for _dlt_version in hackernews_source
2026-08-31 10:17:41 +0000 - dagster - INFO - __ASSET_JOB - 211b6648-0646-498d-aa45-01f287b3507b - hackernews - Found 13 updates for items in hackernews_source
2026-08-31 10:17:41 +0000 - dagster - INFO - __ASSET_JOB - 211b6648-0646-498d-aa45-01f287b3507b - hackernews - Client for ducklake will truncate tables for staging dataset
2026-08-31 10:17:41 +0000 - dagster - INFO - __ASSET_JOB - 211b6648-0646-498d-aa45-01f287b3507b - hackernews - 0 started jobs found, which should be continued
2026-08-31 10:17:41 +0000 - dagster - INFO - __ASSET_JOB - 211b6648-0646-498d-aa45-01f287b3507b - hackernews - Will complete 0 for 1788171373.7055871
2026-08-31 10:17:42 +0000 - dagster - INFO - __ASSET_JOB - 211b6648-0646-498d-aa45-01f287b3507b - hackernews - Will load additional 1, creating jobs
2026-08-31 10:17:42 +0000 - dagster - INFO - __ASSET_JOB - 211b6648-0646-498d-aa45-01f287b3507b - hackernews - Will load file 1788171373.7055871/new_jobs/items.c68e21178c.0.parquet with table name items
2026-08-31 10:17:42 +0000 - dagster - INFO - __ASSET_JOB - 211b6648-0646-498d-aa45-01f287b3507b - hackernews - Will complete 1 for 1788171373.7055871
2026-08-31 10:17:42 +0000 - dagster - INFO - __ASSET_JOB - 211b6648-0646-498d-aa45-01f287b3507b - hackernews - Job items.c68e21178c.parquet CREATED a new FOLLOWUP JOB /tmp/items.572b850324.0.sql placed in new_jobs
2026-08-31 10:17:42 +0000 - dagster - INFO - __ASSET_JOB - 211b6648-0646-498d-aa45-01f287b3507b - hackernews - Job for items.c68e21178c.parquet completed in load 1788171373.7055871
2026-08-31 10:17:42 +0000 - dagster - INFO - __ASSET_JOB - 211b6648-0646-498d-aa45-01f287b3507b - hackernews - Will load additional 1, creating jobs
2026-08-31 10:17:42 +0000 - dagster - INFO - __ASSET_JOB - 211b6648-0646-498d-aa45-01f287b3507b - hackernews - Will load file 1788171373.7055871/new_jobs/items.572b850324.0.sql with table name items
2026-08-31 10:17:42 +0000 - dagster - INFO - __ASSET_JOB - 211b6648-0646-498d-aa45-01f287b3507b - hackernews - Will complete 1 for 1788171373.7055871
2026-08-31 10:17:42 +0000 - dagster - INFO - __ASSET_JOB - 211b6648-0646-498d-aa45-01f287b3507b - hackernews - Job for items.572b850324.sql completed in load 1788171373.7055871
2026-08-31 10:17:42 +0000 - dagster - INFO - __ASSET_JOB - 211b6648-0646-498d-aa45-01f287b3507b - hackernews - Will load additional 1, creating jobs
2026-08-31 10:17:42 +0000 - dagster - INFO - __ASSET_JOB - 211b6648-0646-498d-aa45-01f287b3507b - hackernews - Will load file 1788171373.7055871/new_jobs/_dlt_pipeline_state.b1b04878ee.0.parquet with table name _dlt_pipeline_state
2026-08-31 10:17:42 +0000 - dagster - INFO - __ASSET_JOB - 211b6648-0646-498d-aa45-01f287b3507b - hackernews - Will complete 1 for 1788171373.7055871
2026-08-31 10:17:42 +0000 - dagster - INFO - __ASSET_JOB - 211b6648-0646-498d-aa45-01f287b3507b - hackernews - Job for _dlt_pipeline_state.b1b04878ee.parquet completed in load 1788171373.7055871
2026-08-31 10:17:42 +0000 - dagster - INFO - __ASSET_JOB - 211b6648-0646-498d-aa45-01f287b3507b - hackernews - Will load additional 0, creating jobs
2026-08-31 10:17:43 +0000 - dagster - INFO - __ASSET_JOB - 211b6648-0646-498d-aa45-01f287b3507b - hackernews - All jobs completed, archiving package 1788171373.7055871 with aborted set to False
2026-08-31 10:17:43 +0000 - dagster - INFO - __ASSET_JOB - 211b6648-0646-498d-aa45-01f287b3507b - hackernews - Closing processing pool
2026-08-31 10:17:43 +0000 - dagster - INFO - __ASSET_JOB - 211b6648-0646-498d-aa45-01f287b3507b - hackernews - Processing pool closed
2026-08-31 10:17:43 +0000 - dagster - INFO - __ASSET_JOB - 211b6648-0646-498d-aa45-01f287b3507b - dbt_assets - A dbt subsetted execution is not being performed. Using the default dbt selection arguments `['--select', 'fqn:*']`.
2026-08-31 10:17:46 +0000 - dagster - INFO - __ASSET_JOB - 211b6648-0646-498d-aa45-01f287b3507b - dbt_assets - Copying `/home/runner/work/orca/orca/transformation/target/partial_parse.msgpack` to `/home/runner/work/orca/orca/transformation/target/dbt_assets-211b664-2e64b8c/partial_parse.msgpack` to take advantage of partial parsing.
2026-08-31 10:17:46 +0000 - dagster - INFO - __ASSET_JOB - 211b6648-0646-498d-aa45-01f287b3507b - dbt_assets - Running dbt command: `dbt build --select fqn:*`.
2026-08-31 10:17:53 +0000 - dagster - INFO - __ASSET_JOB - 211b6648-0646-498d-aa45-01f287b3507b - dbt_assets - Finished dbt command: `dbt build --select fqn:*`.
