2026-09-14 09:23:36 +0000 - dagster - INFO - __ASSET_JOB - 8ab7319b-bb67-4bd9-a867-b1028e499d35 - hackernews - The state was restored from the destination ducklake (dlt.destinations.ducklake):raw
2026-09-14 09:23:37 +0000 - dagster - INFO - __ASSET_JOB - 8ab7319b-bb67-4bd9-a867-b1028e499d35 - hackernews - The schema hackernews_source version 3 hash 6By9nwqTTrhznnSPDpfURqHpWrsY2BVikyibecXijOE= was restored from the destination ducklake:raw
2026-09-14 09:23:37 +0000 - dagster - INFO - __ASSET_JOB - 8ab7319b-bb67-4bd9-a867-b1028e499d35 - hackernews - Bind incremental on items with initial_value: 2026-07-01 00:00:00+00:00, start_value: 2026-09-07 08:45:14+00:00, end_value: None, func: max, row_order: None, on_missing: raise, range_start: closed, range_end: open
2026-09-14 09:23:37 +0000 - dagster - INFO - __ASSET_JOB - 8ab7319b-bb67-4bd9-a867-b1028e499d35 - hackernews - Starting incremental ingestion from 2026-09-07 08:45:14 UTC (1788770714)...
2026-09-14 09:23:37 +0000 - dagster - INFO - __ASSET_JOB - 8ab7319b-bb67-4bd9-a867-b1028e499d35 - hackernews - Querying time window: 2026-09-07 08:45:14 to 2026-09-07 09:45:14 (1788770714 to 1788774314)...
2026-09-14 09:23:37 +0000 - dagster - INFO - __ASSET_JOB - 8ab7319b-bb67-4bd9-a867-b1028e499d35 - hackernews - Making GET request to https://hn.algolia.com/api/v1/search_by_date?numericFilters=created_at_i%3E%3D1788770714%2Ccreated_at_i%3C1788774314&hitsPerPage=1000
2026-09-14 09:23:37 +0000 - dagster - INFO - __ASSET_JOB - 8ab7319b-bb67-4bd9-a867-b1028e499d35 - hackernews - Retrieved 459 items in this window.
2026-09-14 09:23:37 +0000 - dagster - INFO - __ASSET_JOB - 8ab7319b-bb67-4bd9-a867-b1028e499d35 - hackernews - Querying time window: 2026-09-07 09:45:14 to 2026-09-07 10:45:14 (1788774314 to 1788777914)...
2026-09-14 09:23:37 +0000 - dagster - INFO - __ASSET_JOB - 8ab7319b-bb67-4bd9-a867-b1028e499d35 - hackernews - Making GET request to https://hn.algolia.com/api/v1/search_by_date?numericFilters=created_at_i%3E%3D1788774314%2Ccreated_at_i%3C1788777914&hitsPerPage=1000
2026-09-14 09:23:38 +0000 - dagster - INFO - __ASSET_JOB - 8ab7319b-bb67-4bd9-a867-b1028e499d35 - hackernews - Retrieved 375 items in this window.
2026-09-14 09:23:38 +0000 - dagster - INFO - __ASSET_JOB - 8ab7319b-bb67-4bd9-a867-b1028e499d35 - hackernews - Querying time window: 2026-09-07 10:45:14 to 2026-09-07 11:45:14 (1788777914 to 1788781514)...
2026-09-14 09:23:38 +0000 - dagster - INFO - __ASSET_JOB - 8ab7319b-bb67-4bd9-a867-b1028e499d35 - hackernews - Making GET request to https://hn.algolia.com/api/v1/search_by_date?numericFilters=created_at_i%3E%3D1788777914%2Ccreated_at_i%3C1788781514&hitsPerPage=1000
2026-09-14 09:23:39 +0000 - dagster - INFO - __ASSET_JOB - 8ab7319b-bb67-4bd9-a867-b1028e499d35 - hackernews - Retrieved 454 items in this window.
2026-09-14 09:23:39 +0000 - dagster - INFO - __ASSET_JOB - 8ab7319b-bb67-4bd9-a867-b1028e499d35 - hackernews - Querying time window: 2026-09-07 11:45:14 to 2026-09-07 12:45:14 (1788781514 to 1788785114)...
2026-09-14 09:23:39 +0000 - dagster - INFO - __ASSET_JOB - 8ab7319b-bb67-4bd9-a867-b1028e499d35 - hackernews - Making GET request to https://hn.algolia.com/api/v1/search_by_date?numericFilters=created_at_i%3E%3D1788781514%2Ccreated_at_i%3C1788785114&hitsPerPage=1000
2026-09-14 09:23:39 +0000 - dagster - INFO - __ASSET_JOB - 8ab7319b-bb67-4bd9-a867-b1028e499d35 - hackernews - Retrieved 489 items in this window.
2026-09-14 09:23:39 +0000 - dagster - INFO - __ASSET_JOB - 8ab7319b-bb67-4bd9-a867-b1028e499d35 - hackernews - Querying time window: 2026-09-07 12:45:14 to 2026-09-07 13:45:14 (1788785114 to 1788788714)...
2026-09-14 09:23:39 +0000 - dagster - INFO - __ASSET_JOB - 8ab7319b-bb67-4bd9-a867-b1028e499d35 - hackernews - Making GET request to https://hn.algolia.com/api/v1/search_by_date?numericFilters=created_at_i%3E%3D1788785114%2Ccreated_at_i%3C1788788714&hitsPerPage=1000
2026-09-14 09:23:40 +0000 - dagster - INFO - __ASSET_JOB - 8ab7319b-bb67-4bd9-a867-b1028e499d35 - hackernews - Retrieved 584 items in this window.
2026-09-14 09:23:40 +0000 - dagster - INFO - __ASSET_JOB - 8ab7319b-bb67-4bd9-a867-b1028e499d35 - hackernews - Querying time window: 2026-09-07 13:45:14 to 2026-09-07 14:45:14 (1788788714 to 1788792314)...
2026-09-14 09:23:40 +0000 - dagster - INFO - __ASSET_JOB - 8ab7319b-bb67-4bd9-a867-b1028e499d35 - hackernews - Making GET request to https://hn.algolia.com/api/v1/search_by_date?numericFilters=created_at_i%3E%3D1788788714%2Ccreated_at_i%3C1788792314&hitsPerPage=1000
2026-09-14 09:23:40 +0000 - dagster - INFO - __ASSET_JOB - 8ab7319b-bb67-4bd9-a867-b1028e499d35 - hackernews - Retrieved 537 items in this window.
2026-09-14 09:23:40 +0000 - dagster - INFO - __ASSET_JOB - 8ab7319b-bb67-4bd9-a867-b1028e499d35 - hackernews - Querying time window: 2026-09-07 14:45:14 to 2026-09-07 15:45:14 (1788792314 to 1788795914)...
2026-09-14 09:23:40 +0000 - dagster - INFO - __ASSET_JOB - 8ab7319b-bb67-4bd9-a867-b1028e499d35 - hackernews - Making GET request to https://hn.algolia.com/api/v1/search_by_date?numericFilters=created_at_i%3E%3D1788792314%2Ccreated_at_i%3C1788795914&hitsPerPage=1000
2026-09-14 09:23:41 +0000 - dagster - INFO - __ASSET_JOB - 8ab7319b-bb67-4bd9-a867-b1028e499d35 - hackernews - Retrieved 581 items in this window.
2026-09-14 09:23:41 +0000 - dagster - INFO - __ASSET_JOB - 8ab7319b-bb67-4bd9-a867-b1028e499d35 - hackernews - Querying time window: 2026-09-07 15:45:14 to 2026-09-07 16:45:14 (1788795914 to 1788799514)...
2026-09-14 09:23:41 +0000 - dagster - INFO - __ASSET_JOB - 8ab7319b-bb67-4bd9-a867-b1028e499d35 - hackernews - Making GET request to https://hn.algolia.com/api/v1/search_by_date?numericFilters=created_at_i%3E%3D1788795914%2Ccreated_at_i%3C1788799514&hitsPerPage=1000
2026-09-14 09:23:41 +0000 - dagster - INFO - __ASSET_JOB - 8ab7319b-bb67-4bd9-a867-b1028e499d35 - hackernews - Retrieved 548 items in this window.
2026-09-14 09:23:41 +0000 - dagster - INFO - __ASSET_JOB - 8ab7319b-bb67-4bd9-a867-b1028e499d35 - hackernews - Querying time window: 2026-09-07 16:45:14 to 2026-09-07 17:45:14 (1788799514 to 1788803114)...
2026-09-14 09:23:41 +0000 - dagster - INFO - __ASSET_JOB - 8ab7319b-bb67-4bd9-a867-b1028e499d35 - hackernews - Making GET request to https://hn.algolia.com/api/v1/search_by_date?numericFilters=created_at_i%3E%3D1788799514%2Ccreated_at_i%3C1788803114&hitsPerPage=1000
2026-09-14 09:23:42 +0000 - dagster - INFO - __ASSET_JOB - 8ab7319b-bb67-4bd9-a867-b1028e499d35 - hackernews - Retrieved 550 items in this window.
2026-09-14 09:23:42 +0000 - dagster - INFO - __ASSET_JOB - 8ab7319b-bb67-4bd9-a867-b1028e499d35 - hackernews - Querying time window: 2026-09-07 17:45:14 to 2026-09-07 18:45:14 (1788803114 to 1788806714)...
2026-09-14 09:23:42 +0000 - dagster - INFO - __ASSET_JOB - 8ab7319b-bb67-4bd9-a867-b1028e499d35 - hackernews - Making GET request to https://hn.algolia.com/api/v1/search_by_date?numericFilters=created_at_i%3E%3D1788803114%2Ccreated_at_i%3C1788806714&hitsPerPage=1000
2026-09-14 09:23:42 +0000 - dagster - INFO - __ASSET_JOB - 8ab7319b-bb67-4bd9-a867-b1028e499d35 - hackernews - Retrieved 585 items in this window.
2026-09-14 09:23:43 +0000 - dagster - INFO - __ASSET_JOB - 8ab7319b-bb67-4bd9-a867-b1028e499d35 - hackernews - Querying time window: 2026-09-07 18:45:14 to 2026-09-07 19:45:14 (1788806714 to 1788810314)...
2026-09-14 09:23:43 +0000 - dagster - INFO - __ASSET_JOB - 8ab7319b-bb67-4bd9-a867-b1028e499d35 - hackernews - Making GET request to https://hn.algolia.com/api/v1/search_by_date?numericFilters=created_at_i%3E%3D1788806714%2Ccreated_at_i%3C1788810314&hitsPerPage=1000
2026-09-14 09:23:43 +0000 - dagster - INFO - __ASSET_JOB - 8ab7319b-bb67-4bd9-a867-b1028e499d35 - hackernews - Retrieved 547 items in this window.
2026-09-14 09:23:43 +0000 - dagster - INFO - __ASSET_JOB - 8ab7319b-bb67-4bd9-a867-b1028e499d35 - hackernews - Querying time window: 2026-09-07 19:45:14 to 2026-09-07 20:45:14 (1788810314 to 1788813914)...
2026-09-14 09:23:43 +0000 - dagster - INFO - __ASSET_JOB - 8ab7319b-bb67-4bd9-a867-b1028e499d35 - hackernews - Making GET request to https://hn.algolia.com/api/v1/search_by_date?numericFilters=created_at_i%3E%3D1788810314%2Ccreated_at_i%3C1788813914&hitsPerPage=1000
2026-09-14 09:23:44 +0000 - dagster - INFO - __ASSET_JOB - 8ab7319b-bb67-4bd9-a867-b1028e499d35 - hackernews - Retrieved 569 items in this window.
2026-09-14 09:23:44 +0000 - dagster - INFO - __ASSET_JOB - 8ab7319b-bb67-4bd9-a867-b1028e499d35 - hackernews - Querying time window: 2026-09-07 20:45:14 to 2026-09-07 21:45:14 (1788813914 to 1788817514)...
2026-09-14 09:23:44 +0000 - dagster - INFO - __ASSET_JOB - 8ab7319b-bb67-4bd9-a867-b1028e499d35 - hackernews - Making GET request to https://hn.algolia.com/api/v1/search_by_date?numericFilters=created_at_i%3E%3D1788813914%2Ccreated_at_i%3C1788817514&hitsPerPage=1000
2026-09-14 09:23:44 +0000 - dagster - INFO - __ASSET_JOB - 8ab7319b-bb67-4bd9-a867-b1028e499d35 - hackernews - Retrieved 433 items in this window.
2026-09-14 09:23:44 +0000 - dagster - INFO - __ASSET_JOB - 8ab7319b-bb67-4bd9-a867-b1028e499d35 - hackernews - Querying time window: 2026-09-07 21:45:14 to 2026-09-07 22:45:14 (1788817514 to 1788821114)...
2026-09-14 09:23:44 +0000 - dagster - INFO - __ASSET_JOB - 8ab7319b-bb67-4bd9-a867-b1028e499d35 - hackernews - Making GET request to https://hn.algolia.com/api/v1/search_by_date?numericFilters=created_at_i%3E%3D1788817514%2Ccreated_at_i%3C1788821114&hitsPerPage=1000
2026-09-14 09:23:44 +0000 - dagster - INFO - __ASSET_JOB - 8ab7319b-bb67-4bd9-a867-b1028e499d35 - hackernews - Retrieved 473 items in this window.
2026-09-14 09:23:44 +0000 - dagster - INFO - __ASSET_JOB - 8ab7319b-bb67-4bd9-a867-b1028e499d35 - hackernews - Querying time window: 2026-09-07 22:45:14 to 2026-09-07 23:45:14 (1788821114 to 1788824714)...
2026-09-14 09:23:44 +0000 - dagster - INFO - __ASSET_JOB - 8ab7319b-bb67-4bd9-a867-b1028e499d35 - hackernews - Making GET request to https://hn.algolia.com/api/v1/search_by_date?numericFilters=created_at_i%3E%3D1788821114%2Ccreated_at_i%3C1788824714&hitsPerPage=1000
2026-09-14 09:23:45 +0000 - dagster - INFO - __ASSET_JOB - 8ab7319b-bb67-4bd9-a867-b1028e499d35 - hackernews - Retrieved 327 items in this window.
2026-09-14 09:23:45 +0000 - dagster - INFO - __ASSET_JOB - 8ab7319b-bb67-4bd9-a867-b1028e499d35 - hackernews - Querying time window: 2026-09-07 23:45:14 to 2026-09-08 00:45:14 (1788824714 to 1788828314)...
2026-09-14 09:23:45 +0000 - dagster - INFO - __ASSET_JOB - 8ab7319b-bb67-4bd9-a867-b1028e499d35 - hackernews - Making GET request to https://hn.algolia.com/api/v1/search_by_date?numericFilters=created_at_i%3E%3D1788824714%2Ccreated_at_i%3C1788828314&hitsPerPage=1000
2026-09-14 09:23:45 +0000 - dagster - INFO - __ASSET_JOB - 8ab7319b-bb67-4bd9-a867-b1028e499d35 - hackernews - Retrieved 208 items in this window.
2026-09-14 09:23:45 +0000 - dagster - INFO - __ASSET_JOB - 8ab7319b-bb67-4bd9-a867-b1028e499d35 - hackernews - Querying time window: 2026-09-08 00:45:14 to 2026-09-08 01:45:14 (1788828314 to 1788831914)...
2026-09-14 09:23:45 +0000 - dagster - INFO - __ASSET_JOB - 8ab7319b-bb67-4bd9-a867-b1028e499d35 - hackernews - Making GET request to https://hn.algolia.com/api/v1/search_by_date?numericFilters=created_at_i%3E%3D1788828314%2Ccreated_at_i%3C1788831914&hitsPerPage=1000
2026-09-14 09:23:46 +0000 - dagster - INFO - __ASSET_JOB - 8ab7319b-bb67-4bd9-a867-b1028e499d35 - hackernews - Retrieved 323 items in this window.
2026-09-14 09:23:46 +0000 - dagster - INFO - __ASSET_JOB - 8ab7319b-bb67-4bd9-a867-b1028e499d35 - hackernews - Querying time window: 2026-09-08 01:45:14 to 2026-09-08 02:45:14 (1788831914 to 1788835514)...
2026-09-14 09:23:46 +0000 - dagster - INFO - __ASSET_JOB - 8ab7319b-bb67-4bd9-a867-b1028e499d35 - hackernews - Making GET request to https://hn.algolia.com/api/v1/search_by_date?numericFilters=created_at_i%3E%3D1788831914%2Ccreated_at_i%3C1788835514&hitsPerPage=1000
2026-09-14 09:23:46 +0000 - dagster - INFO - __ASSET_JOB - 8ab7319b-bb67-4bd9-a867-b1028e499d35 - hackernews - Retrieved 335 items in this window.
2026-09-14 09:23:46 +0000 - dagster - INFO - __ASSET_JOB - 8ab7319b-bb67-4bd9-a867-b1028e499d35 - hackernews - Querying time window: 2026-09-08 02:45:14 to 2026-09-08 03:45:14 (1788835514 to 1788839114)...
2026-09-14 09:23:46 +0000 - dagster - INFO - __ASSET_JOB - 8ab7319b-bb67-4bd9-a867-b1028e499d35 - hackernews - Making GET request to https://hn.algolia.com/api/v1/search_by_date?numericFilters=created_at_i%3E%3D1788835514%2Ccreated_at_i%3C1788839114&hitsPerPage=1000
2026-09-14 09:23:46 +0000 - dagster - INFO - __ASSET_JOB - 8ab7319b-bb67-4bd9-a867-b1028e499d35 - hackernews - Retrieved 232 items in this window.
2026-09-14 09:23:46 +0000 - dagster - INFO - __ASSET_JOB - 8ab7319b-bb67-4bd9-a867-b1028e499d35 - hackernews - Querying time window: 2026-09-08 03:45:14 to 2026-09-08 04:45:14 (1788839114 to 1788842714)...
2026-09-14 09:23:46 +0000 - dagster - INFO - __ASSET_JOB - 8ab7319b-bb67-4bd9-a867-b1028e499d35 - hackernews - Making GET request to https://hn.algolia.com/api/v1/search_by_date?numericFilters=created_at_i%3E%3D1788839114%2Ccreated_at_i%3C1788842714&hitsPerPage=1000
2026-09-14 09:23:47 +0000 - dagster - INFO - __ASSET_JOB - 8ab7319b-bb67-4bd9-a867-b1028e499d35 - hackernews - Retrieved 211 items in this window.
2026-09-14 09:23:47 +0000 - dagster - INFO - __ASSET_JOB - 8ab7319b-bb67-4bd9-a867-b1028e499d35 - hackernews - Querying time window: 2026-09-08 04:45:14 to 2026-09-08 05:45:14 (1788842714 to 1788846314)...
2026-09-14 09:23:47 +0000 - dagster - INFO - __ASSET_JOB - 8ab7319b-bb67-4bd9-a867-b1028e499d35 - hackernews - Making GET request to https://hn.algolia.com/api/v1/search_by_date?numericFilters=created_at_i%3E%3D1788842714%2Ccreated_at_i%3C1788846314&hitsPerPage=1000
2026-09-14 09:23:47 +0000 - dagster - INFO - __ASSET_JOB - 8ab7319b-bb67-4bd9-a867-b1028e499d35 - hackernews - Retrieved 220 items in this window.
2026-09-14 09:23:47 +0000 - dagster - INFO - __ASSET_JOB - 8ab7319b-bb67-4bd9-a867-b1028e499d35 - hackernews - Querying time window: 2026-09-08 05:45:14 to 2026-09-08 06:45:14 (1788846314 to 1788849914)...
2026-09-14 09:23:47 +0000 - dagster - INFO - __ASSET_JOB - 8ab7319b-bb67-4bd9-a867-b1028e499d35 - hackernews - Making GET request to https://hn.algolia.com/api/v1/search_by_date?numericFilters=created_at_i%3E%3D1788846314%2Ccreated_at_i%3C1788849914&hitsPerPage=1000
2026-09-14 09:23:47 +0000 - dagster - INFO - __ASSET_JOB - 8ab7319b-bb67-4bd9-a867-b1028e499d35 - hackernews - Retrieved 402 items in this window.
2026-09-14 09:23:47 +0000 - dagster - INFO - __ASSET_JOB - 8ab7319b-bb67-4bd9-a867-b1028e499d35 - hackernews - Querying time window: 2026-09-08 06:45:14 to 2026-09-08 07:45:14 (1788849914 to 1788853514)...
2026-09-14 09:23:47 +0000 - dagster - INFO - __ASSET_JOB - 8ab7319b-bb67-4bd9-a867-b1028e499d35 - hackernews - Making GET request to https://hn.algolia.com/api/v1/search_by_date?numericFilters=created_at_i%3E%3D1788849914%2Ccreated_at_i%3C1788853514&hitsPerPage=1000
2026-09-14 09:23:48 +0000 - dagster - INFO - __ASSET_JOB - 8ab7319b-bb67-4bd9-a867-b1028e499d35 - hackernews - Retrieved 463 items in this window.
2026-09-14 09:23:48 +0000 - dagster - INFO - __ASSET_JOB - 8ab7319b-bb67-4bd9-a867-b1028e499d35 - hackernews - Querying time window: 2026-09-08 07:45:14 to 2026-09-08 08:45:14 (1788853514 to 1788857114)...
2026-09-14 09:23:48 +0000 - dagster - INFO - __ASSET_JOB - 8ab7319b-bb67-4bd9-a867-b1028e499d35 - hackernews - Making GET request to https://hn.algolia.com/api/v1/search_by_date?numericFilters=created_at_i%3E%3D1788853514%2Ccreated_at_i%3C1788857114&hitsPerPage=1000
2026-09-14 09:23:48 +0000 - dagster - INFO - __ASSET_JOB - 8ab7319b-bb67-4bd9-a867-b1028e499d35 - hackernews - Retrieved 475 items in this window.
2026-09-14 09:23:48 +0000 - dagster - INFO - __ASSET_JOB - 8ab7319b-bb67-4bd9-a867-b1028e499d35 - hackernews - Querying time window: 2026-09-08 08:45:14 to 2026-09-08 09:45:14 (1788857114 to 1788860714)...
2026-09-14 09:23:48 +0000 - dagster - INFO - __ASSET_JOB - 8ab7319b-bb67-4bd9-a867-b1028e499d35 - hackernews - Making GET request to https://hn.algolia.com/api/v1/search_by_date?numericFilters=created_at_i%3E%3D1788857114%2Ccreated_at_i%3C1788860714&hitsPerPage=1000
2026-09-14 09:23:49 +0000 - dagster - INFO - __ASSET_JOB - 8ab7319b-bb67-4bd9-a867-b1028e499d35 - hackernews - Retrieved 471 items in this window.
2026-09-14 09:23:49 +0000 - dagster - INFO - __ASSET_JOB - 8ab7319b-bb67-4bd9-a867-b1028e499d35 - hackernews - Querying time window: 2026-09-08 09:45:14 to 2026-09-08 10:45:14 (1788860714 to 1788864314)...
2026-09-14 09:23:49 +0000 - dagster - INFO - __ASSET_JOB - 8ab7319b-bb67-4bd9-a867-b1028e499d35 - hackernews - Making GET request to https://hn.algolia.com/api/v1/search_by_date?numericFilters=created_at_i%3E%3D1788860714%2Ccreated_at_i%3C1788864314&hitsPerPage=1000
2026-09-14 09:23:49 +0000 - dagster - INFO - __ASSET_JOB - 8ab7319b-bb67-4bd9-a867-b1028e499d35 - hackernews - Retrieved 416 items in this window.
2026-09-14 09:23:50 +0000 - dagster - INFO - __ASSET_JOB - 8ab7319b-bb67-4bd9-a867-b1028e499d35 - hackernews - Querying time window: 2026-09-08 10:45:14 to 2026-09-08 11:45:14 (1788864314 to 1788867914)...
2026-09-14 09:23:50 +0000 - dagster - INFO - __ASSET_JOB - 8ab7319b-bb67-4bd9-a867-b1028e499d35 - hackernews - Making GET request to https://hn.algolia.com/api/v1/search_by_date?numericFilters=created_at_i%3E%3D1788864314%2Ccreated_at_i%3C1788867914&hitsPerPage=1000
2026-09-14 09:23:50 +0000 - dagster - INFO - __ASSET_JOB - 8ab7319b-bb67-4bd9-a867-b1028e499d35 - hackernews - Retrieved 416 items in this window.
2026-09-14 09:23:50 +0000 - dagster - INFO - __ASSET_JOB - 8ab7319b-bb67-4bd9-a867-b1028e499d35 - hackernews - Querying time window: 2026-09-08 11:45:14 to 2026-09-08 12:45:14 (1788867914 to 1788871514)...
2026-09-14 09:23:50 +0000 - dagster - INFO - __ASSET_JOB - 8ab7319b-bb67-4bd9-a867-b1028e499d35 - hackernews - Making GET request to https://hn.algolia.com/api/v1/search_by_date?numericFilters=created_at_i%3E%3D1788867914%2Ccreated_at_i%3C1788871514&hitsPerPage=1000
2026-09-14 09:23:50 +0000 - dagster - INFO - __ASSET_JOB - 8ab7319b-bb67-4bd9-a867-b1028e499d35 - hackernews - Retrieved 538 items in this window.
2026-09-14 09:23:50 +0000 - dagster - INFO - __ASSET_JOB - 8ab7319b-bb67-4bd9-a867-b1028e499d35 - hackernews - Querying time window: 2026-09-08 12:45:14 to 2026-09-08 13:45:14 (1788871514 to 1788875114)...
2026-09-14 09:23:50 +0000 - dagster - INFO - __ASSET_JOB - 8ab7319b-bb67-4bd9-a867-b1028e499d35 - hackernews - Making GET request to https://hn.algolia.com/api/v1/search_by_date?numericFilters=created_at_i%3E%3D1788871514%2Ccreated_at_i%3C1788875114&hitsPerPage=1000
2026-09-14 09:23:51 +0000 - dagster - INFO - __ASSET_JOB - 8ab7319b-bb67-4bd9-a867-b1028e499d35 - hackernews - Retrieved 569 items in this window.
2026-09-14 09:23:51 +0000 - dagster - INFO - __ASSET_JOB - 8ab7319b-bb67-4bd9-a867-b1028e499d35 - hackernews - Querying time window: 2026-09-08 13:45:14 to 2026-09-08 14:45:14 (1788875114 to 1788878714)...
2026-09-14 09:23:51 +0000 - dagster - INFO - __ASSET_JOB - 8ab7319b-bb67-4bd9-a867-b1028e499d35 - hackernews - Making GET request to https://hn.algolia.com/api/v1/search_by_date?numericFilters=created_at_i%3E%3D1788875114%2Ccreated_at_i%3C1788878714&hitsPerPage=1000
2026-09-14 09:23:51 +0000 - dagster - INFO - __ASSET_JOB - 8ab7319b-bb67-4bd9-a867-b1028e499d35 - hackernews - Retrieved 709 items in this window.
2026-09-14 09:23:51 +0000 - dagster - INFO - __ASSET_JOB - 8ab7319b-bb67-4bd9-a867-b1028e499d35 - hackernews - Querying time window: 2026-09-08 14:45:14 to 2026-09-08 15:45:14 (1788878714 to 1788882314)...
2026-09-14 09:23:51 +0000 - dagster - INFO - __ASSET_JOB - 8ab7319b-bb67-4bd9-a867-b1028e499d35 - hackernews - Making GET request to https://hn.algolia.com/api/v1/search_by_date?numericFilters=created_at_i%3E%3D1788878714%2Ccreated_at_i%3C1788882314&hitsPerPage=1000
2026-09-14 09:23:52 +0000 - dagster - INFO - __ASSET_JOB - 8ab7319b-bb67-4bd9-a867-b1028e499d35 - hackernews - Retrieved 854 items in this window.
2026-09-14 09:23:52 +0000 - dagster - INFO - __ASSET_JOB - 8ab7319b-bb67-4bd9-a867-b1028e499d35 - hackernews - Querying time window: 2026-09-08 15:45:14 to 2026-09-08 16:45:14 (1788882314 to 1788885914)...
2026-09-14 09:23:52 +0000 - dagster - INFO - __ASSET_JOB - 8ab7319b-bb67-4bd9-a867-b1028e499d35 - hackernews - Making GET request to https://hn.algolia.com/api/v1/search_by_date?numericFilters=created_at_i%3E%3D1788882314%2Ccreated_at_i%3C1788885914&hitsPerPage=1000
2026-09-14 09:23:52 +0000 - dagster - INFO - __ASSET_JOB - 8ab7319b-bb67-4bd9-a867-b1028e499d35 - hackernews - Retrieved 747 items in this window.
2026-09-14 09:23:52 +0000 - dagster - INFO - __ASSET_JOB - 8ab7319b-bb67-4bd9-a867-b1028e499d35 - hackernews - Querying time window: 2026-09-08 16:45:14 to 2026-09-08 17:45:14 (1788885914 to 1788889514)...
2026-09-14 09:23:52 +0000 - dagster - INFO - __ASSET_JOB - 8ab7319b-bb67-4bd9-a867-b1028e499d35 - hackernews - Making GET request to https://hn.algolia.com/api/v1/search_by_date?numericFilters=created_at_i%3E%3D1788885914%2Ccreated_at_i%3C1788889514&hitsPerPage=1000
2026-09-14 09:23:53 +0000 - dagster - INFO - __ASSET_JOB - 8ab7319b-bb67-4bd9-a867-b1028e499d35 - hackernews - Retrieved 894 items in this window.
2026-09-14 09:23:53 +0000 - dagster - INFO - __ASSET_JOB - 8ab7319b-bb67-4bd9-a867-b1028e499d35 - hackernews - Querying time window: 2026-09-08 17:45:14 to 2026-09-08 18:45:14 (1788889514 to 1788893114)...
2026-09-14 09:23:53 +0000 - dagster - INFO - __ASSET_JOB - 8ab7319b-bb67-4bd9-a867-b1028e499d35 - hackernews - Making GET request to https://hn.algolia.com/api/v1/search_by_date?numericFilters=created_at_i%3E%3D1788889514%2Ccreated_at_i%3C1788893114&hitsPerPage=1000
2026-09-14 09:23:53 +0000 - dagster - INFO - __ASSET_JOB - 8ab7319b-bb67-4bd9-a867-b1028e499d35 - hackernews - Retrieved 946 items in this window.
2026-09-14 09:23:53 +0000 - dagster - INFO - __ASSET_JOB - 8ab7319b-bb67-4bd9-a867-b1028e499d35 - hackernews - Querying time window: 2026-09-08 18:45:14 to 2026-09-08 19:45:14 (1788893114 to 1788896714)...
2026-09-14 09:23:53 +0000 - dagster - INFO - __ASSET_JOB - 8ab7319b-bb67-4bd9-a867-b1028e499d35 - hackernews - Making GET request to https://hn.algolia.com/api/v1/search_by_date?numericFilters=created_at_i%3E%3D1788893114%2Ccreated_at_i%3C1788896714&hitsPerPage=1000
2026-09-14 09:23:54 +0000 - dagster - INFO - __ASSET_JOB - 8ab7319b-bb67-4bd9-a867-b1028e499d35 - hackernews - Retrieved 953 items in this window.
2026-09-14 09:23:54 +0000 - dagster - INFO - __ASSET_JOB - 8ab7319b-bb67-4bd9-a867-b1028e499d35 - hackernews - Querying time window: 2026-09-08 19:45:14 to 2026-09-08 20:45:14 (1788896714 to 1788900314)...
2026-09-14 09:23:54 +0000 - dagster - INFO - __ASSET_JOB - 8ab7319b-bb67-4bd9-a867-b1028e499d35 - hackernews - Making GET request to https://hn.algolia.com/api/v1/search_by_date?numericFilters=created_at_i%3E%3D1788896714%2Ccreated_at_i%3C1788900314&hitsPerPage=1000
2026-09-14 09:23:54 +0000 - dagster - INFO - __ASSET_JOB - 8ab7319b-bb67-4bd9-a867-b1028e499d35 - hackernews - Retrieved 784 items in this window.
2026-09-14 09:23:54 +0000 - dagster - INFO - __ASSET_JOB - 8ab7319b-bb67-4bd9-a867-b1028e499d35 - hackernews - Querying time window: 2026-09-08 20:45:14 to 2026-09-08 21:45:14 (1788900314 to 1788903914)...
2026-09-14 09:23:54 +0000 - dagster - INFO - __ASSET_JOB - 8ab7319b-bb67-4bd9-a867-b1028e499d35 - hackernews - Making GET request to https://hn.algolia.com/api/v1/search_by_date?numericFilters=created_at_i%3E%3D1788900314%2Ccreated_at_i%3C1788903914&hitsPerPage=1000
2026-09-14 09:23:55 +0000 - dagster - INFO - __ASSET_JOB - 8ab7319b-bb67-4bd9-a867-b1028e499d35 - hackernews - Retrieved 715 items in this window.
2026-09-14 09:23:55 +0000 - dagster - INFO - __ASSET_JOB - 8ab7319b-bb67-4bd9-a867-b1028e499d35 - hackernews - Querying time window: 2026-09-08 21:45:14 to 2026-09-08 22:45:14 (1788903914 to 1788907514)...
2026-09-14 09:23:55 +0000 - dagster - INFO - __ASSET_JOB - 8ab7319b-bb67-4bd9-a867-b1028e499d35 - hackernews - Making GET request to https://hn.algolia.com/api/v1/search_by_date?numericFilters=created_at_i%3E%3D1788903914%2Ccreated_at_i%3C1788907514&hitsPerPage=1000
2026-09-14 09:23:55 +0000 - dagster - INFO - __ASSET_JOB - 8ab7319b-bb67-4bd9-a867-b1028e499d35 - hackernews - Retrieved 583 items in this window.
2026-09-14 09:23:55 +0000 - dagster - INFO - __ASSET_JOB - 8ab7319b-bb67-4bd9-a867-b1028e499d35 - hackernews - Querying time window: 2026-09-08 22:45:14 to 2026-09-08 23:45:14 (1788907514 to 1788911114)...
2026-09-14 09:23:55 +0000 - dagster - INFO - __ASSET_JOB - 8ab7319b-bb67-4bd9-a867-b1028e499d35 - hackernews - Making GET request to https://hn.algolia.com/api/v1/search_by_date?numericFilters=created_at_i%3E%3D1788907514%2Ccreated_at_i%3C1788911114&hitsPerPage=1000
2026-09-14 09:23:56 +0000 - dagster - INFO - __ASSET_JOB - 8ab7319b-bb67-4bd9-a867-b1028e499d35 - hackernews - Retrieved 503 items in this window.
2026-09-14 09:23:56 +0000 - dagster - INFO - __ASSET_JOB - 8ab7319b-bb67-4bd9-a867-b1028e499d35 - hackernews - Querying time window: 2026-09-08 23:45:14 to 2026-09-09 00:45:14 (1788911114 to 1788914714)...
2026-09-14 09:23:56 +0000 - dagster - INFO - __ASSET_JOB - 8ab7319b-bb67-4bd9-a867-b1028e499d35 - hackernews - Making GET request to https://hn.algolia.com/api/v1/search_by_date?numericFilters=created_at_i%3E%3D1788911114%2Ccreated_at_i%3C1788914714&hitsPerPage=1000
2026-09-14 09:23:56 +0000 - dagster - INFO - __ASSET_JOB - 8ab7319b-bb67-4bd9-a867-b1028e499d35 - hackernews - Retrieved 458 items in this window.
2026-09-14 09:23:56 +0000 - dagster - INFO - __ASSET_JOB - 8ab7319b-bb67-4bd9-a867-b1028e499d35 - hackernews - Querying time window: 2026-09-09 00:45:14 to 2026-09-09 01:45:14 (1788914714 to 1788918314)...
2026-09-14 09:23:56 +0000 - dagster - INFO - __ASSET_JOB - 8ab7319b-bb67-4bd9-a867-b1028e499d35 - hackernews - Making GET request to https://hn.algolia.com/api/v1/search_by_date?numericFilters=created_at_i%3E%3D1788914714%2Ccreated_at_i%3C1788918314&hitsPerPage=1000
2026-09-14 09:23:57 +0000 - dagster - INFO - __ASSET_JOB - 8ab7319b-bb67-4bd9-a867-b1028e499d35 - hackernews - Retrieved 445 items in this window.
2026-09-14 09:23:57 +0000 - dagster - INFO - __ASSET_JOB - 8ab7319b-bb67-4bd9-a867-b1028e499d35 - hackernews - Querying time window: 2026-09-09 01:45:14 to 2026-09-09 02:45:14 (1788918314 to 1788921914)...
2026-09-14 09:23:57 +0000 - dagster - INFO - __ASSET_JOB - 8ab7319b-bb67-4bd9-a867-b1028e499d35 - hackernews - Making GET request to https://hn.algolia.com/api/v1/search_by_date?numericFilters=created_at_i%3E%3D1788918314%2Ccreated_at_i%3C1788921914&hitsPerPage=1000
2026-09-14 09:23:57 +0000 - dagster - INFO - __ASSET_JOB - 8ab7319b-bb67-4bd9-a867-b1028e499d35 - hackernews - Retrieved 398 items in this window.
2026-09-14 09:23:57 +0000 - dagster - INFO - __ASSET_JOB - 8ab7319b-bb67-4bd9-a867-b1028e499d35 - hackernews - Querying time window: 2026-09-09 02:45:14 to 2026-09-09 03:45:14 (1788921914 to 1788925514)...
2026-09-14 09:23:57 +0000 - dagster - INFO - __ASSET_JOB - 8ab7319b-bb67-4bd9-a867-b1028e499d35 - hackernews - Making GET request to https://hn.algolia.com/api/v1/search_by_date?numericFilters=created_at_i%3E%3D1788921914%2Ccreated_at_i%3C1788925514&hitsPerPage=1000
2026-09-14 09:23:57 +0000 - dagster - INFO - __ASSET_JOB - 8ab7319b-bb67-4bd9-a867-b1028e499d35 - hackernews - Retrieved 414 items in this window.
2026-09-14 09:23:57 +0000 - dagster - INFO - __ASSET_JOB - 8ab7319b-bb67-4bd9-a867-b1028e499d35 - hackernews - Querying time window: 2026-09-09 03:45:14 to 2026-09-09 04:45:14 (1788925514 to 1788929114)...
2026-09-14 09:23:57 +0000 - dagster - INFO - __ASSET_JOB - 8ab7319b-bb67-4bd9-a867-b1028e499d35 - hackernews - Making GET request to https://hn.algolia.com/api/v1/search_by_date?numericFilters=created_at_i%3E%3D1788925514%2Ccreated_at_i%3C1788929114&hitsPerPage=1000
2026-09-14 09:23:58 +0000 - dagster - INFO - __ASSET_JOB - 8ab7319b-bb67-4bd9-a867-b1028e499d35 - hackernews - Retrieved 416 items in this window.
2026-09-14 09:23:58 +0000 - dagster - INFO - __ASSET_JOB - 8ab7319b-bb67-4bd9-a867-b1028e499d35 - hackernews - Querying time window: 2026-09-09 04:45:14 to 2026-09-09 05:45:14 (1788929114 to 1788932714)...
2026-09-14 09:23:58 +0000 - dagster - INFO - __ASSET_JOB - 8ab7319b-bb67-4bd9-a867-b1028e499d35 - hackernews - Making GET request to https://hn.algolia.com/api/v1/search_by_date?numericFilters=created_at_i%3E%3D1788929114%2Ccreated_at_i%3C1788932714&hitsPerPage=1000
2026-09-14 09:23:58 +0000 - dagster - INFO - __ASSET_JOB - 8ab7319b-bb67-4bd9-a867-b1028e499d35 - hackernews - Retrieved 445 items in this window.
2026-09-14 09:23:58 +0000 - dagster - INFO - __ASSET_JOB - 8ab7319b-bb67-4bd9-a867-b1028e499d35 - hackernews - Querying time window: 2026-09-09 05:45:14 to 2026-09-09 06:45:14 (1788932714 to 1788936314)...
2026-09-14 09:23:58 +0000 - dagster - INFO - __ASSET_JOB - 8ab7319b-bb67-4bd9-a867-b1028e499d35 - hackernews - Making GET request to https://hn.algolia.com/api/v1/search_by_date?numericFilters=created_at_i%3E%3D1788932714%2Ccreated_at_i%3C1788936314&hitsPerPage=1000
2026-09-14 09:23:59 +0000 - dagster - INFO - __ASSET_JOB - 8ab7319b-bb67-4bd9-a867-b1028e499d35 - hackernews - Retrieved 504 items in this window.
2026-09-14 09:23:59 +0000 - dagster - INFO - __ASSET_JOB - 8ab7319b-bb67-4bd9-a867-b1028e499d35 - hackernews - Querying time window: 2026-09-09 06:45:14 to 2026-09-09 07:45:14 (1788936314 to 1788939914)...
2026-09-14 09:23:59 +0000 - dagster - INFO - __ASSET_JOB - 8ab7319b-bb67-4bd9-a867-b1028e499d35 - hackernews - Making GET request to https://hn.algolia.com/api/v1/search_by_date?numericFilters=created_at_i%3E%3D1788936314%2Ccreated_at_i%3C1788939914&hitsPerPage=1000
2026-09-14 09:23:59 +0000 - dagster - INFO - __ASSET_JOB - 8ab7319b-bb67-4bd9-a867-b1028e499d35 - hackernews - Retrieved 570 items in this window.
2026-09-14 09:23:59 +0000 - dagster - INFO - __ASSET_JOB - 8ab7319b-bb67-4bd9-a867-b1028e499d35 - hackernews - Querying time window: 2026-09-09 07:45:14 to 2026-09-09 08:45:14 (1788939914 to 1788943514)...
2026-09-14 09:23:59 +0000 - dagster - INFO - __ASSET_JOB - 8ab7319b-bb67-4bd9-a867-b1028e499d35 - hackernews - Making GET request to https://hn.algolia.com/api/v1/search_by_date?numericFilters=created_at_i%3E%3D1788939914%2Ccreated_at_i%3C1788943514&hitsPerPage=1000
2026-09-14 09:24:00 +0000 - dagster - INFO - __ASSET_JOB - 8ab7319b-bb67-4bd9-a867-b1028e499d35 - hackernews - Retrieved 472 items in this window.
2026-09-14 09:24:00 +0000 - dagster - INFO - __ASSET_JOB - 8ab7319b-bb67-4bd9-a867-b1028e499d35 - hackernews - Querying time window: 2026-09-09 08:45:14 to 2026-09-09 09:45:14 (1788943514 to 1788947114)...
2026-09-14 09:24:00 +0000 - dagster - INFO - __ASSET_JOB - 8ab7319b-bb67-4bd9-a867-b1028e499d35 - hackernews - Making GET request to https://hn.algolia.com/api/v1/search_by_date?numericFilters=created_at_i%3E%3D1788943514%2Ccreated_at_i%3C1788947114&hitsPerPage=1000
2026-09-14 09:24:00 +0000 - dagster - INFO - __ASSET_JOB - 8ab7319b-bb67-4bd9-a867-b1028e499d35 - hackernews - Retrieved 432 items in this window.
2026-09-14 09:24:00 +0000 - dagster - INFO - __ASSET_JOB - 8ab7319b-bb67-4bd9-a867-b1028e499d35 - hackernews - Querying time window: 2026-09-09 09:45:14 to 2026-09-09 10:45:14 (1788947114 to 1788950714)...
2026-09-14 09:24:00 +0000 - dagster - INFO - __ASSET_JOB - 8ab7319b-bb67-4bd9-a867-b1028e499d35 - hackernews - Making GET request to https://hn.algolia.com/api/v1/search_by_date?numericFilters=created_at_i%3E%3D1788947114%2Ccreated_at_i%3C1788950714&hitsPerPage=1000
2026-09-14 09:24:01 +0000 - dagster - INFO - __ASSET_JOB - 8ab7319b-bb67-4bd9-a867-b1028e499d35 - hackernews - Retrieved 451 items in this window.
2026-09-14 09:24:01 +0000 - dagster - INFO - __ASSET_JOB - 8ab7319b-bb67-4bd9-a867-b1028e499d35 - hackernews - Querying time window: 2026-09-09 10:45:14 to 2026-09-09 11:45:14 (1788950714 to 1788954314)...
2026-09-14 09:24:01 +0000 - dagster - INFO - __ASSET_JOB - 8ab7319b-bb67-4bd9-a867-b1028e499d35 - hackernews - Making GET request to https://hn.algolia.com/api/v1/search_by_date?numericFilters=created_at_i%3E%3D1788950714%2Ccreated_at_i%3C1788954314&hitsPerPage=1000
2026-09-14 09:24:01 +0000 - dagster - INFO - __ASSET_JOB - 8ab7319b-bb67-4bd9-a867-b1028e499d35 - hackernews - Retrieved 497 items in this window.
2026-09-14 09:24:01 +0000 - dagster - INFO - __ASSET_JOB - 8ab7319b-bb67-4bd9-a867-b1028e499d35 - hackernews - Querying time window: 2026-09-09 11:45:14 to 2026-09-09 12:45:14 (1788954314 to 1788957914)...
2026-09-14 09:24:01 +0000 - dagster - INFO - __ASSET_JOB - 8ab7319b-bb67-4bd9-a867-b1028e499d35 - hackernews - Making GET request to https://hn.algolia.com/api/v1/search_by_date?numericFilters=created_at_i%3E%3D1788954314%2Ccreated_at_i%3C1788957914&hitsPerPage=1000
2026-09-14 09:24:02 +0000 - dagster - INFO - __ASSET_JOB - 8ab7319b-bb67-4bd9-a867-b1028e499d35 - hackernews - Retrieved 667 items in this window.
2026-09-14 09:24:02 +0000 - dagster - INFO - __ASSET_JOB - 8ab7319b-bb67-4bd9-a867-b1028e499d35 - hackernews - Querying time window: 2026-09-09 12:45:14 to 2026-09-09 13:45:14 (1788957914 to 1788961514)...
2026-09-14 09:24:02 +0000 - dagster - INFO - __ASSET_JOB - 8ab7319b-bb67-4bd9-a867-b1028e499d35 - hackernews - Making GET request to https://hn.algolia.com/api/v1/search_by_date?numericFilters=created_at_i%3E%3D1788957914%2Ccreated_at_i%3C1788961514&hitsPerPage=1000
2026-09-14 09:24:02 +0000 - dagster - INFO - __ASSET_JOB - 8ab7319b-bb67-4bd9-a867-b1028e499d35 - hackernews - Retrieved 734 items in this window.
2026-09-14 09:24:02 +0000 - dagster - INFO - __ASSET_JOB - 8ab7319b-bb67-4bd9-a867-b1028e499d35 - hackernews - Querying time window: 2026-09-09 13:45:14 to 2026-09-09 14:45:14 (1788961514 to 1788965114)...
2026-09-14 09:24:02 +0000 - dagster - INFO - __ASSET_JOB - 8ab7319b-bb67-4bd9-a867-b1028e499d35 - hackernews - Making GET request to https://hn.algolia.com/api/v1/search_by_date?numericFilters=created_at_i%3E%3D1788961514%2Ccreated_at_i%3C1788965114&hitsPerPage=1000
2026-09-14 09:24:03 +0000 - dagster - INFO - __ASSET_JOB - 8ab7319b-bb67-4bd9-a867-b1028e499d35 - hackernews - Retrieved 877 items in this window.
2026-09-14 09:24:03 +0000 - dagster - INFO - __ASSET_JOB - 8ab7319b-bb67-4bd9-a867-b1028e499d35 - hackernews - Querying time window: 2026-09-09 14:45:14 to 2026-09-09 15:45:14 (1788965114 to 1788968714)...
2026-09-14 09:24:03 +0000 - dagster - INFO - __ASSET_JOB - 8ab7319b-bb67-4bd9-a867-b1028e499d35 - hackernews - Making GET request to https://hn.algolia.com/api/v1/search_by_date?numericFilters=created_at_i%3E%3D1788965114%2Ccreated_at_i%3C1788968714&hitsPerPage=1000
2026-09-14 09:24:03 +0000 - dagster - INFO - __ASSET_JOB - 8ab7319b-bb67-4bd9-a867-b1028e499d35 - hackernews - Retrieved 882 items in this window.
2026-09-14 09:24:03 +0000 - dagster - INFO - __ASSET_JOB - 8ab7319b-bb67-4bd9-a867-b1028e499d35 - hackernews - Querying time window: 2026-09-09 15:45:14 to 2026-09-09 16:45:14 (1788968714 to 1788972314)...
2026-09-14 09:24:03 +0000 - dagster - INFO - __ASSET_JOB - 8ab7319b-bb67-4bd9-a867-b1028e499d35 - hackernews - Making GET request to https://hn.algolia.com/api/v1/search_by_date?numericFilters=created_at_i%3E%3D1788968714%2Ccreated_at_i%3C1788972314&hitsPerPage=1000
2026-09-14 09:24:04 +0000 - dagster - INFO - __ASSET_JOB - 8ab7319b-bb67-4bd9-a867-b1028e499d35 - hackernews - Retrieved 878 items in this window.
2026-09-14 09:24:04 +0000 - dagster - INFO - __ASSET_JOB - 8ab7319b-bb67-4bd9-a867-b1028e499d35 - hackernews - Querying time window: 2026-09-09 16:45:14 to 2026-09-09 17:45:14 (1788972314 to 1788975914)...
2026-09-14 09:24:04 +0000 - dagster - INFO - __ASSET_JOB - 8ab7319b-bb67-4bd9-a867-b1028e499d35 - hackernews - Making GET request to https://hn.algolia.com/api/v1/search_by_date?numericFilters=created_at_i%3E%3D1788972314%2Ccreated_at_i%3C1788975914&hitsPerPage=1000
2026-09-14 09:24:04 +0000 - dagster - INFO - __ASSET_JOB - 8ab7319b-bb67-4bd9-a867-b1028e499d35 - hackernews - Retrieved 854 items in this window.
2026-09-14 09:24:04 +0000 - dagster - INFO - __ASSET_JOB - 8ab7319b-bb67-4bd9-a867-b1028e499d35 - hackernews - Querying time window: 2026-09-09 17:45:14 to 2026-09-09 18:45:14 (1788975914 to 1788979514)...
2026-09-14 09:24:04 +0000 - dagster - INFO - __ASSET_JOB - 8ab7319b-bb67-4bd9-a867-b1028e499d35 - hackernews - Making GET request to https://hn.algolia.com/api/v1/search_by_date?numericFilters=created_at_i%3E%3D1788975914%2Ccreated_at_i%3C1788979514&hitsPerPage=1000
2026-09-14 09:24:05 +0000 - dagster - WARNING - __ASSET_JOB - 8ab7319b-bb67-4bd9-a867-b1028e499d35 - hackernews - Window 2026-09-09 17:45:14 to 2026-09-09 18:45:14 (1788975914 to 1788979514) has 1373 hits (exceeds Algolia limit of 1000). Shrinking window size from 3600 to 1800 seconds.
2026-09-14 09:24:05 +0000 - dagster - INFO - __ASSET_JOB - 8ab7319b-bb67-4bd9-a867-b1028e499d35 - hackernews - Querying time window: 2026-09-09 17:45:14 to 2026-09-09 18:15:14 (1788975914 to 1788977714)...
2026-09-14 09:24:05 +0000 - dagster - INFO - __ASSET_JOB - 8ab7319b-bb67-4bd9-a867-b1028e499d35 - hackernews - Making GET request to https://hn.algolia.com/api/v1/search_by_date?numericFilters=created_at_i%3E%3D1788975914%2Ccreated_at_i%3C1788977714&hitsPerPage=1000
2026-09-14 09:24:05 +0000 - dagster - INFO - __ASSET_JOB - 8ab7319b-bb67-4bd9-a867-b1028e499d35 - hackernews - Retrieved 532 items in this window.
2026-09-14 09:24:05 +0000 - dagster - INFO - __ASSET_JOB - 8ab7319b-bb67-4bd9-a867-b1028e499d35 - hackernews - Querying time window: 2026-09-09 18:15:14 to 2026-09-09 19:15:14 (1788977714 to 1788981314)...
2026-09-14 09:24:05 +0000 - dagster - INFO - __ASSET_JOB - 8ab7319b-bb67-4bd9-a867-b1028e499d35 - hackernews - Making GET request to https://hn.algolia.com/api/v1/search_by_date?numericFilters=created_at_i%3E%3D1788977714%2Ccreated_at_i%3C1788981314&hitsPerPage=1000
2026-09-14 09:24:06 +0000 - dagster - WARNING - __ASSET_JOB - 8ab7319b-bb67-4bd9-a867-b1028e499d35 - hackernews - Window 2026-09-09 18:15:14 to 2026-09-09 19:15:14 (1788977714 to 1788981314) has 1455 hits (exceeds Algolia limit of 1000). Shrinking window size from 3600 to 1800 seconds.
2026-09-14 09:24:06 +0000 - dagster - INFO - __ASSET_JOB - 8ab7319b-bb67-4bd9-a867-b1028e499d35 - hackernews - Querying time window: 2026-09-09 18:15:14 to 2026-09-09 18:45:14 (1788977714 to 1788979514)...
2026-09-14 09:24:06 +0000 - dagster - INFO - __ASSET_JOB - 8ab7319b-bb67-4bd9-a867-b1028e499d35 - hackernews - Making GET request to https://hn.algolia.com/api/v1/search_by_date?numericFilters=created_at_i%3E%3D1788977714%2Ccreated_at_i%3C1788979514&hitsPerPage=1000
2026-09-14 09:24:06 +0000 - dagster - INFO - __ASSET_JOB - 8ab7319b-bb67-4bd9-a867-b1028e499d35 - hackernews - Retrieved 841 items in this window.
2026-09-14 09:24:06 +0000 - dagster - INFO - __ASSET_JOB - 8ab7319b-bb67-4bd9-a867-b1028e499d35 - hackernews - Querying time window: 2026-09-09 18:45:14 to 2026-09-09 19:45:14 (1788979514 to 1788983114)...
2026-09-14 09:24:06 +0000 - dagster - INFO - __ASSET_JOB - 8ab7319b-bb67-4bd9-a867-b1028e499d35 - hackernews - Making GET request to https://hn.algolia.com/api/v1/search_by_date?numericFilters=created_at_i%3E%3D1788979514%2Ccreated_at_i%3C1788983114&hitsPerPage=1000
2026-09-14 09:24:07 +0000 - dagster - WARNING - __ASSET_JOB - 8ab7319b-bb67-4bd9-a867-b1028e499d35 - hackernews - Window 2026-09-09 18:45:14 to 2026-09-09 19:45:14 (1788979514 to 1788983114) has 1118 hits (exceeds Algolia limit of 1000). Shrinking window size from 3600 to 1800 seconds.
2026-09-14 09:24:07 +0000 - dagster - INFO - __ASSET_JOB - 8ab7319b-bb67-4bd9-a867-b1028e499d35 - hackernews - Querying time window: 2026-09-09 18:45:14 to 2026-09-09 19:15:14 (1788979514 to 1788981314)...
2026-09-14 09:24:07 +0000 - dagster - INFO - __ASSET_JOB - 8ab7319b-bb67-4bd9-a867-b1028e499d35 - hackernews - Making GET request to https://hn.algolia.com/api/v1/search_by_date?numericFilters=created_at_i%3E%3D1788979514%2Ccreated_at_i%3C1788981314&hitsPerPage=1000
2026-09-14 09:24:07 +0000 - dagster - INFO - __ASSET_JOB - 8ab7319b-bb67-4bd9-a867-b1028e499d35 - hackernews - Retrieved 614 items in this window.
2026-09-14 09:24:07 +0000 - dagster - INFO - __ASSET_JOB - 8ab7319b-bb67-4bd9-a867-b1028e499d35 - hackernews - Querying time window: 2026-09-09 19:15:14 to 2026-09-09 20:15:14 (1788981314 to 1788984914)...
2026-09-14 09:24:07 +0000 - dagster - INFO - __ASSET_JOB - 8ab7319b-bb67-4bd9-a867-b1028e499d35 - hackernews - Making GET request to https://hn.algolia.com/api/v1/search_by_date?numericFilters=created_at_i%3E%3D1788981314%2Ccreated_at_i%3C1788984914&hitsPerPage=1000
2026-09-14 09:24:08 +0000 - dagster - INFO - __ASSET_JOB - 8ab7319b-bb67-4bd9-a867-b1028e499d35 - hackernews - Retrieved 954 items in this window.
2026-09-14 09:24:08 +0000 - dagster - INFO - __ASSET_JOB - 8ab7319b-bb67-4bd9-a867-b1028e499d35 - hackernews - Querying time window: 2026-09-09 20:15:14 to 2026-09-09 21:15:14 (1788984914 to 1788988514)...
2026-09-14 09:24:08 +0000 - dagster - INFO - __ASSET_JOB - 8ab7319b-bb67-4bd9-a867-b1028e499d35 - hackernews - Making GET request to https://hn.algolia.com/api/v1/search_by_date?numericFilters=created_at_i%3E%3D1788984914%2Ccreated_at_i%3C1788988514&hitsPerPage=1000
2026-09-14 09:24:08 +0000 - dagster - INFO - __ASSET_JOB - 8ab7319b-bb67-4bd9-a867-b1028e499d35 - hackernews - Retrieved 872 items in this window.
2026-09-14 09:24:08 +0000 - dagster - INFO - __ASSET_JOB - 8ab7319b-bb67-4bd9-a867-b1028e499d35 - hackernews - Querying time window: 2026-09-09 21:15:14 to 2026-09-09 22:15:14 (1788988514 to 1788992114)...
2026-09-14 09:24:08 +0000 - dagster - INFO - __ASSET_JOB - 8ab7319b-bb67-4bd9-a867-b1028e499d35 - hackernews - Making GET request to https://hn.algolia.com/api/v1/search_by_date?numericFilters=created_at_i%3E%3D1788988514%2Ccreated_at_i%3C1788992114&hitsPerPage=1000
2026-09-14 09:24:09 +0000 - dagster - INFO - __ASSET_JOB - 8ab7319b-bb67-4bd9-a867-b1028e499d35 - hackernews - Retrieved 762 items in this window.
2026-09-14 09:24:09 +0000 - dagster - INFO - __ASSET_JOB - 8ab7319b-bb67-4bd9-a867-b1028e499d35 - hackernews - Querying time window: 2026-09-09 22:15:14 to 2026-09-09 23:15:14 (1788992114 to 1788995714)...
2026-09-14 09:24:09 +0000 - dagster - INFO - __ASSET_JOB - 8ab7319b-bb67-4bd9-a867-b1028e499d35 - hackernews - Making GET request to https://hn.algolia.com/api/v1/search_by_date?numericFilters=created_at_i%3E%3D1788992114%2Ccreated_at_i%3C1788995714&hitsPerPage=1000
2026-09-14 09:24:10 +0000 - dagster - INFO - __ASSET_JOB - 8ab7319b-bb67-4bd9-a867-b1028e499d35 - hackernews - Retrieved 600 items in this window.
2026-09-14 09:24:10 +0000 - dagster - INFO - __ASSET_JOB - 8ab7319b-bb67-4bd9-a867-b1028e499d35 - hackernews - Querying time window: 2026-09-09 23:15:14 to 2026-09-10 00:15:14 (1788995714 to 1788999314)...
2026-09-14 09:24:10 +0000 - dagster - INFO - __ASSET_JOB - 8ab7319b-bb67-4bd9-a867-b1028e499d35 - hackernews - Making GET request to https://hn.algolia.com/api/v1/search_by_date?numericFilters=created_at_i%3E%3D1788995714%2Ccreated_at_i%3C1788999314&hitsPerPage=1000
2026-09-14 09:24:10 +0000 - dagster - INFO - __ASSET_JOB - 8ab7319b-bb67-4bd9-a867-b1028e499d35 - hackernews - Retrieved 485 items in this window.
2026-09-14 09:24:10 +0000 - dagster - INFO - __ASSET_JOB - 8ab7319b-bb67-4bd9-a867-b1028e499d35 - hackernews - Querying time window: 2026-09-10 00:15:14 to 2026-09-10 01:15:14 (1788999314 to 1789002914)...
2026-09-14 09:24:10 +0000 - dagster - INFO - __ASSET_JOB - 8ab7319b-bb67-4bd9-a867-b1028e499d35 - hackernews - Making GET request to https://hn.algolia.com/api/v1/search_by_date?numericFilters=created_at_i%3E%3D1788999314%2Ccreated_at_i%3C1789002914&hitsPerPage=1000
2026-09-14 09:24:10 +0000 - dagster - INFO - __ASSET_JOB - 8ab7319b-bb67-4bd9-a867-b1028e499d35 - hackernews - Retrieved 503 items in this window.
2026-09-14 09:24:10 +0000 - dagster - INFO - __ASSET_JOB - 8ab7319b-bb67-4bd9-a867-b1028e499d35 - hackernews - Querying time window: 2026-09-10 01:15:14 to 2026-09-10 02:15:14 (1789002914 to 1789006514)...
2026-09-14 09:24:10 +0000 - dagster - INFO - __ASSET_JOB - 8ab7319b-bb67-4bd9-a867-b1028e499d35 - hackernews - Making GET request to https://hn.algolia.com/api/v1/search_by_date?numericFilters=created_at_i%3E%3D1789002914%2Ccreated_at_i%3C1789006514&hitsPerPage=1000
2026-09-14 09:24:11 +0000 - dagster - INFO - __ASSET_JOB - 8ab7319b-bb67-4bd9-a867-b1028e499d35 - hackernews - Retrieved 446 items in this window.
2026-09-14 09:24:11 +0000 - dagster - INFO - __ASSET_JOB - 8ab7319b-bb67-4bd9-a867-b1028e499d35 - hackernews - Querying time window: 2026-09-10 02:15:14 to 2026-09-10 03:15:14 (1789006514 to 1789010114)...
2026-09-14 09:24:11 +0000 - dagster - INFO - __ASSET_JOB - 8ab7319b-bb67-4bd9-a867-b1028e499d35 - hackernews - Making GET request to https://hn.algolia.com/api/v1/search_by_date?numericFilters=created_at_i%3E%3D1789006514%2Ccreated_at_i%3C1789010114&hitsPerPage=1000
2026-09-14 09:24:11 +0000 - dagster - INFO - __ASSET_JOB - 8ab7319b-bb67-4bd9-a867-b1028e499d35 - hackernews - Retrieved 368 items in this window.
2026-09-14 09:24:11 +0000 - dagster - INFO - __ASSET_JOB - 8ab7319b-bb67-4bd9-a867-b1028e499d35 - hackernews - Querying time window: 2026-09-10 03:15:14 to 2026-09-10 04:15:14 (1789010114 to 1789013714)...
2026-09-14 09:24:11 +0000 - dagster - INFO - __ASSET_JOB - 8ab7319b-bb67-4bd9-a867-b1028e499d35 - hackernews - Making GET request to https://hn.algolia.com/api/v1/search_by_date?numericFilters=created_at_i%3E%3D1789010114%2Ccreated_at_i%3C1789013714&hitsPerPage=1000
2026-09-14 09:24:12 +0000 - dagster - INFO - __ASSET_JOB - 8ab7319b-bb67-4bd9-a867-b1028e499d35 - hackernews - Retrieved 355 items in this window.
2026-09-14 09:24:12 +0000 - dagster - INFO - __ASSET_JOB - 8ab7319b-bb67-4bd9-a867-b1028e499d35 - hackernews - Querying time window: 2026-09-10 04:15:14 to 2026-09-10 05:15:14 (1789013714 to 1789017314)...
2026-09-14 09:24:12 +0000 - dagster - INFO - __ASSET_JOB - 8ab7319b-bb67-4bd9-a867-b1028e499d35 - hackernews - Making GET request to https://hn.algolia.com/api/v1/search_by_date?numericFilters=created_at_i%3E%3D1789013714%2Ccreated_at_i%3C1789017314&hitsPerPage=1000
2026-09-14 09:24:12 +0000 - dagster - INFO - __ASSET_JOB - 8ab7319b-bb67-4bd9-a867-b1028e499d35 - hackernews - Retrieved 340 items in this window.
2026-09-14 09:24:12 +0000 - dagster - INFO - __ASSET_JOB - 8ab7319b-bb67-4bd9-a867-b1028e499d35 - hackernews - Querying time window: 2026-09-10 05:15:14 to 2026-09-10 06:15:14 (1789017314 to 1789020914)...
2026-09-14 09:24:12 +0000 - dagster - INFO - __ASSET_JOB - 8ab7319b-bb67-4bd9-a867-b1028e499d35 - hackernews - Making GET request to https://hn.algolia.com/api/v1/search_by_date?numericFilters=created_at_i%3E%3D1789017314%2Ccreated_at_i%3C1789020914&hitsPerPage=1000
2026-09-14 09:24:13 +0000 - dagster - INFO - __ASSET_JOB - 8ab7319b-bb67-4bd9-a867-b1028e499d35 - hackernews - Retrieved 389 items in this window.
2026-09-14 09:24:13 +0000 - dagster - INFO - __ASSET_JOB - 8ab7319b-bb67-4bd9-a867-b1028e499d35 - hackernews - Querying time window: 2026-09-10 06:15:14 to 2026-09-10 07:15:14 (1789020914 to 1789024514)...
2026-09-14 09:24:13 +0000 - dagster - INFO - __ASSET_JOB - 8ab7319b-bb67-4bd9-a867-b1028e499d35 - hackernews - Making GET request to https://hn.algolia.com/api/v1/search_by_date?numericFilters=created_at_i%3E%3D1789020914%2Ccreated_at_i%3C1789024514&hitsPerPage=1000
2026-09-14 09:24:13 +0000 - dagster - INFO - __ASSET_JOB - 8ab7319b-bb67-4bd9-a867-b1028e499d35 - hackernews - Retrieved 422 items in this window.
2026-09-14 09:24:13 +0000 - dagster - INFO - __ASSET_JOB - 8ab7319b-bb67-4bd9-a867-b1028e499d35 - hackernews - Querying time window: 2026-09-10 07:15:14 to 2026-09-10 08:15:14 (1789024514 to 1789028114)...
2026-09-14 09:24:13 +0000 - dagster - INFO - __ASSET_JOB - 8ab7319b-bb67-4bd9-a867-b1028e499d35 - hackernews - Making GET request to https://hn.algolia.com/api/v1/search_by_date?numericFilters=created_at_i%3E%3D1789024514%2Ccreated_at_i%3C1789028114&hitsPerPage=1000
2026-09-14 09:24:13 +0000 - dagster - INFO - __ASSET_JOB - 8ab7319b-bb67-4bd9-a867-b1028e499d35 - hackernews - Retrieved 524 items in this window.
2026-09-14 09:24:13 +0000 - dagster - INFO - __ASSET_JOB - 8ab7319b-bb67-4bd9-a867-b1028e499d35 - hackernews - Querying time window: 2026-09-10 08:15:14 to 2026-09-10 09:15:14 (1789028114 to 1789031714)...
2026-09-14 09:24:13 +0000 - dagster - INFO - __ASSET_JOB - 8ab7319b-bb67-4bd9-a867-b1028e499d35 - hackernews - Making GET request to https://hn.algolia.com/api/v1/search_by_date?numericFilters=created_at_i%3E%3D1789028114%2Ccreated_at_i%3C1789031714&hitsPerPage=1000
2026-09-14 09:24:14 +0000 - dagster - INFO - __ASSET_JOB - 8ab7319b-bb67-4bd9-a867-b1028e499d35 - hackernews - Retrieved 502 items in this window.
2026-09-14 09:24:14 +0000 - dagster - INFO - __ASSET_JOB - 8ab7319b-bb67-4bd9-a867-b1028e499d35 - hackernews - Querying time window: 2026-09-10 09:15:14 to 2026-09-10 10:15:14 (1789031714 to 1789035314)...
2026-09-14 09:24:14 +0000 - dagster - INFO - __ASSET_JOB - 8ab7319b-bb67-4bd9-a867-b1028e499d35 - hackernews - Making GET request to https://hn.algolia.com/api/v1/search_by_date?numericFilters=created_at_i%3E%3D1789031714%2Ccreated_at_i%3C1789035314&hitsPerPage=1000
2026-09-14 09:24:14 +0000 - dagster - INFO - __ASSET_JOB - 8ab7319b-bb67-4bd9-a867-b1028e499d35 - hackernews - Retrieved 399 items in this window.
2026-09-14 09:24:14 +0000 - dagster - INFO - __ASSET_JOB - 8ab7319b-bb67-4bd9-a867-b1028e499d35 - hackernews - Querying time window: 2026-09-10 10:15:14 to 2026-09-10 11:15:14 (1789035314 to 1789038914)...
2026-09-14 09:24:14 +0000 - dagster - INFO - __ASSET_JOB - 8ab7319b-bb67-4bd9-a867-b1028e499d35 - hackernews - Making GET request to https://hn.algolia.com/api/v1/search_by_date?numericFilters=created_at_i%3E%3D1789035314%2Ccreated_at_i%3C1789038914&hitsPerPage=1000
2026-09-14 09:24:15 +0000 - dagster - INFO - __ASSET_JOB - 8ab7319b-bb67-4bd9-a867-b1028e499d35 - hackernews - Retrieved 457 items in this window.
2026-09-14 09:24:15 +0000 - dagster - INFO - __ASSET_JOB - 8ab7319b-bb67-4bd9-a867-b1028e499d35 - hackernews - Querying time window: 2026-09-10 11:15:14 to 2026-09-10 12:15:14 (1789038914 to 1789042514)...
2026-09-14 09:24:15 +0000 - dagster - INFO - __ASSET_JOB - 8ab7319b-bb67-4bd9-a867-b1028e499d35 - hackernews - Making GET request to https://hn.algolia.com/api/v1/search_by_date?numericFilters=created_at_i%3E%3D1789038914%2Ccreated_at_i%3C1789042514&hitsPerPage=1000
2026-09-14 09:24:15 +0000 - dagster - INFO - __ASSET_JOB - 8ab7319b-bb67-4bd9-a867-b1028e499d35 - hackernews - Retrieved 662 items in this window.
2026-09-14 09:24:15 +0000 - dagster - INFO - __ASSET_JOB - 8ab7319b-bb67-4bd9-a867-b1028e499d35 - hackernews - Querying time window: 2026-09-10 12:15:14 to 2026-09-10 13:15:14 (1789042514 to 1789046114)...
2026-09-14 09:24:15 +0000 - dagster - INFO - __ASSET_JOB - 8ab7319b-bb67-4bd9-a867-b1028e499d35 - hackernews - Making GET request to https://hn.algolia.com/api/v1/search_by_date?numericFilters=created_at_i%3E%3D1789042514%2Ccreated_at_i%3C1789046114&hitsPerPage=1000
2026-09-14 09:24:16 +0000 - dagster - INFO - __ASSET_JOB - 8ab7319b-bb67-4bd9-a867-b1028e499d35 - hackernews - Retrieved 643 items in this window.
2026-09-14 09:24:16 +0000 - dagster - INFO - __ASSET_JOB - 8ab7319b-bb67-4bd9-a867-b1028e499d35 - hackernews - Querying time window: 2026-09-10 13:15:14 to 2026-09-10 14:15:14 (1789046114 to 1789049714)...
2026-09-14 09:24:16 +0000 - dagster - INFO - __ASSET_JOB - 8ab7319b-bb67-4bd9-a867-b1028e499d35 - hackernews - Making GET request to https://hn.algolia.com/api/v1/search_by_date?numericFilters=created_at_i%3E%3D1789046114%2Ccreated_at_i%3C1789049714&hitsPerPage=1000
2026-09-14 09:24:16 +0000 - dagster - INFO - __ASSET_JOB - 8ab7319b-bb67-4bd9-a867-b1028e499d35 - hackernews - Retrieved 773 items in this window.
2026-09-14 09:24:16 +0000 - dagster - INFO - __ASSET_JOB - 8ab7319b-bb67-4bd9-a867-b1028e499d35 - hackernews - Querying time window: 2026-09-10 14:15:14 to 2026-09-10 15:15:14 (1789049714 to 1789053314)...
2026-09-14 09:24:16 +0000 - dagster - INFO - __ASSET_JOB - 8ab7319b-bb67-4bd9-a867-b1028e499d35 - hackernews - Making GET request to https://hn.algolia.com/api/v1/search_by_date?numericFilters=created_at_i%3E%3D1789049714%2Ccreated_at_i%3C1789053314&hitsPerPage=1000
2026-09-14 09:24:17 +0000 - dagster - WARNING - __ASSET_JOB - 8ab7319b-bb67-4bd9-a867-b1028e499d35 - hackernews - Window 2026-09-10 14:15:14 to 2026-09-10 15:15:14 (1789049714 to 1789053314) has 1002 hits (exceeds Algolia limit of 1000). Shrinking window size from 3600 to 1800 seconds.
2026-09-14 09:24:17 +0000 - dagster - INFO - __ASSET_JOB - 8ab7319b-bb67-4bd9-a867-b1028e499d35 - hackernews - Querying time window: 2026-09-10 14:15:14 to 2026-09-10 14:45:14 (1789049714 to 1789051514)...
2026-09-14 09:24:17 +0000 - dagster - INFO - __ASSET_JOB - 8ab7319b-bb67-4bd9-a867-b1028e499d35 - hackernews - Making GET request to https://hn.algolia.com/api/v1/search_by_date?numericFilters=created_at_i%3E%3D1789049714%2Ccreated_at_i%3C1789051514&hitsPerPage=1000
2026-09-14 09:24:18 +0000 - dagster - INFO - __ASSET_JOB - 8ab7319b-bb67-4bd9-a867-b1028e499d35 - hackernews - Retrieved 482 items in this window.
2026-09-14 09:24:18 +0000 - dagster - INFO - __ASSET_JOB - 8ab7319b-bb67-4bd9-a867-b1028e499d35 - hackernews - Querying time window: 2026-09-10 14:45:14 to 2026-09-10 15:45:14 (1789051514 to 1789055114)...
2026-09-14 09:24:18 +0000 - dagster - INFO - __ASSET_JOB - 8ab7319b-bb67-4bd9-a867-b1028e499d35 - hackernews - Making GET request to https://hn.algolia.com/api/v1/search_by_date?numericFilters=created_at_i%3E%3D1789051514%2Ccreated_at_i%3C1789055114&hitsPerPage=1000
2026-09-14 09:24:18 +0000 - dagster - INFO - __ASSET_JOB - 8ab7319b-bb67-4bd9-a867-b1028e499d35 - hackernews - Retrieved 989 items in this window.
2026-09-14 09:24:18 +0000 - dagster - INFO - __ASSET_JOB - 8ab7319b-bb67-4bd9-a867-b1028e499d35 - hackernews - Querying time window: 2026-09-10 15:45:14 to 2026-09-10 16:45:14 (1789055114 to 1789058714)...
2026-09-14 09:24:18 +0000 - dagster - INFO - __ASSET_JOB - 8ab7319b-bb67-4bd9-a867-b1028e499d35 - hackernews - Making GET request to https://hn.algolia.com/api/v1/search_by_date?numericFilters=created_at_i%3E%3D1789055114%2Ccreated_at_i%3C1789058714&hitsPerPage=1000
2026-09-14 09:24:19 +0000 - dagster - INFO - __ASSET_JOB - 8ab7319b-bb67-4bd9-a867-b1028e499d35 - hackernews - Retrieved 869 items in this window.
2026-09-14 09:24:19 +0000 - dagster - INFO - __ASSET_JOB - 8ab7319b-bb67-4bd9-a867-b1028e499d35 - hackernews - Querying time window: 2026-09-10 16:45:14 to 2026-09-10 17:45:14 (1789058714 to 1789062314)...
2026-09-14 09:24:19 +0000 - dagster - INFO - __ASSET_JOB - 8ab7319b-bb67-4bd9-a867-b1028e499d35 - hackernews - Making GET request to https://hn.algolia.com/api/v1/search_by_date?numericFilters=created_at_i%3E%3D1789058714%2Ccreated_at_i%3C1789062314&hitsPerPage=1000
2026-09-14 09:24:19 +0000 - dagster - INFO - __ASSET_JOB - 8ab7319b-bb67-4bd9-a867-b1028e499d35 - hackernews - Retrieved 853 items in this window.
2026-09-14 09:24:19 +0000 - dagster - INFO - __ASSET_JOB - 8ab7319b-bb67-4bd9-a867-b1028e499d35 - hackernews - Querying time window: 2026-09-10 17:45:14 to 2026-09-10 18:45:14 (1789062314 to 1789065914)...
2026-09-14 09:24:19 +0000 - dagster - INFO - __ASSET_JOB - 8ab7319b-bb67-4bd9-a867-b1028e499d35 - hackernews - Making GET request to https://hn.algolia.com/api/v1/search_by_date?numericFilters=created_at_i%3E%3D1789062314%2Ccreated_at_i%3C1789065914&hitsPerPage=1000
2026-09-14 09:24:20 +0000 - dagster - INFO - __ASSET_JOB - 8ab7319b-bb67-4bd9-a867-b1028e499d35 - hackernews - Retrieved 763 items in this window.
2026-09-14 09:24:20 +0000 - dagster - INFO - __ASSET_JOB - 8ab7319b-bb67-4bd9-a867-b1028e499d35 - hackernews - Querying time window: 2026-09-10 18:45:14 to 2026-09-10 19:45:14 (1789065914 to 1789069514)...
2026-09-14 09:24:20 +0000 - dagster - INFO - __ASSET_JOB - 8ab7319b-bb67-4bd9-a867-b1028e499d35 - hackernews - Making GET request to https://hn.algolia.com/api/v1/search_by_date?numericFilters=created_at_i%3E%3D1789065914%2Ccreated_at_i%3C1789069514&hitsPerPage=1000
2026-09-14 09:24:20 +0000 - dagster - INFO - __ASSET_JOB - 8ab7319b-bb67-4bd9-a867-b1028e499d35 - hackernews - Retrieved 671 items in this window.
2026-09-14 09:24:20 +0000 - dagster - INFO - __ASSET_JOB - 8ab7319b-bb67-4bd9-a867-b1028e499d35 - hackernews - Querying time window: 2026-09-10 19:45:14 to 2026-09-10 20:45:14 (1789069514 to 1789073114)...
2026-09-14 09:24:20 +0000 - dagster - INFO - __ASSET_JOB - 8ab7319b-bb67-4bd9-a867-b1028e499d35 - hackernews - Making GET request to https://hn.algolia.com/api/v1/search_by_date?numericFilters=created_at_i%3E%3D1789069514%2Ccreated_at_i%3C1789073114&hitsPerPage=1000
2026-09-14 09:24:21 +0000 - dagster - INFO - __ASSET_JOB - 8ab7319b-bb67-4bd9-a867-b1028e499d35 - hackernews - Retrieved 650 items in this window.
2026-09-14 09:24:21 +0000 - dagster - INFO - __ASSET_JOB - 8ab7319b-bb67-4bd9-a867-b1028e499d35 - hackernews - Querying time window: 2026-09-10 20:45:14 to 2026-09-10 21:45:14 (1789073114 to 1789076714)...
2026-09-14 09:24:21 +0000 - dagster - INFO - __ASSET_JOB - 8ab7319b-bb67-4bd9-a867-b1028e499d35 - hackernews - Making GET request to https://hn.algolia.com/api/v1/search_by_date?numericFilters=created_at_i%3E%3D1789073114%2Ccreated_at_i%3C1789076714&hitsPerPage=1000
2026-09-14 09:24:21 +0000 - dagster - INFO - __ASSET_JOB - 8ab7319b-bb67-4bd9-a867-b1028e499d35 - hackernews - Retrieved 560 items in this window.
2026-09-14 09:24:21 +0000 - dagster - INFO - __ASSET_JOB - 8ab7319b-bb67-4bd9-a867-b1028e499d35 - hackernews - Querying time window: 2026-09-10 21:45:14 to 2026-09-10 22:45:14 (1789076714 to 1789080314)...
2026-09-14 09:24:21 +0000 - dagster - INFO - __ASSET_JOB - 8ab7319b-bb67-4bd9-a867-b1028e499d35 - hackernews - Making GET request to https://hn.algolia.com/api/v1/search_by_date?numericFilters=created_at_i%3E%3D1789076714%2Ccreated_at_i%3C1789080314&hitsPerPage=1000
2026-09-14 09:24:22 +0000 - dagster - INFO - __ASSET_JOB - 8ab7319b-bb67-4bd9-a867-b1028e499d35 - hackernews - Retrieved 538 items in this window.
2026-09-14 09:24:22 +0000 - dagster - INFO - __ASSET_JOB - 8ab7319b-bb67-4bd9-a867-b1028e499d35 - hackernews - Querying time window: 2026-09-10 22:45:14 to 2026-09-10 23:45:14 (1789080314 to 1789083914)...
2026-09-14 09:24:22 +0000 - dagster - INFO - __ASSET_JOB - 8ab7319b-bb67-4bd9-a867-b1028e499d35 - hackernews - Making GET request to https://hn.algolia.com/api/v1/search_by_date?numericFilters=created_at_i%3E%3D1789080314%2Ccreated_at_i%3C1789083914&hitsPerPage=1000
2026-09-14 09:24:22 +0000 - dagster - INFO - __ASSET_JOB - 8ab7319b-bb67-4bd9-a867-b1028e499d35 - hackernews - Retrieved 459 items in this window.
2026-09-14 09:24:22 +0000 - dagster - INFO - __ASSET_JOB - 8ab7319b-bb67-4bd9-a867-b1028e499d35 - hackernews - Querying time window: 2026-09-10 23:45:14 to 2026-09-11 00:45:14 (1789083914 to 1789087514)...
2026-09-14 09:24:22 +0000 - dagster - INFO - __ASSET_JOB - 8ab7319b-bb67-4bd9-a867-b1028e499d35 - hackernews - Making GET request to https://hn.algolia.com/api/v1/search_by_date?numericFilters=created_at_i%3E%3D1789083914%2Ccreated_at_i%3C1789087514&hitsPerPage=1000
2026-09-14 09:24:23 +0000 - dagster - INFO - __ASSET_JOB - 8ab7319b-bb67-4bd9-a867-b1028e499d35 - hackernews - Retrieved 420 items in this window.
2026-09-14 09:24:23 +0000 - dagster - INFO - __ASSET_JOB - 8ab7319b-bb67-4bd9-a867-b1028e499d35 - hackernews - Querying time window: 2026-09-11 00:45:14 to 2026-09-11 01:45:14 (1789087514 to 1789091114)...
2026-09-14 09:24:23 +0000 - dagster - INFO - __ASSET_JOB - 8ab7319b-bb67-4bd9-a867-b1028e499d35 - hackernews - Making GET request to https://hn.algolia.com/api/v1/search_by_date?numericFilters=created_at_i%3E%3D1789087514%2Ccreated_at_i%3C1789091114&hitsPerPage=1000
2026-09-14 09:24:23 +0000 - dagster - INFO - __ASSET_JOB - 8ab7319b-bb67-4bd9-a867-b1028e499d35 - hackernews - Retrieved 387 items in this window.
2026-09-14 09:24:23 +0000 - dagster - INFO - __ASSET_JOB - 8ab7319b-bb67-4bd9-a867-b1028e499d35 - hackernews - Querying time window: 2026-09-11 01:45:14 to 2026-09-11 02:45:14 (1789091114 to 1789094714)...
2026-09-14 09:24:23 +0000 - dagster - INFO - __ASSET_JOB - 8ab7319b-bb67-4bd9-a867-b1028e499d35 - hackernews - Making GET request to https://hn.algolia.com/api/v1/search_by_date?numericFilters=created_at_i%3E%3D1789091114%2Ccreated_at_i%3C1789094714&hitsPerPage=1000
2026-09-14 09:24:24 +0000 - dagster - INFO - __ASSET_JOB - 8ab7319b-bb67-4bd9-a867-b1028e499d35 - hackernews - Retrieved 358 items in this window.
2026-09-14 09:24:24 +0000 - dagster - INFO - __ASSET_JOB - 8ab7319b-bb67-4bd9-a867-b1028e499d35 - hackernews - Querying time window: 2026-09-11 02:45:14 to 2026-09-11 03:45:14 (1789094714 to 1789098314)...
2026-09-14 09:24:24 +0000 - dagster - INFO - __ASSET_JOB - 8ab7319b-bb67-4bd9-a867-b1028e499d35 - hackernews - Making GET request to https://hn.algolia.com/api/v1/search_by_date?numericFilters=created_at_i%3E%3D1789094714%2Ccreated_at_i%3C1789098314&hitsPerPage=1000
2026-09-14 09:24:24 +0000 - dagster - INFO - __ASSET_JOB - 8ab7319b-bb67-4bd9-a867-b1028e499d35 - hackernews - Retrieved 298 items in this window.
2026-09-14 09:24:24 +0000 - dagster - INFO - __ASSET_JOB - 8ab7319b-bb67-4bd9-a867-b1028e499d35 - hackernews - Querying time window: 2026-09-11 03:45:14 to 2026-09-11 04:45:14 (1789098314 to 1789101914)...
2026-09-14 09:24:24 +0000 - dagster - INFO - __ASSET_JOB - 8ab7319b-bb67-4bd9-a867-b1028e499d35 - hackernews - Making GET request to https://hn.algolia.com/api/v1/search_by_date?numericFilters=created_at_i%3E%3D1789098314%2Ccreated_at_i%3C1789101914&hitsPerPage=1000
2026-09-14 09:24:24 +0000 - dagster - INFO - __ASSET_JOB - 8ab7319b-bb67-4bd9-a867-b1028e499d35 - hackernews - Retrieved 312 items in this window.
2026-09-14 09:24:24 +0000 - dagster - INFO - __ASSET_JOB - 8ab7319b-bb67-4bd9-a867-b1028e499d35 - hackernews - Querying time window: 2026-09-11 04:45:14 to 2026-09-11 05:45:14 (1789101914 to 1789105514)...
2026-09-14 09:24:24 +0000 - dagster - INFO - __ASSET_JOB - 8ab7319b-bb67-4bd9-a867-b1028e499d35 - hackernews - Making GET request to https://hn.algolia.com/api/v1/search_by_date?numericFilters=created_at_i%3E%3D1789101914%2Ccreated_at_i%3C1789105514&hitsPerPage=1000
2026-09-14 09:24:25 +0000 - dagster - INFO - __ASSET_JOB - 8ab7319b-bb67-4bd9-a867-b1028e499d35 - hackernews - Retrieved 285 items in this window.
2026-09-14 09:24:25 +0000 - dagster - INFO - __ASSET_JOB - 8ab7319b-bb67-4bd9-a867-b1028e499d35 - hackernews - Querying time window: 2026-09-11 05:45:14 to 2026-09-11 06:45:14 (1789105514 to 1789109114)...
2026-09-14 09:24:25 +0000 - dagster - INFO - __ASSET_JOB - 8ab7319b-bb67-4bd9-a867-b1028e499d35 - hackernews - Making GET request to https://hn.algolia.com/api/v1/search_by_date?numericFilters=created_at_i%3E%3D1789105514%2Ccreated_at_i%3C1789109114&hitsPerPage=1000
2026-09-14 09:24:25 +0000 - dagster - INFO - __ASSET_JOB - 8ab7319b-bb67-4bd9-a867-b1028e499d35 - hackernews - Retrieved 338 items in this window.
2026-09-14 09:24:25 +0000 - dagster - INFO - __ASSET_JOB - 8ab7319b-bb67-4bd9-a867-b1028e499d35 - hackernews - Querying time window: 2026-09-11 06:45:14 to 2026-09-11 07:45:14 (1789109114 to 1789112714)...
2026-09-14 09:24:25 +0000 - dagster - INFO - __ASSET_JOB - 8ab7319b-bb67-4bd9-a867-b1028e499d35 - hackernews - Making GET request to https://hn.algolia.com/api/v1/search_by_date?numericFilters=created_at_i%3E%3D1789109114%2Ccreated_at_i%3C1789112714&hitsPerPage=1000
2026-09-14 09:24:25 +0000 - dagster - INFO - __ASSET_JOB - 8ab7319b-bb67-4bd9-a867-b1028e499d35 - hackernews - Retrieved 439 items in this window.
2026-09-14 09:24:25 +0000 - dagster - INFO - __ASSET_JOB - 8ab7319b-bb67-4bd9-a867-b1028e499d35 - hackernews - Querying time window: 2026-09-11 07:45:14 to 2026-09-11 08:45:14 (1789112714 to 1789116314)...
2026-09-14 09:24:25 +0000 - dagster - INFO - __ASSET_JOB - 8ab7319b-bb67-4bd9-a867-b1028e499d35 - hackernews - Making GET request to https://hn.algolia.com/api/v1/search_by_date?numericFilters=created_at_i%3E%3D1789112714%2Ccreated_at_i%3C1789116314&hitsPerPage=1000
2026-09-14 09:24:26 +0000 - dagster - INFO - __ASSET_JOB - 8ab7319b-bb67-4bd9-a867-b1028e499d35 - hackernews - Retrieved 398 items in this window.
2026-09-14 09:24:26 +0000 - dagster - INFO - __ASSET_JOB - 8ab7319b-bb67-4bd9-a867-b1028e499d35 - hackernews - Querying time window: 2026-09-11 08:45:14 to 2026-09-11 09:45:14 (1789116314 to 1789119914)...
2026-09-14 09:24:26 +0000 - dagster - INFO - __ASSET_JOB - 8ab7319b-bb67-4bd9-a867-b1028e499d35 - hackernews - Making GET request to https://hn.algolia.com/api/v1/search_by_date?numericFilters=created_at_i%3E%3D1789116314%2Ccreated_at_i%3C1789119914&hitsPerPage=1000
2026-09-14 09:24:26 +0000 - dagster - INFO - __ASSET_JOB - 8ab7319b-bb67-4bd9-a867-b1028e499d35 - hackernews - Retrieved 409 items in this window.
2026-09-14 09:24:26 +0000 - dagster - INFO - __ASSET_JOB - 8ab7319b-bb67-4bd9-a867-b1028e499d35 - hackernews - Querying time window: 2026-09-11 09:45:14 to 2026-09-11 10:45:14 (1789119914 to 1789123514)...
2026-09-14 09:24:26 +0000 - dagster - INFO - __ASSET_JOB - 8ab7319b-bb67-4bd9-a867-b1028e499d35 - hackernews - Making GET request to https://hn.algolia.com/api/v1/search_by_date?numericFilters=created_at_i%3E%3D1789119914%2Ccreated_at_i%3C1789123514&hitsPerPage=1000
2026-09-14 09:24:27 +0000 - dagster - INFO - __ASSET_JOB - 8ab7319b-bb67-4bd9-a867-b1028e499d35 - hackernews - Retrieved 391 items in this window.
2026-09-14 09:24:27 +0000 - dagster - INFO - __ASSET_JOB - 8ab7319b-bb67-4bd9-a867-b1028e499d35 - hackernews - Querying time window: 2026-09-11 10:45:14 to 2026-09-11 11:45:14 (1789123514 to 1789127114)...
2026-09-14 09:24:27 +0000 - dagster - INFO - __ASSET_JOB - 8ab7319b-bb67-4bd9-a867-b1028e499d35 - hackernews - Making GET request to https://hn.algolia.com/api/v1/search_by_date?numericFilters=created_at_i%3E%3D1789123514%2Ccreated_at_i%3C1789127114&hitsPerPage=1000
2026-09-14 09:24:27 +0000 - dagster - INFO - __ASSET_JOB - 8ab7319b-bb67-4bd9-a867-b1028e499d35 - hackernews - Retrieved 529 items in this window.
2026-09-14 09:24:27 +0000 - dagster - INFO - __ASSET_JOB - 8ab7319b-bb67-4bd9-a867-b1028e499d35 - hackernews - Querying time window: 2026-09-11 11:45:14 to 2026-09-11 12:45:14 (1789127114 to 1789130714)...
2026-09-14 09:24:27 +0000 - dagster - INFO - __ASSET_JOB - 8ab7319b-bb67-4bd9-a867-b1028e499d35 - hackernews - Making GET request to https://hn.algolia.com/api/v1/search_by_date?numericFilters=created_at_i%3E%3D1789127114%2Ccreated_at_i%3C1789130714&hitsPerPage=1000
2026-09-14 09:24:28 +0000 - dagster - INFO - __ASSET_JOB - 8ab7319b-bb67-4bd9-a867-b1028e499d35 - hackernews - Retrieved 631 items in this window.
2026-09-14 09:24:28 +0000 - dagster - INFO - __ASSET_JOB - 8ab7319b-bb67-4bd9-a867-b1028e499d35 - hackernews - Querying time window: 2026-09-11 12:45:14 to 2026-09-11 13:45:14 (1789130714 to 1789134314)...
2026-09-14 09:24:28 +0000 - dagster - INFO - __ASSET_JOB - 8ab7319b-bb67-4bd9-a867-b1028e499d35 - hackernews - Making GET request to https://hn.algolia.com/api/v1/search_by_date?numericFilters=created_at_i%3E%3D1789130714%2Ccreated_at_i%3C1789134314&hitsPerPage=1000
2026-09-14 09:24:28 +0000 - dagster - INFO - __ASSET_JOB - 8ab7319b-bb67-4bd9-a867-b1028e499d35 - hackernews - Retrieved 748 items in this window.
2026-09-14 09:24:28 +0000 - dagster - INFO - __ASSET_JOB - 8ab7319b-bb67-4bd9-a867-b1028e499d35 - hackernews - Querying time window: 2026-09-11 13:45:14 to 2026-09-11 14:45:14 (1789134314 to 1789137914)...
2026-09-14 09:24:28 +0000 - dagster - INFO - __ASSET_JOB - 8ab7319b-bb67-4bd9-a867-b1028e499d35 - hackernews - Making GET request to https://hn.algolia.com/api/v1/search_by_date?numericFilters=created_at_i%3E%3D1789134314%2Ccreated_at_i%3C1789137914&hitsPerPage=1000
2026-09-14 09:24:29 +0000 - dagster - INFO - __ASSET_JOB - 8ab7319b-bb67-4bd9-a867-b1028e499d35 - hackernews - Retrieved 935 items in this window.
2026-09-14 09:24:29 +0000 - dagster - INFO - __ASSET_JOB - 8ab7319b-bb67-4bd9-a867-b1028e499d35 - hackernews - Querying time window: 2026-09-11 14:45:14 to 2026-09-11 15:45:14 (1789137914 to 1789141514)...
2026-09-14 09:24:29 +0000 - dagster - INFO - __ASSET_JOB - 8ab7319b-bb67-4bd9-a867-b1028e499d35 - hackernews - Making GET request to https://hn.algolia.com/api/v1/search_by_date?numericFilters=created_at_i%3E%3D1789137914%2Ccreated_at_i%3C1789141514&hitsPerPage=1000
2026-09-14 09:24:29 +0000 - dagster - INFO - __ASSET_JOB - 8ab7319b-bb67-4bd9-a867-b1028e499d35 - hackernews - Retrieved 894 items in this window.
2026-09-14 09:24:29 +0000 - dagster - INFO - __ASSET_JOB - 8ab7319b-bb67-4bd9-a867-b1028e499d35 - hackernews - Querying time window: 2026-09-11 15:45:14 to 2026-09-11 16:45:14 (1789141514 to 1789145114)...
2026-09-14 09:24:29 +0000 - dagster - INFO - __ASSET_JOB - 8ab7319b-bb67-4bd9-a867-b1028e499d35 - hackernews - Making GET request to https://hn.algolia.com/api/v1/search_by_date?numericFilters=created_at_i%3E%3D1789141514%2Ccreated_at_i%3C1789145114&hitsPerPage=1000
2026-09-14 09:24:30 +0000 - dagster - INFO - __ASSET_JOB - 8ab7319b-bb67-4bd9-a867-b1028e499d35 - hackernews - Retrieved 942 items in this window.
2026-09-14 09:24:30 +0000 - dagster - INFO - __ASSET_JOB - 8ab7319b-bb67-4bd9-a867-b1028e499d35 - hackernews - Querying time window: 2026-09-11 16:45:14 to 2026-09-11 17:45:14 (1789145114 to 1789148714)...
2026-09-14 09:24:30 +0000 - dagster - INFO - __ASSET_JOB - 8ab7319b-bb67-4bd9-a867-b1028e499d35 - hackernews - Making GET request to https://hn.algolia.com/api/v1/search_by_date?numericFilters=created_at_i%3E%3D1789145114%2Ccreated_at_i%3C1789148714&hitsPerPage=1000
2026-09-14 09:24:30 +0000 - dagster - INFO - __ASSET_JOB - 8ab7319b-bb67-4bd9-a867-b1028e499d35 - hackernews - Retrieved 874 items in this window.
2026-09-14 09:24:31 +0000 - dagster - INFO - __ASSET_JOB - 8ab7319b-bb67-4bd9-a867-b1028e499d35 - hackernews - Querying time window: 2026-09-11 17:45:14 to 2026-09-11 18:45:14 (1789148714 to 1789152314)...
2026-09-14 09:24:31 +0000 - dagster - INFO - __ASSET_JOB - 8ab7319b-bb67-4bd9-a867-b1028e499d35 - hackernews - Making GET request to https://hn.algolia.com/api/v1/search_by_date?numericFilters=created_at_i%3E%3D1789148714%2Ccreated_at_i%3C1789152314&hitsPerPage=1000
2026-09-14 09:24:31 +0000 - dagster - INFO - __ASSET_JOB - 8ab7319b-bb67-4bd9-a867-b1028e499d35 - hackernews - Retrieved 836 items in this window.
2026-09-14 09:24:31 +0000 - dagster - INFO - __ASSET_JOB - 8ab7319b-bb67-4bd9-a867-b1028e499d35 - hackernews - Querying time window: 2026-09-11 18:45:14 to 2026-09-11 19:45:14 (1789152314 to 1789155914)...
2026-09-14 09:24:31 +0000 - dagster - INFO - __ASSET_JOB - 8ab7319b-bb67-4bd9-a867-b1028e499d35 - hackernews - Making GET request to https://hn.algolia.com/api/v1/search_by_date?numericFilters=created_at_i%3E%3D1789152314%2Ccreated_at_i%3C1789155914&hitsPerPage=1000
2026-09-14 09:24:32 +0000 - dagster - INFO - __ASSET_JOB - 8ab7319b-bb67-4bd9-a867-b1028e499d35 - hackernews - Retrieved 925 items in this window.
2026-09-14 09:24:32 +0000 - dagster - INFO - __ASSET_JOB - 8ab7319b-bb67-4bd9-a867-b1028e499d35 - hackernews - Querying time window: 2026-09-11 19:45:14 to 2026-09-11 20:45:14 (1789155914 to 1789159514)...
2026-09-14 09:24:32 +0000 - dagster - INFO - __ASSET_JOB - 8ab7319b-bb67-4bd9-a867-b1028e499d35 - hackernews - Making GET request to https://hn.algolia.com/api/v1/search_by_date?numericFilters=created_at_i%3E%3D1789155914%2Ccreated_at_i%3C1789159514&hitsPerPage=1000
2026-09-14 09:24:32 +0000 - dagster - INFO - __ASSET_JOB - 8ab7319b-bb67-4bd9-a867-b1028e499d35 - hackernews - Retrieved 726 items in this window.
2026-09-14 09:24:32 +0000 - dagster - INFO - __ASSET_JOB - 8ab7319b-bb67-4bd9-a867-b1028e499d35 - hackernews - Querying time window: 2026-09-11 20:45:14 to 2026-09-11 21:45:14 (1789159514 to 1789163114)...
2026-09-14 09:24:32 +0000 - dagster - INFO - __ASSET_JOB - 8ab7319b-bb67-4bd9-a867-b1028e499d35 - hackernews - Making GET request to https://hn.algolia.com/api/v1/search_by_date?numericFilters=created_at_i%3E%3D1789159514%2Ccreated_at_i%3C1789163114&hitsPerPage=1000
2026-09-14 09:24:33 +0000 - dagster - INFO - __ASSET_JOB - 8ab7319b-bb67-4bd9-a867-b1028e499d35 - hackernews - Retrieved 664 items in this window.
2026-09-14 09:24:33 +0000 - dagster - INFO - __ASSET_JOB - 8ab7319b-bb67-4bd9-a867-b1028e499d35 - hackernews - Querying time window: 2026-09-11 21:45:14 to 2026-09-11 22:45:14 (1789163114 to 1789166714)...
2026-09-14 09:24:33 +0000 - dagster - INFO - __ASSET_JOB - 8ab7319b-bb67-4bd9-a867-b1028e499d35 - hackernews - Making GET request to https://hn.algolia.com/api/v1/search_by_date?numericFilters=created_at_i%3E%3D1789163114%2Ccreated_at_i%3C1789166714&hitsPerPage=1000
2026-09-14 09:24:33 +0000 - dagster - INFO - __ASSET_JOB - 8ab7319b-bb67-4bd9-a867-b1028e499d35 - hackernews - Retrieved 559 items in this window.
2026-09-14 09:24:33 +0000 - dagster - INFO - __ASSET_JOB - 8ab7319b-bb67-4bd9-a867-b1028e499d35 - hackernews - Querying time window: 2026-09-11 22:45:14 to 2026-09-11 23:45:14 (1789166714 to 1789170314)...
2026-09-14 09:24:33 +0000 - dagster - INFO - __ASSET_JOB - 8ab7319b-bb67-4bd9-a867-b1028e499d35 - hackernews - Making GET request to https://hn.algolia.com/api/v1/search_by_date?numericFilters=created_at_i%3E%3D1789166714%2Ccreated_at_i%3C1789170314&hitsPerPage=1000
2026-09-14 09:24:34 +0000 - dagster - INFO - __ASSET_JOB - 8ab7319b-bb67-4bd9-a867-b1028e499d35 - hackernews - Retrieved 476 items in this window.
2026-09-14 09:24:34 +0000 - dagster - INFO - __ASSET_JOB - 8ab7319b-bb67-4bd9-a867-b1028e499d35 - hackernews - Querying time window: 2026-09-11 23:45:14 to 2026-09-12 00:45:14 (1789170314 to 1789173914)...
2026-09-14 09:24:34 +0000 - dagster - INFO - __ASSET_JOB - 8ab7319b-bb67-4bd9-a867-b1028e499d35 - hackernews - Making GET request to https://hn.algolia.com/api/v1/search_by_date?numericFilters=created_at_i%3E%3D1789170314%2Ccreated_at_i%3C1789173914&hitsPerPage=1000
2026-09-14 09:24:34 +0000 - dagster - INFO - __ASSET_JOB - 8ab7319b-bb67-4bd9-a867-b1028e499d35 - hackernews - Retrieved 391 items in this window.
2026-09-14 09:24:34 +0000 - dagster - INFO - __ASSET_JOB - 8ab7319b-bb67-4bd9-a867-b1028e499d35 - hackernews - Querying time window: 2026-09-12 00:45:14 to 2026-09-12 01:45:14 (1789173914 to 1789177514)...
2026-09-14 09:24:34 +0000 - dagster - INFO - __ASSET_JOB - 8ab7319b-bb67-4bd9-a867-b1028e499d35 - hackernews - Making GET request to https://hn.algolia.com/api/v1/search_by_date?numericFilters=created_at_i%3E%3D1789173914%2Ccreated_at_i%3C1789177514&hitsPerPage=1000
2026-09-14 09:24:34 +0000 - dagster - INFO - __ASSET_JOB - 8ab7319b-bb67-4bd9-a867-b1028e499d35 - hackernews - Retrieved 361 items in this window.
2026-09-14 09:24:35 +0000 - dagster - INFO - __ASSET_JOB - 8ab7319b-bb67-4bd9-a867-b1028e499d35 - hackernews - Querying time window: 2026-09-12 01:45:14 to 2026-09-12 02:45:14 (1789177514 to 1789181114)...
2026-09-14 09:24:35 +0000 - dagster - INFO - __ASSET_JOB - 8ab7319b-bb67-4bd9-a867-b1028e499d35 - hackernews - Making GET request to https://hn.algolia.com/api/v1/search_by_date?numericFilters=created_at_i%3E%3D1789177514%2Ccreated_at_i%3C1789181114&hitsPerPage=1000
2026-09-14 09:24:35 +0000 - dagster - INFO - __ASSET_JOB - 8ab7319b-bb67-4bd9-a867-b1028e499d35 - hackernews - Retrieved 374 items in this window.
2026-09-14 09:24:35 +0000 - dagster - INFO - __ASSET_JOB - 8ab7319b-bb67-4bd9-a867-b1028e499d35 - hackernews - Querying time window: 2026-09-12 02:45:14 to 2026-09-12 03:45:14 (1789181114 to 1789184714)...
2026-09-14 09:24:35 +0000 - dagster - INFO - __ASSET_JOB - 8ab7319b-bb67-4bd9-a867-b1028e499d35 - hackernews - Making GET request to https://hn.algolia.com/api/v1/search_by_date?numericFilters=created_at_i%3E%3D1789181114%2Ccreated_at_i%3C1789184714&hitsPerPage=1000
2026-09-14 09:24:36 +0000 - dagster - INFO - __ASSET_JOB - 8ab7319b-bb67-4bd9-a867-b1028e499d35 - hackernews - Retrieved 309 items in this window.
2026-09-14 09:24:36 +0000 - dagster - INFO - __ASSET_JOB - 8ab7319b-bb67-4bd9-a867-b1028e499d35 - hackernews - Querying time window: 2026-09-12 03:45:14 to 2026-09-12 04:45:14 (1789184714 to 1789188314)...
2026-09-14 09:24:36 +0000 - dagster - INFO - __ASSET_JOB - 8ab7319b-bb67-4bd9-a867-b1028e499d35 - hackernews - Making GET request to https://hn.algolia.com/api/v1/search_by_date?numericFilters=created_at_i%3E%3D1789184714%2Ccreated_at_i%3C1789188314&hitsPerPage=1000
2026-09-14 09:24:36 +0000 - dagster - INFO - __ASSET_JOB - 8ab7319b-bb67-4bd9-a867-b1028e499d35 - hackernews - Retrieved 313 items in this window.
2026-09-14 09:24:36 +0000 - dagster - INFO - __ASSET_JOB - 8ab7319b-bb67-4bd9-a867-b1028e499d35 - hackernews - Querying time window: 2026-09-12 04:45:14 to 2026-09-12 05:45:14 (1789188314 to 1789191914)...
2026-09-14 09:24:36 +0000 - dagster - INFO - __ASSET_JOB - 8ab7319b-bb67-4bd9-a867-b1028e499d35 - hackernews - Making GET request to https://hn.algolia.com/api/v1/search_by_date?numericFilters=created_at_i%3E%3D1789188314%2Ccreated_at_i%3C1789191914&hitsPerPage=1000
2026-09-14 09:24:36 +0000 - dagster - INFO - __ASSET_JOB - 8ab7319b-bb67-4bd9-a867-b1028e499d35 - hackernews - Retrieved 320 items in this window.
2026-09-14 09:24:36 +0000 - dagster - INFO - __ASSET_JOB - 8ab7319b-bb67-4bd9-a867-b1028e499d35 - hackernews - Querying time window: 2026-09-12 05:45:14 to 2026-09-12 06:45:14 (1789191914 to 1789195514)...
2026-09-14 09:24:36 +0000 - dagster - INFO - __ASSET_JOB - 8ab7319b-bb67-4bd9-a867-b1028e499d35 - hackernews - Making GET request to https://hn.algolia.com/api/v1/search_by_date?numericFilters=created_at_i%3E%3D1789191914%2Ccreated_at_i%3C1789195514&hitsPerPage=1000
2026-09-14 09:24:37 +0000 - dagster - INFO - __ASSET_JOB - 8ab7319b-bb67-4bd9-a867-b1028e499d35 - hackernews - Retrieved 284 items in this window.
2026-09-14 09:24:37 +0000 - dagster - INFO - __ASSET_JOB - 8ab7319b-bb67-4bd9-a867-b1028e499d35 - hackernews - Querying time window: 2026-09-12 06:45:14 to 2026-09-12 07:45:14 (1789195514 to 1789199114)...
2026-09-14 09:24:37 +0000 - dagster - INFO - __ASSET_JOB - 8ab7319b-bb67-4bd9-a867-b1028e499d35 - hackernews - Making GET request to https://hn.algolia.com/api/v1/search_by_date?numericFilters=created_at_i%3E%3D1789195514%2Ccreated_at_i%3C1789199114&hitsPerPage=1000
2026-09-14 09:24:37 +0000 - dagster - INFO - __ASSET_JOB - 8ab7319b-bb67-4bd9-a867-b1028e499d35 - hackernews - Retrieved 368 items in this window.
2026-09-14 09:24:37 +0000 - dagster - INFO - __ASSET_JOB - 8ab7319b-bb67-4bd9-a867-b1028e499d35 - hackernews - Querying time window: 2026-09-12 07:45:14 to 2026-09-12 08:45:14 (1789199114 to 1789202714)...
2026-09-14 09:24:37 +0000 - dagster - INFO - __ASSET_JOB - 8ab7319b-bb67-4bd9-a867-b1028e499d35 - hackernews - Making GET request to https://hn.algolia.com/api/v1/search_by_date?numericFilters=created_at_i%3E%3D1789199114%2Ccreated_at_i%3C1789202714&hitsPerPage=1000
2026-09-14 09:24:37 +0000 - dagster - INFO - __ASSET_JOB - 8ab7319b-bb67-4bd9-a867-b1028e499d35 - hackernews - Retrieved 333 items in this window.
2026-09-14 09:24:37 +0000 - dagster - INFO - __ASSET_JOB - 8ab7319b-bb67-4bd9-a867-b1028e499d35 - hackernews - Querying time window: 2026-09-12 08:45:14 to 2026-09-12 09:45:14 (1789202714 to 1789206314)...
2026-09-14 09:24:37 +0000 - dagster - INFO - __ASSET_JOB - 8ab7319b-bb67-4bd9-a867-b1028e499d35 - hackernews - Making GET request to https://hn.algolia.com/api/v1/search_by_date?numericFilters=created_at_i%3E%3D1789202714%2Ccreated_at_i%3C1789206314&hitsPerPage=1000
2026-09-14 09:24:38 +0000 - dagster - INFO - __ASSET_JOB - 8ab7319b-bb67-4bd9-a867-b1028e499d35 - hackernews - Retrieved 321 items in this window.
2026-09-14 09:24:38 +0000 - dagster - INFO - __ASSET_JOB - 8ab7319b-bb67-4bd9-a867-b1028e499d35 - hackernews - Querying time window: 2026-09-12 09:45:14 to 2026-09-12 10:45:14 (1789206314 to 1789209914)...
2026-09-14 09:24:38 +0000 - dagster - INFO - __ASSET_JOB - 8ab7319b-bb67-4bd9-a867-b1028e499d35 - hackernews - Making GET request to https://hn.algolia.com/api/v1/search_by_date?numericFilters=created_at_i%3E%3D1789206314%2Ccreated_at_i%3C1789209914&hitsPerPage=1000
2026-09-14 09:24:38 +0000 - dagster - INFO - __ASSET_JOB - 8ab7319b-bb67-4bd9-a867-b1028e499d35 - hackernews - Retrieved 260 items in this window.
2026-09-14 09:24:39 +0000 - dagster - INFO - __ASSET_JOB - 8ab7319b-bb67-4bd9-a867-b1028e499d35 - hackernews - Querying time window: 2026-09-12 10:45:14 to 2026-09-12 11:45:14 (1789209914 to 1789213514)...
2026-09-14 09:24:39 +0000 - dagster - INFO - __ASSET_JOB - 8ab7319b-bb67-4bd9-a867-b1028e499d35 - hackernews - Making GET request to https://hn.algolia.com/api/v1/search_by_date?numericFilters=created_at_i%3E%3D1789209914%2Ccreated_at_i%3C1789213514&hitsPerPage=1000
2026-09-14 09:24:39 +0000 - dagster - INFO - __ASSET_JOB - 8ab7319b-bb67-4bd9-a867-b1028e499d35 - hackernews - Retrieved 272 items in this window.
2026-09-14 09:24:39 +0000 - dagster - INFO - __ASSET_JOB - 8ab7319b-bb67-4bd9-a867-b1028e499d35 - hackernews - Querying time window: 2026-09-12 11:45:14 to 2026-09-12 12:45:14 (1789213514 to 1789217114)...
2026-09-14 09:24:39 +0000 - dagster - INFO - __ASSET_JOB - 8ab7319b-bb67-4bd9-a867-b1028e499d35 - hackernews - Making GET request to https://hn.algolia.com/api/v1/search_by_date?numericFilters=created_at_i%3E%3D1789213514%2Ccreated_at_i%3C1789217114&hitsPerPage=1000
2026-09-14 09:24:39 +0000 - dagster - INFO - __ASSET_JOB - 8ab7319b-bb67-4bd9-a867-b1028e499d35 - hackernews - Retrieved 385 items in this window.
2026-09-14 09:24:39 +0000 - dagster - INFO - __ASSET_JOB - 8ab7319b-bb67-4bd9-a867-b1028e499d35 - hackernews - Querying time window: 2026-09-12 12:45:14 to 2026-09-12 13:45:14 (1789217114 to 1789220714)...
2026-09-14 09:24:39 +0000 - dagster - INFO - __ASSET_JOB - 8ab7319b-bb67-4bd9-a867-b1028e499d35 - hackernews - Making GET request to https://hn.algolia.com/api/v1/search_by_date?numericFilters=created_at_i%3E%3D1789217114%2Ccreated_at_i%3C1789220714&hitsPerPage=1000
2026-09-14 09:24:40 +0000 - dagster - INFO - __ASSET_JOB - 8ab7319b-bb67-4bd9-a867-b1028e499d35 - hackernews - Retrieved 423 items in this window.
2026-09-14 09:24:40 +0000 - dagster - INFO - __ASSET_JOB - 8ab7319b-bb67-4bd9-a867-b1028e499d35 - hackernews - Querying time window: 2026-09-12 13:45:14 to 2026-09-12 14:45:14 (1789220714 to 1789224314)...
2026-09-14 09:24:40 +0000 - dagster - INFO - __ASSET_JOB - 8ab7319b-bb67-4bd9-a867-b1028e499d35 - hackernews - Making GET request to https://hn.algolia.com/api/v1/search_by_date?numericFilters=created_at_i%3E%3D1789220714%2Ccreated_at_i%3C1789224314&hitsPerPage=1000
2026-09-14 09:24:40 +0000 - dagster - INFO - __ASSET_JOB - 8ab7319b-bb67-4bd9-a867-b1028e499d35 - hackernews - Retrieved 501 items in this window.
2026-09-14 09:24:40 +0000 - dagster - INFO - __ASSET_JOB - 8ab7319b-bb67-4bd9-a867-b1028e499d35 - hackernews - Querying time window: 2026-09-12 14:45:14 to 2026-09-12 15:45:14 (1789224314 to 1789227914)...
2026-09-14 09:24:40 +0000 - dagster - INFO - __ASSET_JOB - 8ab7319b-bb67-4bd9-a867-b1028e499d35 - hackernews - Making GET request to https://hn.algolia.com/api/v1/search_by_date?numericFilters=created_at_i%3E%3D1789224314%2Ccreated_at_i%3C1789227914&hitsPerPage=1000
2026-09-14 09:24:41 +0000 - dagster - INFO - __ASSET_JOB - 8ab7319b-bb67-4bd9-a867-b1028e499d35 - hackernews - Retrieved 611 items in this window.
2026-09-14 09:24:41 +0000 - dagster - INFO - __ASSET_JOB - 8ab7319b-bb67-4bd9-a867-b1028e499d35 - hackernews - Querying time window: 2026-09-12 15:45:14 to 2026-09-12 16:45:14 (1789227914 to 1789231514)...
2026-09-14 09:24:41 +0000 - dagster - INFO - __ASSET_JOB - 8ab7319b-bb67-4bd9-a867-b1028e499d35 - hackernews - Making GET request to https://hn.algolia.com/api/v1/search_by_date?numericFilters=created_at_i%3E%3D1789227914%2Ccreated_at_i%3C1789231514&hitsPerPage=1000
2026-09-14 09:24:41 +0000 - dagster - INFO - __ASSET_JOB - 8ab7319b-bb67-4bd9-a867-b1028e499d35 - hackernews - Retrieved 684 items in this window.
2026-09-14 09:24:41 +0000 - dagster - INFO - __ASSET_JOB - 8ab7319b-bb67-4bd9-a867-b1028e499d35 - hackernews - Querying time window: 2026-09-12 16:45:14 to 2026-09-12 17:45:14 (1789231514 to 1789235114)...
2026-09-14 09:24:41 +0000 - dagster - INFO - __ASSET_JOB - 8ab7319b-bb67-4bd9-a867-b1028e499d35 - hackernews - Making GET request to https://hn.algolia.com/api/v1/search_by_date?numericFilters=created_at_i%3E%3D1789231514%2Ccreated_at_i%3C1789235114&hitsPerPage=1000
2026-09-14 09:24:42 +0000 - dagster - INFO - __ASSET_JOB - 8ab7319b-bb67-4bd9-a867-b1028e499d35 - hackernews - Retrieved 643 items in this window.
2026-09-14 09:24:42 +0000 - dagster - INFO - __ASSET_JOB - 8ab7319b-bb67-4bd9-a867-b1028e499d35 - hackernews - Querying time window: 2026-09-12 17:45:14 to 2026-09-12 18:45:14 (1789235114 to 1789238714)...
2026-09-14 09:24:42 +0000 - dagster - INFO - __ASSET_JOB - 8ab7319b-bb67-4bd9-a867-b1028e499d35 - hackernews - Making GET request to https://hn.algolia.com/api/v1/search_by_date?numericFilters=created_at_i%3E%3D1789235114%2Ccreated_at_i%3C1789238714&hitsPerPage=1000
2026-09-14 09:24:42 +0000 - dagster - INFO - __ASSET_JOB - 8ab7319b-bb67-4bd9-a867-b1028e499d35 - hackernews - Retrieved 679 items in this window.
2026-09-14 09:24:42 +0000 - dagster - INFO - __ASSET_JOB - 8ab7319b-bb67-4bd9-a867-b1028e499d35 - hackernews - Querying time window: 2026-09-12 18:45:14 to 2026-09-12 19:45:14 (1789238714 to 1789242314)...
2026-09-14 09:24:42 +0000 - dagster - INFO - __ASSET_JOB - 8ab7319b-bb67-4bd9-a867-b1028e499d35 - hackernews - Making GET request to https://hn.algolia.com/api/v1/search_by_date?numericFilters=created_at_i%3E%3D1789238714%2Ccreated_at_i%3C1789242314&hitsPerPage=1000
2026-09-14 09:24:43 +0000 - dagster - INFO - __ASSET_JOB - 8ab7319b-bb67-4bd9-a867-b1028e499d35 - hackernews - Retrieved 635 items in this window.
2026-09-14 09:24:43 +0000 - dagster - INFO - __ASSET_JOB - 8ab7319b-bb67-4bd9-a867-b1028e499d35 - hackernews - Querying time window: 2026-09-12 19:45:14 to 2026-09-12 20:45:14 (1789242314 to 1789245914)...
2026-09-14 09:24:43 +0000 - dagster - INFO - __ASSET_JOB - 8ab7319b-bb67-4bd9-a867-b1028e499d35 - hackernews - Making GET request to https://hn.algolia.com/api/v1/search_by_date?numericFilters=created_at_i%3E%3D1789242314%2Ccreated_at_i%3C1789245914&hitsPerPage=1000
2026-09-14 09:24:43 +0000 - dagster - INFO - __ASSET_JOB - 8ab7319b-bb67-4bd9-a867-b1028e499d35 - hackernews - Retrieved 509 items in this window.
2026-09-14 09:24:43 +0000 - dagster - INFO - __ASSET_JOB - 8ab7319b-bb67-4bd9-a867-b1028e499d35 - hackernews - Querying time window: 2026-09-12 20:45:14 to 2026-09-12 21:45:14 (1789245914 to 1789249514)...
2026-09-14 09:24:43 +0000 - dagster - INFO - __ASSET_JOB - 8ab7319b-bb67-4bd9-a867-b1028e499d35 - hackernews - Making GET request to https://hn.algolia.com/api/v1/search_by_date?numericFilters=created_at_i%3E%3D1789245914%2Ccreated_at_i%3C1789249514&hitsPerPage=1000
2026-09-14 09:24:44 +0000 - dagster - INFO - __ASSET_JOB - 8ab7319b-bb67-4bd9-a867-b1028e499d35 - hackernews - Retrieved 474 items in this window.
2026-09-14 09:24:44 +0000 - dagster - INFO - __ASSET_JOB - 8ab7319b-bb67-4bd9-a867-b1028e499d35 - hackernews - Querying time window: 2026-09-12 21:45:14 to 2026-09-12 22:45:14 (1789249514 to 1789253114)...
2026-09-14 09:24:44 +0000 - dagster - INFO - __ASSET_JOB - 8ab7319b-bb67-4bd9-a867-b1028e499d35 - hackernews - Making GET request to https://hn.algolia.com/api/v1/search_by_date?numericFilters=created_at_i%3E%3D1789249514%2Ccreated_at_i%3C1789253114&hitsPerPage=1000
2026-09-14 09:24:44 +0000 - dagster - INFO - __ASSET_JOB - 8ab7319b-bb67-4bd9-a867-b1028e499d35 - hackernews - Retrieved 434 items in this window.
2026-09-14 09:24:44 +0000 - dagster - INFO - __ASSET_JOB - 8ab7319b-bb67-4bd9-a867-b1028e499d35 - hackernews - Querying time window: 2026-09-12 22:45:14 to 2026-09-12 23:45:14 (1789253114 to 1789256714)...
2026-09-14 09:24:44 +0000 - dagster - INFO - __ASSET_JOB - 8ab7319b-bb67-4bd9-a867-b1028e499d35 - hackernews - Making GET request to https://hn.algolia.com/api/v1/search_by_date?numericFilters=created_at_i%3E%3D1789253114%2Ccreated_at_i%3C1789256714&hitsPerPage=1000
2026-09-14 09:24:44 +0000 - dagster - INFO - __ASSET_JOB - 8ab7319b-bb67-4bd9-a867-b1028e499d35 - hackernews - Retrieved 387 items in this window.
2026-09-14 09:24:44 +0000 - dagster - INFO - __ASSET_JOB - 8ab7319b-bb67-4bd9-a867-b1028e499d35 - hackernews - Querying time window: 2026-09-12 23:45:14 to 2026-09-13 00:45:14 (1789256714 to 1789260314)...
2026-09-14 09:24:44 +0000 - dagster - INFO - __ASSET_JOB - 8ab7319b-bb67-4bd9-a867-b1028e499d35 - hackernews - Making GET request to https://hn.algolia.com/api/v1/search_by_date?numericFilters=created_at_i%3E%3D1789256714%2Ccreated_at_i%3C1789260314&hitsPerPage=1000
2026-09-14 09:24:45 +0000 - dagster - INFO - __ASSET_JOB - 8ab7319b-bb67-4bd9-a867-b1028e499d35 - hackernews - Retrieved 291 items in this window.
2026-09-14 09:24:45 +0000 - dagster - INFO - __ASSET_JOB - 8ab7319b-bb67-4bd9-a867-b1028e499d35 - hackernews - Querying time window: 2026-09-13 00:45:14 to 2026-09-13 01:45:14 (1789260314 to 1789263914)...
2026-09-14 09:24:45 +0000 - dagster - INFO - __ASSET_JOB - 8ab7319b-bb67-4bd9-a867-b1028e499d35 - hackernews - Making GET request to https://hn.algolia.com/api/v1/search_by_date?numericFilters=created_at_i%3E%3D1789260314%2Ccreated_at_i%3C1789263914&hitsPerPage=1000
2026-09-14 09:24:45 +0000 - dagster - INFO - __ASSET_JOB - 8ab7319b-bb67-4bd9-a867-b1028e499d35 - hackernews - Retrieved 310 items in this window.
2026-09-14 09:24:45 +0000 - dagster - INFO - __ASSET_JOB - 8ab7319b-bb67-4bd9-a867-b1028e499d35 - hackernews - Querying time window: 2026-09-13 01:45:14 to 2026-09-13 02:45:14 (1789263914 to 1789267514)...
2026-09-14 09:24:45 +0000 - dagster - INFO - __ASSET_JOB - 8ab7319b-bb67-4bd9-a867-b1028e499d35 - hackernews - Making GET request to https://hn.algolia.com/api/v1/search_by_date?numericFilters=created_at_i%3E%3D1789263914%2Ccreated_at_i%3C1789267514&hitsPerPage=1000
2026-09-14 09:24:46 +0000 - dagster - INFO - __ASSET_JOB - 8ab7319b-bb67-4bd9-a867-b1028e499d35 - hackernews - Retrieved 334 items in this window.
2026-09-14 09:24:46 +0000 - dagster - INFO - __ASSET_JOB - 8ab7319b-bb67-4bd9-a867-b1028e499d35 - hackernews - Querying time window: 2026-09-13 02:45:14 to 2026-09-13 03:45:14 (1789267514 to 1789271114)...
2026-09-14 09:24:46 +0000 - dagster - INFO - __ASSET_JOB - 8ab7319b-bb67-4bd9-a867-b1028e499d35 - hackernews - Making GET request to https://hn.algolia.com/api/v1/search_by_date?numericFilters=created_at_i%3E%3D1789267514%2Ccreated_at_i%3C1789271114&hitsPerPage=1000
2026-09-14 09:24:46 +0000 - dagster - INFO - __ASSET_JOB - 8ab7319b-bb67-4bd9-a867-b1028e499d35 - hackernews - Retrieved 293 items in this window.
2026-09-14 09:24:46 +0000 - dagster - INFO - __ASSET_JOB - 8ab7319b-bb67-4bd9-a867-b1028e499d35 - hackernews - Querying time window: 2026-09-13 03:45:14 to 2026-09-13 04:45:14 (1789271114 to 1789274714)...
2026-09-14 09:24:46 +0000 - dagster - INFO - __ASSET_JOB - 8ab7319b-bb67-4bd9-a867-b1028e499d35 - hackernews - Making GET request to https://hn.algolia.com/api/v1/search_by_date?numericFilters=created_at_i%3E%3D1789271114%2Ccreated_at_i%3C1789274714&hitsPerPage=1000
2026-09-14 09:24:46 +0000 - dagster - INFO - __ASSET_JOB - 8ab7319b-bb67-4bd9-a867-b1028e499d35 - hackernews - Retrieved 271 items in this window.
2026-09-14 09:24:46 +0000 - dagster - INFO - __ASSET_JOB - 8ab7319b-bb67-4bd9-a867-b1028e499d35 - hackernews - Querying time window: 2026-09-13 04:45:14 to 2026-09-13 05:45:14 (1789274714 to 1789278314)...
2026-09-14 09:24:46 +0000 - dagster - INFO - __ASSET_JOB - 8ab7319b-bb67-4bd9-a867-b1028e499d35 - hackernews - Making GET request to https://hn.algolia.com/api/v1/search_by_date?numericFilters=created_at_i%3E%3D1789274714%2Ccreated_at_i%3C1789278314&hitsPerPage=1000
2026-09-14 09:24:47 +0000 - dagster - INFO - __ASSET_JOB - 8ab7319b-bb67-4bd9-a867-b1028e499d35 - hackernews - Retrieved 268 items in this window.
2026-09-14 09:24:47 +0000 - dagster - INFO - __ASSET_JOB - 8ab7319b-bb67-4bd9-a867-b1028e499d35 - hackernews - Querying time window: 2026-09-13 05:45:14 to 2026-09-13 06:45:14 (1789278314 to 1789281914)...
2026-09-14 09:24:47 +0000 - dagster - INFO - __ASSET_JOB - 8ab7319b-bb67-4bd9-a867-b1028e499d35 - hackernews - Making GET request to https://hn.algolia.com/api/v1/search_by_date?numericFilters=created_at_i%3E%3D1789278314%2Ccreated_at_i%3C1789281914&hitsPerPage=1000
2026-09-14 09:24:47 +0000 - dagster - INFO - __ASSET_JOB - 8ab7319b-bb67-4bd9-a867-b1028e499d35 - hackernews - Retrieved 303 items in this window.
2026-09-14 09:24:47 +0000 - dagster - INFO - __ASSET_JOB - 8ab7319b-bb67-4bd9-a867-b1028e499d35 - hackernews - Querying time window: 2026-09-13 06:45:14 to 2026-09-13 07:45:14 (1789281914 to 1789285514)...
2026-09-14 09:24:47 +0000 - dagster - INFO - __ASSET_JOB - 8ab7319b-bb67-4bd9-a867-b1028e499d35 - hackernews - Making GET request to https://hn.algolia.com/api/v1/search_by_date?numericFilters=created_at_i%3E%3D1789281914%2Ccreated_at_i%3C1789285514&hitsPerPage=1000
2026-09-14 09:24:47 +0000 - dagster - INFO - __ASSET_JOB - 8ab7319b-bb67-4bd9-a867-b1028e499d35 - hackernews - Retrieved 352 items in this window.
2026-09-14 09:24:47 +0000 - dagster - INFO - __ASSET_JOB - 8ab7319b-bb67-4bd9-a867-b1028e499d35 - hackernews - Querying time window: 2026-09-13 07:45:14 to 2026-09-13 08:45:14 (1789285514 to 1789289114)...
2026-09-14 09:24:47 +0000 - dagster - INFO - __ASSET_JOB - 8ab7319b-bb67-4bd9-a867-b1028e499d35 - hackernews - Making GET request to https://hn.algolia.com/api/v1/search_by_date?numericFilters=created_at_i%3E%3D1789285514%2Ccreated_at_i%3C1789289114&hitsPerPage=1000
2026-09-14 09:24:48 +0000 - dagster - INFO - __ASSET_JOB - 8ab7319b-bb67-4bd9-a867-b1028e499d35 - hackernews - Retrieved 404 items in this window.
2026-09-14 09:24:48 +0000 - dagster - INFO - __ASSET_JOB - 8ab7319b-bb67-4bd9-a867-b1028e499d35 - hackernews - Querying time window: 2026-09-13 08:45:14 to 2026-09-13 09:45:14 (1789289114 to 1789292714)...
2026-09-14 09:24:48 +0000 - dagster - INFO - __ASSET_JOB - 8ab7319b-bb67-4bd9-a867-b1028e499d35 - hackernews - Making GET request to https://hn.algolia.com/api/v1/search_by_date?numericFilters=created_at_i%3E%3D1789289114%2Ccreated_at_i%3C1789292714&hitsPerPage=1000
2026-09-14 09:24:48 +0000 - dagster - INFO - __ASSET_JOB - 8ab7319b-bb67-4bd9-a867-b1028e499d35 - hackernews - Retrieved 374 items in this window.
2026-09-14 09:24:48 +0000 - dagster - INFO - __ASSET_JOB - 8ab7319b-bb67-4bd9-a867-b1028e499d35 - hackernews - Querying time window: 2026-09-13 09:45:14 to 2026-09-13 10:45:14 (1789292714 to 1789296314)...
2026-09-14 09:24:48 +0000 - dagster - INFO - __ASSET_JOB - 8ab7319b-bb67-4bd9-a867-b1028e499d35 - hackernews - Making GET request to https://hn.algolia.com/api/v1/search_by_date?numericFilters=created_at_i%3E%3D1789292714%2Ccreated_at_i%3C1789296314&hitsPerPage=1000
2026-09-14 09:24:49 +0000 - dagster - INFO - __ASSET_JOB - 8ab7319b-bb67-4bd9-a867-b1028e499d35 - hackernews - Retrieved 396 items in this window.
2026-09-14 09:24:49 +0000 - dagster - INFO - __ASSET_JOB - 8ab7319b-bb67-4bd9-a867-b1028e499d35 - hackernews - Querying time window: 2026-09-13 10:45:14 to 2026-09-13 11:45:14 (1789296314 to 1789299914)...
2026-09-14 09:24:49 +0000 - dagster - INFO - __ASSET_JOB - 8ab7319b-bb67-4bd9-a867-b1028e499d35 - hackernews - Making GET request to https://hn.algolia.com/api/v1/search_by_date?numericFilters=created_at_i%3E%3D1789296314%2Ccreated_at_i%3C1789299914&hitsPerPage=1000
2026-09-14 09:24:49 +0000 - dagster - INFO - __ASSET_JOB - 8ab7319b-bb67-4bd9-a867-b1028e499d35 - hackernews - Retrieved 415 items in this window.
2026-09-14 09:24:49 +0000 - dagster - INFO - __ASSET_JOB - 8ab7319b-bb67-4bd9-a867-b1028e499d35 - hackernews - Querying time window: 2026-09-13 11:45:14 to 2026-09-13 12:45:14 (1789299914 to 1789303514)...
2026-09-14 09:24:49 +0000 - dagster - INFO - __ASSET_JOB - 8ab7319b-bb67-4bd9-a867-b1028e499d35 - hackernews - Making GET request to https://hn.algolia.com/api/v1/search_by_date?numericFilters=created_at_i%3E%3D1789299914%2Ccreated_at_i%3C1789303514&hitsPerPage=1000
2026-09-14 09:24:49 +0000 - dagster - INFO - __ASSET_JOB - 8ab7319b-bb67-4bd9-a867-b1028e499d35 - hackernews - Retrieved 423 items in this window.
2026-09-14 09:24:49 +0000 - dagster - INFO - __ASSET_JOB - 8ab7319b-bb67-4bd9-a867-b1028e499d35 - hackernews - Querying time window: 2026-09-13 12:45:14 to 2026-09-13 13:45:14 (1789303514 to 1789307114)...
2026-09-14 09:24:49 +0000 - dagster - INFO - __ASSET_JOB - 8ab7319b-bb67-4bd9-a867-b1028e499d35 - hackernews - Making GET request to https://hn.algolia.com/api/v1/search_by_date?numericFilters=created_at_i%3E%3D1789303514%2Ccreated_at_i%3C1789307114&hitsPerPage=1000
2026-09-14 09:24:50 +0000 - dagster - INFO - __ASSET_JOB - 8ab7319b-bb67-4bd9-a867-b1028e499d35 - hackernews - Retrieved 491 items in this window.
2026-09-14 09:24:50 +0000 - dagster - INFO - __ASSET_JOB - 8ab7319b-bb67-4bd9-a867-b1028e499d35 - hackernews - Querying time window: 2026-09-13 13:45:14 to 2026-09-13 14:45:14 (1789307114 to 1789310714)...
2026-09-14 09:24:50 +0000 - dagster - INFO - __ASSET_JOB - 8ab7319b-bb67-4bd9-a867-b1028e499d35 - hackernews - Making GET request to https://hn.algolia.com/api/v1/search_by_date?numericFilters=created_at_i%3E%3D1789307114%2Ccreated_at_i%3C1789310714&hitsPerPage=1000
2026-09-14 09:24:50 +0000 - dagster - INFO - __ASSET_JOB - 8ab7319b-bb67-4bd9-a867-b1028e499d35 - hackernews - Retrieved 534 items in this window.
2026-09-14 09:24:50 +0000 - dagster - INFO - __ASSET_JOB - 8ab7319b-bb67-4bd9-a867-b1028e499d35 - hackernews - Querying time window: 2026-09-13 14:45:14 to 2026-09-13 15:45:14 (1789310714 to 1789314314)...
2026-09-14 09:24:50 +0000 - dagster - INFO - __ASSET_JOB - 8ab7319b-bb67-4bd9-a867-b1028e499d35 - hackernews - Making GET request to https://hn.algolia.com/api/v1/search_by_date?numericFilters=created_at_i%3E%3D1789310714%2Ccreated_at_i%3C1789314314&hitsPerPage=1000
2026-09-14 09:24:51 +0000 - dagster - INFO - __ASSET_JOB - 8ab7319b-bb67-4bd9-a867-b1028e499d35 - hackernews - Retrieved 621 items in this window.
2026-09-14 09:24:51 +0000 - dagster - INFO - __ASSET_JOB - 8ab7319b-bb67-4bd9-a867-b1028e499d35 - hackernews - Querying time window: 2026-09-13 15:45:14 to 2026-09-13 16:45:14 (1789314314 to 1789317914)...
2026-09-14 09:24:51 +0000 - dagster - INFO - __ASSET_JOB - 8ab7319b-bb67-4bd9-a867-b1028e499d35 - hackernews - Making GET request to https://hn.algolia.com/api/v1/search_by_date?numericFilters=created_at_i%3E%3D1789314314%2Ccreated_at_i%3C1789317914&hitsPerPage=1000
2026-09-14 09:24:51 +0000 - dagster - INFO - __ASSET_JOB - 8ab7319b-bb67-4bd9-a867-b1028e499d35 - hackernews - Retrieved 588 items in this window.
2026-09-14 09:24:51 +0000 - dagster - INFO - __ASSET_JOB - 8ab7319b-bb67-4bd9-a867-b1028e499d35 - hackernews - Querying time window: 2026-09-13 16:45:14 to 2026-09-13 17:45:14 (1789317914 to 1789321514)...
2026-09-14 09:24:51 +0000 - dagster - INFO - __ASSET_JOB - 8ab7319b-bb67-4bd9-a867-b1028e499d35 - hackernews - Making GET request to https://hn.algolia.com/api/v1/search_by_date?numericFilters=created_at_i%3E%3D1789317914%2Ccreated_at_i%3C1789321514&hitsPerPage=1000
2026-09-14 09:24:52 +0000 - dagster - INFO - __ASSET_JOB - 8ab7319b-bb67-4bd9-a867-b1028e499d35 - hackernews - Retrieved 545 items in this window.
2026-09-14 09:24:52 +0000 - dagster - INFO - __ASSET_JOB - 8ab7319b-bb67-4bd9-a867-b1028e499d35 - hackernews - Querying time window: 2026-09-13 17:45:14 to 2026-09-13 18:45:14 (1789321514 to 1789325114)...
2026-09-14 09:24:52 +0000 - dagster - INFO - __ASSET_JOB - 8ab7319b-bb67-4bd9-a867-b1028e499d35 - hackernews - Making GET request to https://hn.algolia.com/api/v1/search_by_date?numericFilters=created_at_i%3E%3D1789321514%2Ccreated_at_i%3C1789325114&hitsPerPage=1000
2026-09-14 09:24:52 +0000 - dagster - INFO - __ASSET_JOB - 8ab7319b-bb67-4bd9-a867-b1028e499d35 - hackernews - Retrieved 664 items in this window.
2026-09-14 09:24:52 +0000 - dagster - INFO - __ASSET_JOB - 8ab7319b-bb67-4bd9-a867-b1028e499d35 - hackernews - Querying time window: 2026-09-13 18:45:14 to 2026-09-13 19:45:14 (1789325114 to 1789328714)...
2026-09-14 09:24:52 +0000 - dagster - INFO - __ASSET_JOB - 8ab7319b-bb67-4bd9-a867-b1028e499d35 - hackernews - Making GET request to https://hn.algolia.com/api/v1/search_by_date?numericFilters=created_at_i%3E%3D1789325114%2Ccreated_at_i%3C1789328714&hitsPerPage=1000
2026-09-14 09:24:53 +0000 - dagster - INFO - __ASSET_JOB - 8ab7319b-bb67-4bd9-a867-b1028e499d35 - hackernews - Retrieved 547 items in this window.
2026-09-14 09:24:53 +0000 - dagster - INFO - __ASSET_JOB - 8ab7319b-bb67-4bd9-a867-b1028e499d35 - hackernews - Querying time window: 2026-09-13 19:45:14 to 2026-09-13 20:45:14 (1789328714 to 1789332314)...
2026-09-14 09:24:53 +0000 - dagster - INFO - __ASSET_JOB - 8ab7319b-bb67-4bd9-a867-b1028e499d35 - hackernews - Making GET request to https://hn.algolia.com/api/v1/search_by_date?numericFilters=created_at_i%3E%3D1789328714%2Ccreated_at_i%3C1789332314&hitsPerPage=1000
2026-09-14 09:24:53 +0000 - dagster - INFO - __ASSET_JOB - 8ab7319b-bb67-4bd9-a867-b1028e499d35 - hackernews - Retrieved 525 items in this window.
2026-09-14 09:24:53 +0000 - dagster - INFO - __ASSET_JOB - 8ab7319b-bb67-4bd9-a867-b1028e499d35 - hackernews - Querying time window: 2026-09-13 20:45:14 to 2026-09-13 21:45:14 (1789332314 to 1789335914)...
2026-09-14 09:24:53 +0000 - dagster - INFO - __ASSET_JOB - 8ab7319b-bb67-4bd9-a867-b1028e499d35 - hackernews - Making GET request to https://hn.algolia.com/api/v1/search_by_date?numericFilters=created_at_i%3E%3D1789332314%2Ccreated_at_i%3C1789335914&hitsPerPage=1000
2026-09-14 09:24:54 +0000 - dagster - INFO - __ASSET_JOB - 8ab7319b-bb67-4bd9-a867-b1028e499d35 - hackernews - Retrieved 487 items in this window.
2026-09-14 09:24:54 +0000 - dagster - INFO - __ASSET_JOB - 8ab7319b-bb67-4bd9-a867-b1028e499d35 - hackernews - Querying time window: 2026-09-13 21:45:14 to 2026-09-13 22:45:14 (1789335914 to 1789339514)...
2026-09-14 09:24:54 +0000 - dagster - INFO - __ASSET_JOB - 8ab7319b-bb67-4bd9-a867-b1028e499d35 - hackernews - Making GET request to https://hn.algolia.com/api/v1/search_by_date?numericFilters=created_at_i%3E%3D1789335914%2Ccreated_at_i%3C1789339514&hitsPerPage=1000
2026-09-14 09:24:54 +0000 - dagster - INFO - __ASSET_JOB - 8ab7319b-bb67-4bd9-a867-b1028e499d35 - hackernews - Retrieved 435 items in this window.
2026-09-14 09:24:54 +0000 - dagster - INFO - __ASSET_JOB - 8ab7319b-bb67-4bd9-a867-b1028e499d35 - hackernews - Querying time window: 2026-09-13 22:45:14 to 2026-09-13 23:45:14 (1789339514 to 1789343114)...
2026-09-14 09:24:54 +0000 - dagster - INFO - __ASSET_JOB - 8ab7319b-bb67-4bd9-a867-b1028e499d35 - hackernews - Making GET request to https://hn.algolia.com/api/v1/search_by_date?numericFilters=created_at_i%3E%3D1789339514%2Ccreated_at_i%3C1789343114&hitsPerPage=1000
2026-09-14 09:24:54 +0000 - dagster - INFO - __ASSET_JOB - 8ab7319b-bb67-4bd9-a867-b1028e499d35 - hackernews - Retrieved 408 items in this window.
2026-09-14 09:24:54 +0000 - dagster - INFO - __ASSET_JOB - 8ab7319b-bb67-4bd9-a867-b1028e499d35 - hackernews - Querying time window: 2026-09-13 23:45:14 to 2026-09-14 00:45:14 (1789343114 to 1789346714)...
2026-09-14 09:24:54 +0000 - dagster - INFO - __ASSET_JOB - 8ab7319b-bb67-4bd9-a867-b1028e499d35 - hackernews - Making GET request to https://hn.algolia.com/api/v1/search_by_date?numericFilters=created_at_i%3E%3D1789343114%2Ccreated_at_i%3C1789346714&hitsPerPage=1000
2026-09-14 09:24:55 +0000 - dagster - INFO - __ASSET_JOB - 8ab7319b-bb67-4bd9-a867-b1028e499d35 - hackernews - Retrieved 408 items in this window.
2026-09-14 09:24:55 +0000 - dagster - INFO - __ASSET_JOB - 8ab7319b-bb67-4bd9-a867-b1028e499d35 - hackernews - Querying time window: 2026-09-14 00:45:14 to 2026-09-14 01:45:14 (1789346714 to 1789350314)...
2026-09-14 09:24:55 +0000 - dagster - INFO - __ASSET_JOB - 8ab7319b-bb67-4bd9-a867-b1028e499d35 - hackernews - Making GET request to https://hn.algolia.com/api/v1/search_by_date?numericFilters=created_at_i%3E%3D1789346714%2Ccreated_at_i%3C1789350314&hitsPerPage=1000
2026-09-14 09:24:55 +0000 - dagster - INFO - __ASSET_JOB - 8ab7319b-bb67-4bd9-a867-b1028e499d35 - hackernews - Retrieved 378 items in this window.
2026-09-14 09:24:56 +0000 - dagster - INFO - __ASSET_JOB - 8ab7319b-bb67-4bd9-a867-b1028e499d35 - hackernews - Querying time window: 2026-09-14 01:45:14 to 2026-09-14 02:45:14 (1789350314 to 1789353914)...
2026-09-14 09:24:56 +0000 - dagster - INFO - __ASSET_JOB - 8ab7319b-bb67-4bd9-a867-b1028e499d35 - hackernews - Making GET request to https://hn.algolia.com/api/v1/search_by_date?numericFilters=created_at_i%3E%3D1789350314%2Ccreated_at_i%3C1789353914&hitsPerPage=1000
2026-09-14 09:24:56 +0000 - dagster - INFO - __ASSET_JOB - 8ab7319b-bb67-4bd9-a867-b1028e499d35 - hackernews - Retrieved 434 items in this window.
2026-09-14 09:24:56 +0000 - dagster - INFO - __ASSET_JOB - 8ab7319b-bb67-4bd9-a867-b1028e499d35 - hackernews - Querying time window: 2026-09-14 02:45:14 to 2026-09-14 03:45:14 (1789353914 to 1789357514)...
2026-09-14 09:24:56 +0000 - dagster - INFO - __ASSET_JOB - 8ab7319b-bb67-4bd9-a867-b1028e499d35 - hackernews - Making GET request to https://hn.algolia.com/api/v1/search_by_date?numericFilters=created_at_i%3E%3D1789353914%2Ccreated_at_i%3C1789357514&hitsPerPage=1000
2026-09-14 09:24:56 +0000 - dagster - INFO - __ASSET_JOB - 8ab7319b-bb67-4bd9-a867-b1028e499d35 - hackernews - Retrieved 391 items in this window.
2026-09-14 09:24:56 +0000 - dagster - INFO - __ASSET_JOB - 8ab7319b-bb67-4bd9-a867-b1028e499d35 - hackernews - Querying time window: 2026-09-14 03:45:14 to 2026-09-14 04:45:14 (1789357514 to 1789361114)...
2026-09-14 09:24:56 +0000 - dagster - INFO - __ASSET_JOB - 8ab7319b-bb67-4bd9-a867-b1028e499d35 - hackernews - Making GET request to https://hn.algolia.com/api/v1/search_by_date?numericFilters=created_at_i%3E%3D1789357514%2Ccreated_at_i%3C1789361114&hitsPerPage=1000
2026-09-14 09:24:57 +0000 - dagster - INFO - __ASSET_JOB - 8ab7319b-bb67-4bd9-a867-b1028e499d35 - hackernews - Retrieved 321 items in this window.
2026-09-14 09:24:57 +0000 - dagster - INFO - __ASSET_JOB - 8ab7319b-bb67-4bd9-a867-b1028e499d35 - hackernews - Querying time window: 2026-09-14 04:45:14 to 2026-09-14 05:45:14 (1789361114 to 1789364714)...
2026-09-14 09:24:57 +0000 - dagster - INFO - __ASSET_JOB - 8ab7319b-bb67-4bd9-a867-b1028e499d35 - hackernews - Making GET request to https://hn.algolia.com/api/v1/search_by_date?numericFilters=created_at_i%3E%3D1789361114%2Ccreated_at_i%3C1789364714&hitsPerPage=1000
2026-09-14 09:24:57 +0000 - dagster - INFO - __ASSET_JOB - 8ab7319b-bb67-4bd9-a867-b1028e499d35 - hackernews - Retrieved 333 items in this window.
2026-09-14 09:24:57 +0000 - dagster - INFO - __ASSET_JOB - 8ab7319b-bb67-4bd9-a867-b1028e499d35 - hackernews - Querying time window: 2026-09-14 05:45:14 to 2026-09-14 06:45:14 (1789364714 to 1789368314)...
2026-09-14 09:24:57 +0000 - dagster - INFO - __ASSET_JOB - 8ab7319b-bb67-4bd9-a867-b1028e499d35 - hackernews - Making GET request to https://hn.algolia.com/api/v1/search_by_date?numericFilters=created_at_i%3E%3D1789364714%2Ccreated_at_i%3C1789368314&hitsPerPage=1000
2026-09-14 09:24:57 +0000 - dagster - INFO - __ASSET_JOB - 8ab7319b-bb67-4bd9-a867-b1028e499d35 - hackernews - Retrieved 327 items in this window.
2026-09-14 09:24:57 +0000 - dagster - INFO - __ASSET_JOB - 8ab7319b-bb67-4bd9-a867-b1028e499d35 - hackernews - Querying time window: 2026-09-14 06:45:14 to 2026-09-14 07:45:14 (1789368314 to 1789371914)...
2026-09-14 09:24:57 +0000 - dagster - INFO - __ASSET_JOB - 8ab7319b-bb67-4bd9-a867-b1028e499d35 - hackernews - Making GET request to https://hn.algolia.com/api/v1/search_by_date?numericFilters=created_at_i%3E%3D1789368314%2Ccreated_at_i%3C1789371914&hitsPerPage=1000
2026-09-14 09:24:58 +0000 - dagster - INFO - __ASSET_JOB - 8ab7319b-bb67-4bd9-a867-b1028e499d35 - hackernews - Retrieved 413 items in this window.
2026-09-14 09:24:58 +0000 - dagster - INFO - __ASSET_JOB - 8ab7319b-bb67-4bd9-a867-b1028e499d35 - hackernews - Querying time window: 2026-09-14 07:45:14 to 2026-09-14 08:45:14 (1789371914 to 1789375514)...
2026-09-14 09:24:58 +0000 - dagster - INFO - __ASSET_JOB - 8ab7319b-bb67-4bd9-a867-b1028e499d35 - hackernews - Making GET request to https://hn.algolia.com/api/v1/search_by_date?numericFilters=created_at_i%3E%3D1789371914%2Ccreated_at_i%3C1789375514&hitsPerPage=1000
2026-09-14 09:24:58 +0000 - dagster - INFO - __ASSET_JOB - 8ab7319b-bb67-4bd9-a867-b1028e499d35 - hackernews - Retrieved 403 items in this window.
2026-09-14 09:24:58 +0000 - dagster - INFO - __ASSET_JOB - 8ab7319b-bb67-4bd9-a867-b1028e499d35 - hackernews - Querying time window: 2026-09-14 08:45:14 to 2026-09-14 09:23:37 (1789375514 to 1789377817)...
2026-09-14 09:24:58 +0000 - dagster - INFO - __ASSET_JOB - 8ab7319b-bb67-4bd9-a867-b1028e499d35 - hackernews - Making GET request to https://hn.algolia.com/api/v1/search_by_date?numericFilters=created_at_i%3E%3D1789375514%2Ccreated_at_i%3C1789377817&hitsPerPage=1000
2026-09-14 09:24:59 +0000 - dagster - INFO - __ASSET_JOB - 8ab7319b-bb67-4bd9-a867-b1028e499d35 - hackernews - Retrieved 264 items in this window.
2026-09-14 09:24:59 +0000 - dagster - INFO - __ASSET_JOB - 8ab7319b-bb67-4bd9-a867-b1028e499d35 - hackernews - Ingested 88145 items. Catch-up completed up to 2026-09-14 09:23:37 (1789377817).
2026-09-14 09:24:59 +0000 - dagster - INFO - __ASSET_JOB - 8ab7319b-bb67-4bd9-a867-b1028e499d35 - hackernews - Created none pool with 1 workers
2026-09-14 09:24:59 +0000 - dagster - INFO - __ASSET_JOB - 8ab7319b-bb67-4bd9-a867-b1028e499d35 - hackernews - Running file normalizing
2026-09-14 09:24:59 +0000 - dagster - INFO - __ASSET_JOB - 8ab7319b-bb67-4bd9-a867-b1028e499d35 - hackernews - Found 1 load packages
2026-09-14 09:24:59 +0000 - dagster - INFO - __ASSET_JOB - 8ab7319b-bb67-4bd9-a867-b1028e499d35 - hackernews - Found 2 files in schema hackernews_source load_id 1789377817.1539533
2026-09-14 09:24:59 +0000 - dagster - INFO - __ASSET_JOB - 8ab7319b-bb67-4bd9-a867-b1028e499d35 - hackernews - Created new load package 1789377817.1539533 on loading volume with 2 files
2026-09-14 09:24:59 +0000 - dagster - INFO - __ASSET_JOB - 8ab7319b-bb67-4bd9-a867-b1028e499d35 - hackernews - A file format for table _dlt_pipeline_state was specified to preferred in the resource so parquet format being used.
2026-09-14 09:24:59 +0000 - dagster - INFO - __ASSET_JOB - 8ab7319b-bb67-4bd9-a867-b1028e499d35 - hackernews - Created items normalizer JsonLItemsNormalizer with writer ParquetDataWriter for item format object and file format parquet on table _dlt_pipeline_state
2026-09-14 09:24:59 +0000 - dagster - INFO - __ASSET_JOB - 8ab7319b-bb67-4bd9-a867-b1028e499d35 - hackernews - Created items normalizer JsonLItemsNormalizer with writer ParquetDataWriter for item format object and file format parquet on table items
2026-09-14 09:25:02 +0000 - dagster - INFO - __ASSET_JOB - 8ab7319b-bb67-4bd9-a867-b1028e499d35 - hackernews - Processed all items in 2 files
2026-09-14 09:25:02 +0000 - dagster - INFO - __ASSET_JOB - 8ab7319b-bb67-4bd9-a867-b1028e499d35 - hackernews - Schema hackernews_source with version 3 was not modified. Save skipped
2026-09-14 09:25:02 +0000 - dagster - INFO - __ASSET_JOB - 8ab7319b-bb67-4bd9-a867-b1028e499d35 - hackernews - Committing storage, do not kill this process
2026-09-14 09:25:02 +0000 - dagster - INFO - __ASSET_JOB - 8ab7319b-bb67-4bd9-a867-b1028e499d35 - hackernews - Extracted package 1789377817.1539533 processed
2026-09-14 09:25:02 +0000 - dagster - INFO - __ASSET_JOB - 8ab7319b-bb67-4bd9-a867-b1028e499d35 - hackernews - Closing processing pool
2026-09-14 09:25:02 +0000 - dagster - INFO - __ASSET_JOB - 8ab7319b-bb67-4bd9-a867-b1028e499d35 - hackernews - Processing pool closed
2026-09-14 09:25:02 +0000 - dagster - INFO - __ASSET_JOB - 8ab7319b-bb67-4bd9-a867-b1028e499d35 - hackernews - Created thread pool with 20 workers
2026-09-14 09:25:02 +0000 - dagster - INFO - __ASSET_JOB - 8ab7319b-bb67-4bd9-a867-b1028e499d35 - hackernews - Running file loading
2026-09-14 09:25:02 +0000 - dagster - INFO - __ASSET_JOB - 8ab7319b-bb67-4bd9-a867-b1028e499d35 - hackernews - Found 1 load packages
2026-09-14 09:25:02 +0000 - dagster - INFO - __ASSET_JOB - 8ab7319b-bb67-4bd9-a867-b1028e499d35 - hackernews - Loading schema from load package in 1789377817.1539533
2026-09-14 09:25:02 +0000 - dagster - INFO - __ASSET_JOB - 8ab7319b-bb67-4bd9-a867-b1028e499d35 - hackernews - Loaded schema name hackernews_source and version 3
2026-09-14 09:25:03 +0000 - dagster - INFO - __ASSET_JOB - 8ab7319b-bb67-4bd9-a867-b1028e499d35 - hackernews - Client for ducklake will start initialize storage 
2026-09-14 09:25:03 +0000 - dagster - INFO - __ASSET_JOB - 8ab7319b-bb67-4bd9-a867-b1028e499d35 - hackernews - Client for ducklake will update schema to package schema 
2026-09-14 09:25:03 +0000 - dagster - INFO - __ASSET_JOB - 8ab7319b-bb67-4bd9-a867-b1028e499d35 - hackernews - Schema with hash 6By9nwqTTrhznnSPDpfURqHpWrsY2BVikyibecXijOE= inserted at 2026-08-10 23:15:46.025744+00:00 found in storage, no upgrade required
2026-09-14 09:25:03 +0000 - dagster - INFO - __ASSET_JOB - 8ab7319b-bb67-4bd9-a867-b1028e499d35 - hackernews - Client for ducklake will start initialize storage for staging dataset
2026-09-14 09:25:03 +0000 - dagster - INFO - __ASSET_JOB - 8ab7319b-bb67-4bd9-a867-b1028e499d35 - hackernews - Client for ducklake will update schema to package schema for staging dataset
2026-09-14 09:25:03 +0000 - dagster - INFO - __ASSET_JOB - 8ab7319b-bb67-4bd9-a867-b1028e499d35 - hackernews - Schema with hash 6By9nwqTTrhznnSPDpfURqHpWrsY2BVikyibecXijOE= not found in the storage. upgrading
2026-09-14 09:25:03 +0000 - dagster - INFO - __ASSET_JOB - 8ab7319b-bb67-4bd9-a867-b1028e499d35 - hackernews - Found 13 updates for items in hackernews_source
2026-09-14 09:25:03 +0000 - dagster - INFO - __ASSET_JOB - 8ab7319b-bb67-4bd9-a867-b1028e499d35 - hackernews - Found 6 updates for _dlt_version in hackernews_source
2026-09-14 09:25:03 +0000 - dagster - INFO - __ASSET_JOB - 8ab7319b-bb67-4bd9-a867-b1028e499d35 - hackernews - Client for ducklake will truncate tables for staging dataset
2026-09-14 09:25:03 +0000 - dagster - INFO - __ASSET_JOB - 8ab7319b-bb67-4bd9-a867-b1028e499d35 - hackernews - 0 started jobs found, which should be continued
2026-09-14 09:25:03 +0000 - dagster - INFO - __ASSET_JOB - 8ab7319b-bb67-4bd9-a867-b1028e499d35 - hackernews - Will complete 0 for 1789377817.1539533
2026-09-14 09:25:03 +0000 - dagster - INFO - __ASSET_JOB - 8ab7319b-bb67-4bd9-a867-b1028e499d35 - hackernews - Will load additional 1, creating jobs
2026-09-14 09:25:03 +0000 - dagster - INFO - __ASSET_JOB - 8ab7319b-bb67-4bd9-a867-b1028e499d35 - hackernews - Will load file 1789377817.1539533/new_jobs/items.209e9c61c4.0.parquet with table name items
2026-09-14 09:25:03 +0000 - dagster - INFO - __ASSET_JOB - 8ab7319b-bb67-4bd9-a867-b1028e499d35 - hackernews - Will complete 1 for 1789377817.1539533
2026-09-14 09:25:03 +0000 - dagster - INFO - __ASSET_JOB - 8ab7319b-bb67-4bd9-a867-b1028e499d35 - hackernews - Job items.209e9c61c4.parquet CREATED a new FOLLOWUP JOB /tmp/items.17ba07f3db.0.sql placed in new_jobs
2026-09-14 09:25:03 +0000 - dagster - INFO - __ASSET_JOB - 8ab7319b-bb67-4bd9-a867-b1028e499d35 - hackernews - Job for items.209e9c61c4.parquet completed in load 1789377817.1539533
2026-09-14 09:25:03 +0000 - dagster - INFO - __ASSET_JOB - 8ab7319b-bb67-4bd9-a867-b1028e499d35 - hackernews - Will load additional 1, creating jobs
2026-09-14 09:25:03 +0000 - dagster - INFO - __ASSET_JOB - 8ab7319b-bb67-4bd9-a867-b1028e499d35 - hackernews - Will load file 1789377817.1539533/new_jobs/items.17ba07f3db.0.sql with table name items
2026-09-14 09:25:04 +0000 - dagster - INFO - __ASSET_JOB - 8ab7319b-bb67-4bd9-a867-b1028e499d35 - hackernews - Will complete 1 for 1789377817.1539533
2026-09-14 09:25:04 +0000 - dagster - INFO - __ASSET_JOB - 8ab7319b-bb67-4bd9-a867-b1028e499d35 - hackernews - Job for items.17ba07f3db.sql completed in load 1789377817.1539533
2026-09-14 09:25:04 +0000 - dagster - INFO - __ASSET_JOB - 8ab7319b-bb67-4bd9-a867-b1028e499d35 - hackernews - Will load additional 1, creating jobs
2026-09-14 09:25:04 +0000 - dagster - INFO - __ASSET_JOB - 8ab7319b-bb67-4bd9-a867-b1028e499d35 - hackernews - Will load file 1789377817.1539533/new_jobs/_dlt_pipeline_state.207e25f85c.0.parquet with table name _dlt_pipeline_state
2026-09-14 09:25:04 +0000 - dagster - INFO - __ASSET_JOB - 8ab7319b-bb67-4bd9-a867-b1028e499d35 - hackernews - Will complete 1 for 1789377817.1539533
2026-09-14 09:25:04 +0000 - dagster - INFO - __ASSET_JOB - 8ab7319b-bb67-4bd9-a867-b1028e499d35 - hackernews - Job for _dlt_pipeline_state.207e25f85c.parquet completed in load 1789377817.1539533
2026-09-14 09:25:04 +0000 - dagster - INFO - __ASSET_JOB - 8ab7319b-bb67-4bd9-a867-b1028e499d35 - hackernews - Will load additional 0, creating jobs
2026-09-14 09:25:04 +0000 - dagster - INFO - __ASSET_JOB - 8ab7319b-bb67-4bd9-a867-b1028e499d35 - hackernews - All jobs completed, archiving package 1789377817.1539533 with aborted set to False
2026-09-14 09:25:04 +0000 - dagster - INFO - __ASSET_JOB - 8ab7319b-bb67-4bd9-a867-b1028e499d35 - hackernews - Closing processing pool
2026-09-14 09:25:04 +0000 - dagster - INFO - __ASSET_JOB - 8ab7319b-bb67-4bd9-a867-b1028e499d35 - hackernews - Processing pool closed
2026-09-14 09:25:04 +0000 - dagster - INFO - __ASSET_JOB - 8ab7319b-bb67-4bd9-a867-b1028e499d35 - dbt_assets - A dbt subsetted execution is not being performed. Using the default dbt selection arguments `['--select', 'fqn:*']`.
2026-09-14 09:25:07 +0000 - dagster - INFO - __ASSET_JOB - 8ab7319b-bb67-4bd9-a867-b1028e499d35 - dbt_assets - Copying `/home/runner/work/orca/orca/transformation/target/partial_parse.msgpack` to `/home/runner/work/orca/orca/transformation/target/dbt_assets-8ab7319-2f08422/partial_parse.msgpack` to take advantage of partial parsing.
2026-09-14 09:25:07 +0000 - dagster - INFO - __ASSET_JOB - 8ab7319b-bb67-4bd9-a867-b1028e499d35 - dbt_assets - Running dbt command: `dbt build --select fqn:*`.
2026-09-14 09:25:13 +0000 - dagster - INFO - __ASSET_JOB - 8ab7319b-bb67-4bd9-a867-b1028e499d35 - dbt_assets - Finished dbt command: `dbt build --select fqn:*`.
