2026-08-24 04:35:54 +0000 - dagster - INFO - __ASSET_JOB - 04d78ca5-82d5-40a7-9417-55a9800f7320 - hackernews - The state was restored from the destination ducklake (dlt.destinations.ducklake):raw
2026-08-24 04:35:54 +0000 - dagster - INFO - __ASSET_JOB - 04d78ca5-82d5-40a7-9417-55a9800f7320 - hackernews - The schema hackernews_source version 3 hash 6By9nwqTTrhznnSPDpfURqHpWrsY2BVikyibecXijOE= was restored from the destination ducklake:raw
2026-08-24 04:35:54 +0000 - dagster - INFO - __ASSET_JOB - 04d78ca5-82d5-40a7-9417-55a9800f7320 - hackernews - Bind incremental on items with initial_value: 2026-07-01 00:00:00+00:00, start_value: 2026-08-10 23:30:45+00:00, end_value: None, func: max, row_order: None, on_missing: raise, range_start: closed, range_end: open
2026-08-24 04:35:54 +0000 - dagster - INFO - __ASSET_JOB - 04d78ca5-82d5-40a7-9417-55a9800f7320 - hackernews - Starting incremental ingestion from 2026-08-10 23:30:45 UTC (1786404645)...
2026-08-24 04:35:54 +0000 - dagster - INFO - __ASSET_JOB - 04d78ca5-82d5-40a7-9417-55a9800f7320 - hackernews - Querying time window: 2026-08-10 23:30:45 to 2026-08-11 00:30:45 (1786404645 to 1786408245)...
2026-08-24 04:35:54 +0000 - dagster - INFO - __ASSET_JOB - 04d78ca5-82d5-40a7-9417-55a9800f7320 - hackernews - Making GET request to https://hn.algolia.com/api/v1/search_by_date?numericFilters=created_at_i%3E%3D1786404645%2Ccreated_at_i%3C1786408245&hitsPerPage=1000
2026-08-24 04:35:54 +0000 - dagster - INFO - __ASSET_JOB - 04d78ca5-82d5-40a7-9417-55a9800f7320 - hackernews - Retrieved 407 items in this window.
2026-08-24 04:35:55 +0000 - dagster - INFO - __ASSET_JOB - 04d78ca5-82d5-40a7-9417-55a9800f7320 - hackernews - Querying time window: 2026-08-11 00:30:45 to 2026-08-11 01:30:45 (1786408245 to 1786411845)...
2026-08-24 04:35:55 +0000 - dagster - INFO - __ASSET_JOB - 04d78ca5-82d5-40a7-9417-55a9800f7320 - hackernews - Making GET request to https://hn.algolia.com/api/v1/search_by_date?numericFilters=created_at_i%3E%3D1786408245%2Ccreated_at_i%3C1786411845&hitsPerPage=1000
2026-08-24 04:35:55 +0000 - dagster - INFO - __ASSET_JOB - 04d78ca5-82d5-40a7-9417-55a9800f7320 - hackernews - Retrieved 464 items in this window.
2026-08-24 04:35:55 +0000 - dagster - INFO - __ASSET_JOB - 04d78ca5-82d5-40a7-9417-55a9800f7320 - hackernews - Querying time window: 2026-08-11 01:30:45 to 2026-08-11 02:30:45 (1786411845 to 1786415445)...
2026-08-24 04:35:55 +0000 - dagster - INFO - __ASSET_JOB - 04d78ca5-82d5-40a7-9417-55a9800f7320 - hackernews - Making GET request to https://hn.algolia.com/api/v1/search_by_date?numericFilters=created_at_i%3E%3D1786411845%2Ccreated_at_i%3C1786415445&hitsPerPage=1000
2026-08-24 04:35:56 +0000 - dagster - INFO - __ASSET_JOB - 04d78ca5-82d5-40a7-9417-55a9800f7320 - hackernews - Retrieved 380 items in this window.
2026-08-24 04:35:56 +0000 - dagster - INFO - __ASSET_JOB - 04d78ca5-82d5-40a7-9417-55a9800f7320 - hackernews - Querying time window: 2026-08-11 02:30:45 to 2026-08-11 03:30:45 (1786415445 to 1786419045)...
2026-08-24 04:35:56 +0000 - dagster - INFO - __ASSET_JOB - 04d78ca5-82d5-40a7-9417-55a9800f7320 - hackernews - Making GET request to https://hn.algolia.com/api/v1/search_by_date?numericFilters=created_at_i%3E%3D1786415445%2Ccreated_at_i%3C1786419045&hitsPerPage=1000
2026-08-24 04:35:56 +0000 - dagster - INFO - __ASSET_JOB - 04d78ca5-82d5-40a7-9417-55a9800f7320 - hackernews - Retrieved 331 items in this window.
2026-08-24 04:35:56 +0000 - dagster - INFO - __ASSET_JOB - 04d78ca5-82d5-40a7-9417-55a9800f7320 - hackernews - Querying time window: 2026-08-11 03:30:45 to 2026-08-11 04:30:45 (1786419045 to 1786422645)...
2026-08-24 04:35:56 +0000 - dagster - INFO - __ASSET_JOB - 04d78ca5-82d5-40a7-9417-55a9800f7320 - hackernews - Making GET request to https://hn.algolia.com/api/v1/search_by_date?numericFilters=created_at_i%3E%3D1786419045%2Ccreated_at_i%3C1786422645&hitsPerPage=1000
2026-08-24 04:35:56 +0000 - dagster - INFO - __ASSET_JOB - 04d78ca5-82d5-40a7-9417-55a9800f7320 - hackernews - Retrieved 317 items in this window.
2026-08-24 04:35:56 +0000 - dagster - INFO - __ASSET_JOB - 04d78ca5-82d5-40a7-9417-55a9800f7320 - hackernews - Querying time window: 2026-08-11 04:30:45 to 2026-08-11 05:30:45 (1786422645 to 1786426245)...
2026-08-24 04:35:56 +0000 - dagster - INFO - __ASSET_JOB - 04d78ca5-82d5-40a7-9417-55a9800f7320 - hackernews - Making GET request to https://hn.algolia.com/api/v1/search_by_date?numericFilters=created_at_i%3E%3D1786422645%2Ccreated_at_i%3C1786426245&hitsPerPage=1000
2026-08-24 04:35:57 +0000 - dagster - INFO - __ASSET_JOB - 04d78ca5-82d5-40a7-9417-55a9800f7320 - hackernews - Retrieved 303 items in this window.
2026-08-24 04:35:57 +0000 - dagster - INFO - __ASSET_JOB - 04d78ca5-82d5-40a7-9417-55a9800f7320 - hackernews - Querying time window: 2026-08-11 05:30:45 to 2026-08-11 06:30:45 (1786426245 to 1786429845)...
2026-08-24 04:35:57 +0000 - dagster - INFO - __ASSET_JOB - 04d78ca5-82d5-40a7-9417-55a9800f7320 - hackernews - Making GET request to https://hn.algolia.com/api/v1/search_by_date?numericFilters=created_at_i%3E%3D1786426245%2Ccreated_at_i%3C1786429845&hitsPerPage=1000
2026-08-24 04:35:57 +0000 - dagster - INFO - __ASSET_JOB - 04d78ca5-82d5-40a7-9417-55a9800f7320 - hackernews - Retrieved 335 items in this window.
2026-08-24 04:35:57 +0000 - dagster - INFO - __ASSET_JOB - 04d78ca5-82d5-40a7-9417-55a9800f7320 - hackernews - Querying time window: 2026-08-11 06:30:45 to 2026-08-11 07:30:45 (1786429845 to 1786433445)...
2026-08-24 04:35:57 +0000 - dagster - INFO - __ASSET_JOB - 04d78ca5-82d5-40a7-9417-55a9800f7320 - hackernews - Making GET request to https://hn.algolia.com/api/v1/search_by_date?numericFilters=created_at_i%3E%3D1786429845%2Ccreated_at_i%3C1786433445&hitsPerPage=1000
2026-08-24 04:35:58 +0000 - dagster - INFO - __ASSET_JOB - 04d78ca5-82d5-40a7-9417-55a9800f7320 - hackernews - Retrieved 403 items in this window.
2026-08-24 04:35:58 +0000 - dagster - INFO - __ASSET_JOB - 04d78ca5-82d5-40a7-9417-55a9800f7320 - hackernews - Querying time window: 2026-08-11 07:30:45 to 2026-08-11 08:30:45 (1786433445 to 1786437045)...
2026-08-24 04:35:58 +0000 - dagster - INFO - __ASSET_JOB - 04d78ca5-82d5-40a7-9417-55a9800f7320 - hackernews - Making GET request to https://hn.algolia.com/api/v1/search_by_date?numericFilters=created_at_i%3E%3D1786433445%2Ccreated_at_i%3C1786437045&hitsPerPage=1000
2026-08-24 04:35:58 +0000 - dagster - INFO - __ASSET_JOB - 04d78ca5-82d5-40a7-9417-55a9800f7320 - hackernews - Retrieved 340 items in this window.
2026-08-24 04:35:58 +0000 - dagster - INFO - __ASSET_JOB - 04d78ca5-82d5-40a7-9417-55a9800f7320 - hackernews - Querying time window: 2026-08-11 08:30:45 to 2026-08-11 09:30:45 (1786437045 to 1786440645)...
2026-08-24 04:35:58 +0000 - dagster - INFO - __ASSET_JOB - 04d78ca5-82d5-40a7-9417-55a9800f7320 - hackernews - Making GET request to https://hn.algolia.com/api/v1/search_by_date?numericFilters=created_at_i%3E%3D1786437045%2Ccreated_at_i%3C1786440645&hitsPerPage=1000
2026-08-24 04:35:58 +0000 - dagster - INFO - __ASSET_JOB - 04d78ca5-82d5-40a7-9417-55a9800f7320 - hackernews - Retrieved 372 items in this window.
2026-08-24 04:35:58 +0000 - dagster - INFO - __ASSET_JOB - 04d78ca5-82d5-40a7-9417-55a9800f7320 - hackernews - Querying time window: 2026-08-11 09:30:45 to 2026-08-11 10:30:45 (1786440645 to 1786444245)...
2026-08-24 04:35:58 +0000 - dagster - INFO - __ASSET_JOB - 04d78ca5-82d5-40a7-9417-55a9800f7320 - hackernews - Making GET request to https://hn.algolia.com/api/v1/search_by_date?numericFilters=created_at_i%3E%3D1786440645%2Ccreated_at_i%3C1786444245&hitsPerPage=1000
2026-08-24 04:35:59 +0000 - dagster - INFO - __ASSET_JOB - 04d78ca5-82d5-40a7-9417-55a9800f7320 - hackernews - Retrieved 483 items in this window.
2026-08-24 04:35:59 +0000 - dagster - INFO - __ASSET_JOB - 04d78ca5-82d5-40a7-9417-55a9800f7320 - hackernews - Querying time window: 2026-08-11 10:30:45 to 2026-08-11 11:30:45 (1786444245 to 1786447845)...
2026-08-24 04:35:59 +0000 - dagster - INFO - __ASSET_JOB - 04d78ca5-82d5-40a7-9417-55a9800f7320 - hackernews - Making GET request to https://hn.algolia.com/api/v1/search_by_date?numericFilters=created_at_i%3E%3D1786444245%2Ccreated_at_i%3C1786447845&hitsPerPage=1000
2026-08-24 04:35:59 +0000 - dagster - INFO - __ASSET_JOB - 04d78ca5-82d5-40a7-9417-55a9800f7320 - hackernews - Retrieved 523 items in this window.
2026-08-24 04:35:59 +0000 - dagster - INFO - __ASSET_JOB - 04d78ca5-82d5-40a7-9417-55a9800f7320 - hackernews - Querying time window: 2026-08-11 11:30:45 to 2026-08-11 12:30:45 (1786447845 to 1786451445)...
2026-08-24 04:35:59 +0000 - dagster - INFO - __ASSET_JOB - 04d78ca5-82d5-40a7-9417-55a9800f7320 - hackernews - Making GET request to https://hn.algolia.com/api/v1/search_by_date?numericFilters=created_at_i%3E%3D1786447845%2Ccreated_at_i%3C1786451445&hitsPerPage=1000
2026-08-24 04:36:00 +0000 - dagster - INFO - __ASSET_JOB - 04d78ca5-82d5-40a7-9417-55a9800f7320 - hackernews - Retrieved 630 items in this window.
2026-08-24 04:36:00 +0000 - dagster - INFO - __ASSET_JOB - 04d78ca5-82d5-40a7-9417-55a9800f7320 - hackernews - Querying time window: 2026-08-11 12:30:45 to 2026-08-11 13:30:45 (1786451445 to 1786455045)...
2026-08-24 04:36:00 +0000 - dagster - INFO - __ASSET_JOB - 04d78ca5-82d5-40a7-9417-55a9800f7320 - hackernews - Making GET request to https://hn.algolia.com/api/v1/search_by_date?numericFilters=created_at_i%3E%3D1786451445%2Ccreated_at_i%3C1786455045&hitsPerPage=1000
2026-08-24 04:36:00 +0000 - dagster - INFO - __ASSET_JOB - 04d78ca5-82d5-40a7-9417-55a9800f7320 - hackernews - Retrieved 673 items in this window.
2026-08-24 04:36:00 +0000 - dagster - INFO - __ASSET_JOB - 04d78ca5-82d5-40a7-9417-55a9800f7320 - hackernews - Querying time window: 2026-08-11 13:30:45 to 2026-08-11 14:30:45 (1786455045 to 1786458645)...
2026-08-24 04:36:00 +0000 - dagster - INFO - __ASSET_JOB - 04d78ca5-82d5-40a7-9417-55a9800f7320 - hackernews - Making GET request to https://hn.algolia.com/api/v1/search_by_date?numericFilters=created_at_i%3E%3D1786455045%2Ccreated_at_i%3C1786458645&hitsPerPage=1000
2026-08-24 04:36:01 +0000 - dagster - INFO - __ASSET_JOB - 04d78ca5-82d5-40a7-9417-55a9800f7320 - hackernews - Retrieved 864 items in this window.
2026-08-24 04:36:01 +0000 - dagster - INFO - __ASSET_JOB - 04d78ca5-82d5-40a7-9417-55a9800f7320 - hackernews - Querying time window: 2026-08-11 14:30:45 to 2026-08-11 15:30:45 (1786458645 to 1786462245)...
2026-08-24 04:36:01 +0000 - dagster - INFO - __ASSET_JOB - 04d78ca5-82d5-40a7-9417-55a9800f7320 - hackernews - Making GET request to https://hn.algolia.com/api/v1/search_by_date?numericFilters=created_at_i%3E%3D1786458645%2Ccreated_at_i%3C1786462245&hitsPerPage=1000
2026-08-24 04:36:02 +0000 - dagster - INFO - __ASSET_JOB - 04d78ca5-82d5-40a7-9417-55a9800f7320 - hackernews - Retrieved 762 items in this window.
2026-08-24 04:36:02 +0000 - dagster - INFO - __ASSET_JOB - 04d78ca5-82d5-40a7-9417-55a9800f7320 - hackernews - Querying time window: 2026-08-11 15:30:45 to 2026-08-11 16:30:45 (1786462245 to 1786465845)...
2026-08-24 04:36:02 +0000 - dagster - INFO - __ASSET_JOB - 04d78ca5-82d5-40a7-9417-55a9800f7320 - hackernews - Making GET request to https://hn.algolia.com/api/v1/search_by_date?numericFilters=created_at_i%3E%3D1786462245%2Ccreated_at_i%3C1786465845&hitsPerPage=1000
2026-08-24 04:36:02 +0000 - dagster - INFO - __ASSET_JOB - 04d78ca5-82d5-40a7-9417-55a9800f7320 - hackernews - Retrieved 730 items in this window.
2026-08-24 04:36:02 +0000 - dagster - INFO - __ASSET_JOB - 04d78ca5-82d5-40a7-9417-55a9800f7320 - hackernews - Querying time window: 2026-08-11 16:30:45 to 2026-08-11 17:30:45 (1786465845 to 1786469445)...
2026-08-24 04:36:02 +0000 - dagster - INFO - __ASSET_JOB - 04d78ca5-82d5-40a7-9417-55a9800f7320 - hackernews - Making GET request to https://hn.algolia.com/api/v1/search_by_date?numericFilters=created_at_i%3E%3D1786465845%2Ccreated_at_i%3C1786469445&hitsPerPage=1000
2026-08-24 04:36:03 +0000 - dagster - INFO - __ASSET_JOB - 04d78ca5-82d5-40a7-9417-55a9800f7320 - hackernews - Retrieved 767 items in this window.
2026-08-24 04:36:03 +0000 - dagster - INFO - __ASSET_JOB - 04d78ca5-82d5-40a7-9417-55a9800f7320 - hackernews - Querying time window: 2026-08-11 17:30:45 to 2026-08-11 18:30:45 (1786469445 to 1786473045)...
2026-08-24 04:36:03 +0000 - dagster - INFO - __ASSET_JOB - 04d78ca5-82d5-40a7-9417-55a9800f7320 - hackernews - Making GET request to https://hn.algolia.com/api/v1/search_by_date?numericFilters=created_at_i%3E%3D1786469445%2Ccreated_at_i%3C1786473045&hitsPerPage=1000
2026-08-24 04:36:03 +0000 - dagster - INFO - __ASSET_JOB - 04d78ca5-82d5-40a7-9417-55a9800f7320 - hackernews - Retrieved 800 items in this window.
2026-08-24 04:36:04 +0000 - dagster - INFO - __ASSET_JOB - 04d78ca5-82d5-40a7-9417-55a9800f7320 - hackernews - Querying time window: 2026-08-11 18:30:45 to 2026-08-11 19:30:45 (1786473045 to 1786476645)...
2026-08-24 04:36:04 +0000 - dagster - INFO - __ASSET_JOB - 04d78ca5-82d5-40a7-9417-55a9800f7320 - hackernews - Making GET request to https://hn.algolia.com/api/v1/search_by_date?numericFilters=created_at_i%3E%3D1786473045%2Ccreated_at_i%3C1786476645&hitsPerPage=1000
2026-08-24 04:36:04 +0000 - dagster - INFO - __ASSET_JOB - 04d78ca5-82d5-40a7-9417-55a9800f7320 - hackernews - Retrieved 687 items in this window.
2026-08-24 04:36:04 +0000 - dagster - INFO - __ASSET_JOB - 04d78ca5-82d5-40a7-9417-55a9800f7320 - hackernews - Querying time window: 2026-08-11 19:30:45 to 2026-08-11 20:30:45 (1786476645 to 1786480245)...
2026-08-24 04:36:04 +0000 - dagster - INFO - __ASSET_JOB - 04d78ca5-82d5-40a7-9417-55a9800f7320 - hackernews - Making GET request to https://hn.algolia.com/api/v1/search_by_date?numericFilters=created_at_i%3E%3D1786476645%2Ccreated_at_i%3C1786480245&hitsPerPage=1000
2026-08-24 04:36:05 +0000 - dagster - INFO - __ASSET_JOB - 04d78ca5-82d5-40a7-9417-55a9800f7320 - hackernews - Retrieved 682 items in this window.
2026-08-24 04:36:05 +0000 - dagster - INFO - __ASSET_JOB - 04d78ca5-82d5-40a7-9417-55a9800f7320 - hackernews - Querying time window: 2026-08-11 20:30:45 to 2026-08-11 21:30:45 (1786480245 to 1786483845)...
2026-08-24 04:36:05 +0000 - dagster - INFO - __ASSET_JOB - 04d78ca5-82d5-40a7-9417-55a9800f7320 - hackernews - Making GET request to https://hn.algolia.com/api/v1/search_by_date?numericFilters=created_at_i%3E%3D1786480245%2Ccreated_at_i%3C1786483845&hitsPerPage=1000
2026-08-24 04:36:05 +0000 - dagster - INFO - __ASSET_JOB - 04d78ca5-82d5-40a7-9417-55a9800f7320 - hackernews - Retrieved 683 items in this window.
2026-08-24 04:36:05 +0000 - dagster - INFO - __ASSET_JOB - 04d78ca5-82d5-40a7-9417-55a9800f7320 - hackernews - Querying time window: 2026-08-11 21:30:45 to 2026-08-11 22:30:45 (1786483845 to 1786487445)...
2026-08-24 04:36:05 +0000 - dagster - INFO - __ASSET_JOB - 04d78ca5-82d5-40a7-9417-55a9800f7320 - hackernews - Making GET request to https://hn.algolia.com/api/v1/search_by_date?numericFilters=created_at_i%3E%3D1786483845%2Ccreated_at_i%3C1786487445&hitsPerPage=1000
2026-08-24 04:36:05 +0000 - dagster - INFO - __ASSET_JOB - 04d78ca5-82d5-40a7-9417-55a9800f7320 - hackernews - Retrieved 536 items in this window.
2026-08-24 04:36:06 +0000 - dagster - INFO - __ASSET_JOB - 04d78ca5-82d5-40a7-9417-55a9800f7320 - hackernews - Querying time window: 2026-08-11 22:30:45 to 2026-08-11 23:30:45 (1786487445 to 1786491045)...
2026-08-24 04:36:06 +0000 - dagster - INFO - __ASSET_JOB - 04d78ca5-82d5-40a7-9417-55a9800f7320 - hackernews - Making GET request to https://hn.algolia.com/api/v1/search_by_date?numericFilters=created_at_i%3E%3D1786487445%2Ccreated_at_i%3C1786491045&hitsPerPage=1000
2026-08-24 04:36:06 +0000 - dagster - INFO - __ASSET_JOB - 04d78ca5-82d5-40a7-9417-55a9800f7320 - hackernews - Retrieved 474 items in this window.
2026-08-24 04:36:06 +0000 - dagster - INFO - __ASSET_JOB - 04d78ca5-82d5-40a7-9417-55a9800f7320 - hackernews - Querying time window: 2026-08-11 23:30:45 to 2026-08-12 00:30:45 (1786491045 to 1786494645)...
2026-08-24 04:36:06 +0000 - dagster - INFO - __ASSET_JOB - 04d78ca5-82d5-40a7-9417-55a9800f7320 - hackernews - Making GET request to https://hn.algolia.com/api/v1/search_by_date?numericFilters=created_at_i%3E%3D1786491045%2Ccreated_at_i%3C1786494645&hitsPerPage=1000
2026-08-24 04:36:06 +0000 - dagster - INFO - __ASSET_JOB - 04d78ca5-82d5-40a7-9417-55a9800f7320 - hackernews - Retrieved 405 items in this window.
2026-08-24 04:36:06 +0000 - dagster - INFO - __ASSET_JOB - 04d78ca5-82d5-40a7-9417-55a9800f7320 - hackernews - Querying time window: 2026-08-12 00:30:45 to 2026-08-12 01:30:45 (1786494645 to 1786498245)...
2026-08-24 04:36:06 +0000 - dagster - INFO - __ASSET_JOB - 04d78ca5-82d5-40a7-9417-55a9800f7320 - hackernews - Making GET request to https://hn.algolia.com/api/v1/search_by_date?numericFilters=created_at_i%3E%3D1786494645%2Ccreated_at_i%3C1786498245&hitsPerPage=1000
2026-08-24 04:36:07 +0000 - dagster - INFO - __ASSET_JOB - 04d78ca5-82d5-40a7-9417-55a9800f7320 - hackernews - Retrieved 412 items in this window.
2026-08-24 04:36:07 +0000 - dagster - INFO - __ASSET_JOB - 04d78ca5-82d5-40a7-9417-55a9800f7320 - hackernews - Querying time window: 2026-08-12 01:30:45 to 2026-08-12 02:30:45 (1786498245 to 1786501845)...
2026-08-24 04:36:07 +0000 - dagster - INFO - __ASSET_JOB - 04d78ca5-82d5-40a7-9417-55a9800f7320 - hackernews - Making GET request to https://hn.algolia.com/api/v1/search_by_date?numericFilters=created_at_i%3E%3D1786498245%2Ccreated_at_i%3C1786501845&hitsPerPage=1000
2026-08-24 04:36:07 +0000 - dagster - INFO - __ASSET_JOB - 04d78ca5-82d5-40a7-9417-55a9800f7320 - hackernews - Retrieved 320 items in this window.
2026-08-24 04:36:07 +0000 - dagster - INFO - __ASSET_JOB - 04d78ca5-82d5-40a7-9417-55a9800f7320 - hackernews - Querying time window: 2026-08-12 02:30:45 to 2026-08-12 03:30:45 (1786501845 to 1786505445)...
2026-08-24 04:36:07 +0000 - dagster - INFO - __ASSET_JOB - 04d78ca5-82d5-40a7-9417-55a9800f7320 - hackernews - Making GET request to https://hn.algolia.com/api/v1/search_by_date?numericFilters=created_at_i%3E%3D1786501845%2Ccreated_at_i%3C1786505445&hitsPerPage=1000
2026-08-24 04:36:08 +0000 - dagster - INFO - __ASSET_JOB - 04d78ca5-82d5-40a7-9417-55a9800f7320 - hackernews - Retrieved 311 items in this window.
2026-08-24 04:36:08 +0000 - dagster - INFO - __ASSET_JOB - 04d78ca5-82d5-40a7-9417-55a9800f7320 - hackernews - Querying time window: 2026-08-12 03:30:45 to 2026-08-12 04:30:45 (1786505445 to 1786509045)...
2026-08-24 04:36:08 +0000 - dagster - INFO - __ASSET_JOB - 04d78ca5-82d5-40a7-9417-55a9800f7320 - hackernews - Making GET request to https://hn.algolia.com/api/v1/search_by_date?numericFilters=created_at_i%3E%3D1786505445%2Ccreated_at_i%3C1786509045&hitsPerPage=1000
2026-08-24 04:36:08 +0000 - dagster - INFO - __ASSET_JOB - 04d78ca5-82d5-40a7-9417-55a9800f7320 - hackernews - Retrieved 256 items in this window.
2026-08-24 04:36:08 +0000 - dagster - INFO - __ASSET_JOB - 04d78ca5-82d5-40a7-9417-55a9800f7320 - hackernews - Querying time window: 2026-08-12 04:30:45 to 2026-08-12 05:30:45 (1786509045 to 1786512645)...
2026-08-24 04:36:08 +0000 - dagster - INFO - __ASSET_JOB - 04d78ca5-82d5-40a7-9417-55a9800f7320 - hackernews - Making GET request to https://hn.algolia.com/api/v1/search_by_date?numericFilters=created_at_i%3E%3D1786509045%2Ccreated_at_i%3C1786512645&hitsPerPage=1000
2026-08-24 04:36:08 +0000 - dagster - INFO - __ASSET_JOB - 04d78ca5-82d5-40a7-9417-55a9800f7320 - hackernews - Retrieved 291 items in this window.
2026-08-24 04:36:08 +0000 - dagster - INFO - __ASSET_JOB - 04d78ca5-82d5-40a7-9417-55a9800f7320 - hackernews - Querying time window: 2026-08-12 05:30:45 to 2026-08-12 06:30:45 (1786512645 to 1786516245)...
2026-08-24 04:36:08 +0000 - dagster - INFO - __ASSET_JOB - 04d78ca5-82d5-40a7-9417-55a9800f7320 - hackernews - Making GET request to https://hn.algolia.com/api/v1/search_by_date?numericFilters=created_at_i%3E%3D1786512645%2Ccreated_at_i%3C1786516245&hitsPerPage=1000
2026-08-24 04:36:09 +0000 - dagster - INFO - __ASSET_JOB - 04d78ca5-82d5-40a7-9417-55a9800f7320 - hackernews - Retrieved 369 items in this window.
2026-08-24 04:36:09 +0000 - dagster - INFO - __ASSET_JOB - 04d78ca5-82d5-40a7-9417-55a9800f7320 - hackernews - Querying time window: 2026-08-12 06:30:45 to 2026-08-12 07:30:45 (1786516245 to 1786519845)...
2026-08-24 04:36:09 +0000 - dagster - INFO - __ASSET_JOB - 04d78ca5-82d5-40a7-9417-55a9800f7320 - hackernews - Making GET request to https://hn.algolia.com/api/v1/search_by_date?numericFilters=created_at_i%3E%3D1786516245%2Ccreated_at_i%3C1786519845&hitsPerPage=1000
2026-08-24 04:36:09 +0000 - dagster - INFO - __ASSET_JOB - 04d78ca5-82d5-40a7-9417-55a9800f7320 - hackernews - Retrieved 367 items in this window.
2026-08-24 04:36:09 +0000 - dagster - INFO - __ASSET_JOB - 04d78ca5-82d5-40a7-9417-55a9800f7320 - hackernews - Querying time window: 2026-08-12 07:30:45 to 2026-08-12 08:30:45 (1786519845 to 1786523445)...
2026-08-24 04:36:09 +0000 - dagster - INFO - __ASSET_JOB - 04d78ca5-82d5-40a7-9417-55a9800f7320 - hackernews - Making GET request to https://hn.algolia.com/api/v1/search_by_date?numericFilters=created_at_i%3E%3D1786519845%2Ccreated_at_i%3C1786523445&hitsPerPage=1000
2026-08-24 04:36:10 +0000 - dagster - INFO - __ASSET_JOB - 04d78ca5-82d5-40a7-9417-55a9800f7320 - hackernews - Retrieved 346 items in this window.
2026-08-24 04:36:10 +0000 - dagster - INFO - __ASSET_JOB - 04d78ca5-82d5-40a7-9417-55a9800f7320 - hackernews - Querying time window: 2026-08-12 08:30:45 to 2026-08-12 09:30:45 (1786523445 to 1786527045)...
2026-08-24 04:36:10 +0000 - dagster - INFO - __ASSET_JOB - 04d78ca5-82d5-40a7-9417-55a9800f7320 - hackernews - Making GET request to https://hn.algolia.com/api/v1/search_by_date?numericFilters=created_at_i%3E%3D1786523445%2Ccreated_at_i%3C1786527045&hitsPerPage=1000
2026-08-24 04:36:10 +0000 - dagster - INFO - __ASSET_JOB - 04d78ca5-82d5-40a7-9417-55a9800f7320 - hackernews - Retrieved 377 items in this window.
2026-08-24 04:36:10 +0000 - dagster - INFO - __ASSET_JOB - 04d78ca5-82d5-40a7-9417-55a9800f7320 - hackernews - Querying time window: 2026-08-12 09:30:45 to 2026-08-12 10:30:45 (1786527045 to 1786530645)...
2026-08-24 04:36:10 +0000 - dagster - INFO - __ASSET_JOB - 04d78ca5-82d5-40a7-9417-55a9800f7320 - hackernews - Making GET request to https://hn.algolia.com/api/v1/search_by_date?numericFilters=created_at_i%3E%3D1786527045%2Ccreated_at_i%3C1786530645&hitsPerPage=1000
2026-08-24 04:36:11 +0000 - dagster - INFO - __ASSET_JOB - 04d78ca5-82d5-40a7-9417-55a9800f7320 - hackernews - Retrieved 399 items in this window.
2026-08-24 04:36:11 +0000 - dagster - INFO - __ASSET_JOB - 04d78ca5-82d5-40a7-9417-55a9800f7320 - hackernews - Querying time window: 2026-08-12 10:30:45 to 2026-08-12 11:30:45 (1786530645 to 1786534245)...
2026-08-24 04:36:11 +0000 - dagster - INFO - __ASSET_JOB - 04d78ca5-82d5-40a7-9417-55a9800f7320 - hackernews - Making GET request to https://hn.algolia.com/api/v1/search_by_date?numericFilters=created_at_i%3E%3D1786530645%2Ccreated_at_i%3C1786534245&hitsPerPage=1000
2026-08-24 04:36:11 +0000 - dagster - INFO - __ASSET_JOB - 04d78ca5-82d5-40a7-9417-55a9800f7320 - hackernews - Retrieved 435 items in this window.
2026-08-24 04:36:11 +0000 - dagster - INFO - __ASSET_JOB - 04d78ca5-82d5-40a7-9417-55a9800f7320 - hackernews - Querying time window: 2026-08-12 11:30:45 to 2026-08-12 12:30:45 (1786534245 to 1786537845)...
2026-08-24 04:36:11 +0000 - dagster - INFO - __ASSET_JOB - 04d78ca5-82d5-40a7-9417-55a9800f7320 - hackernews - Making GET request to https://hn.algolia.com/api/v1/search_by_date?numericFilters=created_at_i%3E%3D1786534245%2Ccreated_at_i%3C1786537845&hitsPerPage=1000
2026-08-24 04:36:11 +0000 - dagster - INFO - __ASSET_JOB - 04d78ca5-82d5-40a7-9417-55a9800f7320 - hackernews - Retrieved 534 items in this window.
2026-08-24 04:36:11 +0000 - dagster - INFO - __ASSET_JOB - 04d78ca5-82d5-40a7-9417-55a9800f7320 - hackernews - Querying time window: 2026-08-12 12:30:45 to 2026-08-12 13:30:45 (1786537845 to 1786541445)...
2026-08-24 04:36:11 +0000 - dagster - INFO - __ASSET_JOB - 04d78ca5-82d5-40a7-9417-55a9800f7320 - hackernews - Making GET request to https://hn.algolia.com/api/v1/search_by_date?numericFilters=created_at_i%3E%3D1786537845%2Ccreated_at_i%3C1786541445&hitsPerPage=1000
2026-08-24 04:36:12 +0000 - dagster - INFO - __ASSET_JOB - 04d78ca5-82d5-40a7-9417-55a9800f7320 - hackernews - Retrieved 648 items in this window.
2026-08-24 04:36:12 +0000 - dagster - INFO - __ASSET_JOB - 04d78ca5-82d5-40a7-9417-55a9800f7320 - hackernews - Querying time window: 2026-08-12 13:30:45 to 2026-08-12 14:30:45 (1786541445 to 1786545045)...
2026-08-24 04:36:12 +0000 - dagster - INFO - __ASSET_JOB - 04d78ca5-82d5-40a7-9417-55a9800f7320 - hackernews - Making GET request to https://hn.algolia.com/api/v1/search_by_date?numericFilters=created_at_i%3E%3D1786541445%2Ccreated_at_i%3C1786545045&hitsPerPage=1000
2026-08-24 04:36:12 +0000 - dagster - INFO - __ASSET_JOB - 04d78ca5-82d5-40a7-9417-55a9800f7320 - hackernews - Retrieved 733 items in this window.
2026-08-24 04:36:12 +0000 - dagster - INFO - __ASSET_JOB - 04d78ca5-82d5-40a7-9417-55a9800f7320 - hackernews - Querying time window: 2026-08-12 14:30:45 to 2026-08-12 15:30:45 (1786545045 to 1786548645)...
2026-08-24 04:36:12 +0000 - dagster - INFO - __ASSET_JOB - 04d78ca5-82d5-40a7-9417-55a9800f7320 - hackernews - Making GET request to https://hn.algolia.com/api/v1/search_by_date?numericFilters=created_at_i%3E%3D1786545045%2Ccreated_at_i%3C1786548645&hitsPerPage=1000
2026-08-24 04:36:13 +0000 - dagster - INFO - __ASSET_JOB - 04d78ca5-82d5-40a7-9417-55a9800f7320 - hackernews - Retrieved 923 items in this window.
2026-08-24 04:36:13 +0000 - dagster - INFO - __ASSET_JOB - 04d78ca5-82d5-40a7-9417-55a9800f7320 - hackernews - Querying time window: 2026-08-12 15:30:45 to 2026-08-12 16:30:45 (1786548645 to 1786552245)...
2026-08-24 04:36:13 +0000 - dagster - INFO - __ASSET_JOB - 04d78ca5-82d5-40a7-9417-55a9800f7320 - hackernews - Making GET request to https://hn.algolia.com/api/v1/search_by_date?numericFilters=created_at_i%3E%3D1786548645%2Ccreated_at_i%3C1786552245&hitsPerPage=1000
2026-08-24 04:36:14 +0000 - dagster - INFO - __ASSET_JOB - 04d78ca5-82d5-40a7-9417-55a9800f7320 - hackernews - Retrieved 892 items in this window.
2026-08-24 04:36:14 +0000 - dagster - INFO - __ASSET_JOB - 04d78ca5-82d5-40a7-9417-55a9800f7320 - hackernews - Querying time window: 2026-08-12 16:30:45 to 2026-08-12 17:30:45 (1786552245 to 1786555845)...
2026-08-24 04:36:14 +0000 - dagster - INFO - __ASSET_JOB - 04d78ca5-82d5-40a7-9417-55a9800f7320 - hackernews - Making GET request to https://hn.algolia.com/api/v1/search_by_date?numericFilters=created_at_i%3E%3D1786552245%2Ccreated_at_i%3C1786555845&hitsPerPage=1000
2026-08-24 04:36:14 +0000 - dagster - INFO - __ASSET_JOB - 04d78ca5-82d5-40a7-9417-55a9800f7320 - hackernews - Retrieved 837 items in this window.
2026-08-24 04:36:14 +0000 - dagster - INFO - __ASSET_JOB - 04d78ca5-82d5-40a7-9417-55a9800f7320 - hackernews - Querying time window: 2026-08-12 17:30:45 to 2026-08-12 18:30:45 (1786555845 to 1786559445)...
2026-08-24 04:36:14 +0000 - dagster - INFO - __ASSET_JOB - 04d78ca5-82d5-40a7-9417-55a9800f7320 - hackernews - Making GET request to https://hn.algolia.com/api/v1/search_by_date?numericFilters=created_at_i%3E%3D1786555845%2Ccreated_at_i%3C1786559445&hitsPerPage=1000
2026-08-24 04:36:15 +0000 - dagster - INFO - __ASSET_JOB - 04d78ca5-82d5-40a7-9417-55a9800f7320 - hackernews - Retrieved 685 items in this window.
2026-08-24 04:36:15 +0000 - dagster - INFO - __ASSET_JOB - 04d78ca5-82d5-40a7-9417-55a9800f7320 - hackernews - Querying time window: 2026-08-12 18:30:45 to 2026-08-12 19:30:45 (1786559445 to 1786563045)...
2026-08-24 04:36:15 +0000 - dagster - INFO - __ASSET_JOB - 04d78ca5-82d5-40a7-9417-55a9800f7320 - hackernews - Making GET request to https://hn.algolia.com/api/v1/search_by_date?numericFilters=created_at_i%3E%3D1786559445%2Ccreated_at_i%3C1786563045&hitsPerPage=1000
2026-08-24 04:36:15 +0000 - dagster - INFO - __ASSET_JOB - 04d78ca5-82d5-40a7-9417-55a9800f7320 - hackernews - Retrieved 655 items in this window.
2026-08-24 04:36:15 +0000 - dagster - INFO - __ASSET_JOB - 04d78ca5-82d5-40a7-9417-55a9800f7320 - hackernews - Querying time window: 2026-08-12 19:30:45 to 2026-08-12 20:30:45 (1786563045 to 1786566645)...
2026-08-24 04:36:15 +0000 - dagster - INFO - __ASSET_JOB - 04d78ca5-82d5-40a7-9417-55a9800f7320 - hackernews - Making GET request to https://hn.algolia.com/api/v1/search_by_date?numericFilters=created_at_i%3E%3D1786563045%2Ccreated_at_i%3C1786566645&hitsPerPage=1000
2026-08-24 04:36:15 +0000 - dagster - INFO - __ASSET_JOB - 04d78ca5-82d5-40a7-9417-55a9800f7320 - hackernews - Retrieved 603 items in this window.
2026-08-24 04:36:15 +0000 - dagster - INFO - __ASSET_JOB - 04d78ca5-82d5-40a7-9417-55a9800f7320 - hackernews - Querying time window: 2026-08-12 20:30:45 to 2026-08-12 21:30:45 (1786566645 to 1786570245)...
2026-08-24 04:36:15 +0000 - dagster - INFO - __ASSET_JOB - 04d78ca5-82d5-40a7-9417-55a9800f7320 - hackernews - Making GET request to https://hn.algolia.com/api/v1/search_by_date?numericFilters=created_at_i%3E%3D1786566645%2Ccreated_at_i%3C1786570245&hitsPerPage=1000
2026-08-24 04:36:16 +0000 - dagster - INFO - __ASSET_JOB - 04d78ca5-82d5-40a7-9417-55a9800f7320 - hackernews - Retrieved 633 items in this window.
2026-08-24 04:36:16 +0000 - dagster - INFO - __ASSET_JOB - 04d78ca5-82d5-40a7-9417-55a9800f7320 - hackernews - Querying time window: 2026-08-12 21:30:45 to 2026-08-12 22:30:45 (1786570245 to 1786573845)...
2026-08-24 04:36:16 +0000 - dagster - INFO - __ASSET_JOB - 04d78ca5-82d5-40a7-9417-55a9800f7320 - hackernews - Making GET request to https://hn.algolia.com/api/v1/search_by_date?numericFilters=created_at_i%3E%3D1786570245%2Ccreated_at_i%3C1786573845&hitsPerPage=1000
2026-08-24 04:36:16 +0000 - dagster - INFO - __ASSET_JOB - 04d78ca5-82d5-40a7-9417-55a9800f7320 - hackernews - Retrieved 582 items in this window.
2026-08-24 04:36:16 +0000 - dagster - INFO - __ASSET_JOB - 04d78ca5-82d5-40a7-9417-55a9800f7320 - hackernews - Querying time window: 2026-08-12 22:30:45 to 2026-08-12 23:30:45 (1786573845 to 1786577445)...
2026-08-24 04:36:16 +0000 - dagster - INFO - __ASSET_JOB - 04d78ca5-82d5-40a7-9417-55a9800f7320 - hackernews - Making GET request to https://hn.algolia.com/api/v1/search_by_date?numericFilters=created_at_i%3E%3D1786573845%2Ccreated_at_i%3C1786577445&hitsPerPage=1000
2026-08-24 04:36:17 +0000 - dagster - INFO - __ASSET_JOB - 04d78ca5-82d5-40a7-9417-55a9800f7320 - hackernews - Retrieved 435 items in this window.
2026-08-24 04:36:17 +0000 - dagster - INFO - __ASSET_JOB - 04d78ca5-82d5-40a7-9417-55a9800f7320 - hackernews - Querying time window: 2026-08-12 23:30:45 to 2026-08-13 00:30:45 (1786577445 to 1786581045)...
2026-08-24 04:36:17 +0000 - dagster - INFO - __ASSET_JOB - 04d78ca5-82d5-40a7-9417-55a9800f7320 - hackernews - Making GET request to https://hn.algolia.com/api/v1/search_by_date?numericFilters=created_at_i%3E%3D1786577445%2Ccreated_at_i%3C1786581045&hitsPerPage=1000
2026-08-24 04:36:17 +0000 - dagster - INFO - __ASSET_JOB - 04d78ca5-82d5-40a7-9417-55a9800f7320 - hackernews - Retrieved 389 items in this window.
2026-08-24 04:36:17 +0000 - dagster - INFO - __ASSET_JOB - 04d78ca5-82d5-40a7-9417-55a9800f7320 - hackernews - Querying time window: 2026-08-13 00:30:45 to 2026-08-13 01:30:45 (1786581045 to 1786584645)...
2026-08-24 04:36:17 +0000 - dagster - INFO - __ASSET_JOB - 04d78ca5-82d5-40a7-9417-55a9800f7320 - hackernews - Making GET request to https://hn.algolia.com/api/v1/search_by_date?numericFilters=created_at_i%3E%3D1786581045%2Ccreated_at_i%3C1786584645&hitsPerPage=1000
2026-08-24 04:36:18 +0000 - dagster - INFO - __ASSET_JOB - 04d78ca5-82d5-40a7-9417-55a9800f7320 - hackernews - Retrieved 387 items in this window.
2026-08-24 04:36:18 +0000 - dagster - INFO - __ASSET_JOB - 04d78ca5-82d5-40a7-9417-55a9800f7320 - hackernews - Querying time window: 2026-08-13 01:30:45 to 2026-08-13 02:30:45 (1786584645 to 1786588245)...
2026-08-24 04:36:18 +0000 - dagster - INFO - __ASSET_JOB - 04d78ca5-82d5-40a7-9417-55a9800f7320 - hackernews - Making GET request to https://hn.algolia.com/api/v1/search_by_date?numericFilters=created_at_i%3E%3D1786584645%2Ccreated_at_i%3C1786588245&hitsPerPage=1000
2026-08-24 04:36:18 +0000 - dagster - INFO - __ASSET_JOB - 04d78ca5-82d5-40a7-9417-55a9800f7320 - hackernews - Retrieved 312 items in this window.
2026-08-24 04:36:18 +0000 - dagster - INFO - __ASSET_JOB - 04d78ca5-82d5-40a7-9417-55a9800f7320 - hackernews - Querying time window: 2026-08-13 02:30:45 to 2026-08-13 03:30:45 (1786588245 to 1786591845)...
2026-08-24 04:36:18 +0000 - dagster - INFO - __ASSET_JOB - 04d78ca5-82d5-40a7-9417-55a9800f7320 - hackernews - Making GET request to https://hn.algolia.com/api/v1/search_by_date?numericFilters=created_at_i%3E%3D1786588245%2Ccreated_at_i%3C1786591845&hitsPerPage=1000
2026-08-24 04:36:18 +0000 - dagster - INFO - __ASSET_JOB - 04d78ca5-82d5-40a7-9417-55a9800f7320 - hackernews - Retrieved 260 items in this window.
2026-08-24 04:36:18 +0000 - dagster - INFO - __ASSET_JOB - 04d78ca5-82d5-40a7-9417-55a9800f7320 - hackernews - Querying time window: 2026-08-13 03:30:45 to 2026-08-13 04:30:45 (1786591845 to 1786595445)...
2026-08-24 04:36:18 +0000 - dagster - INFO - __ASSET_JOB - 04d78ca5-82d5-40a7-9417-55a9800f7320 - hackernews - Making GET request to https://hn.algolia.com/api/v1/search_by_date?numericFilters=created_at_i%3E%3D1786591845%2Ccreated_at_i%3C1786595445&hitsPerPage=1000
2026-08-24 04:36:19 +0000 - dagster - INFO - __ASSET_JOB - 04d78ca5-82d5-40a7-9417-55a9800f7320 - hackernews - Retrieved 302 items in this window.
2026-08-24 04:36:19 +0000 - dagster - INFO - __ASSET_JOB - 04d78ca5-82d5-40a7-9417-55a9800f7320 - hackernews - Querying time window: 2026-08-13 04:30:45 to 2026-08-13 05:30:45 (1786595445 to 1786599045)...
2026-08-24 04:36:19 +0000 - dagster - INFO - __ASSET_JOB - 04d78ca5-82d5-40a7-9417-55a9800f7320 - hackernews - Making GET request to https://hn.algolia.com/api/v1/search_by_date?numericFilters=created_at_i%3E%3D1786595445%2Ccreated_at_i%3C1786599045&hitsPerPage=1000
2026-08-24 04:36:19 +0000 - dagster - INFO - __ASSET_JOB - 04d78ca5-82d5-40a7-9417-55a9800f7320 - hackernews - Retrieved 253 items in this window.
2026-08-24 04:36:19 +0000 - dagster - INFO - __ASSET_JOB - 04d78ca5-82d5-40a7-9417-55a9800f7320 - hackernews - Querying time window: 2026-08-13 05:30:45 to 2026-08-13 06:30:45 (1786599045 to 1786602645)...
2026-08-24 04:36:19 +0000 - dagster - INFO - __ASSET_JOB - 04d78ca5-82d5-40a7-9417-55a9800f7320 - hackernews - Making GET request to https://hn.algolia.com/api/v1/search_by_date?numericFilters=created_at_i%3E%3D1786599045%2Ccreated_at_i%3C1786602645&hitsPerPage=1000
2026-08-24 04:36:19 +0000 - dagster - INFO - __ASSET_JOB - 04d78ca5-82d5-40a7-9417-55a9800f7320 - hackernews - Retrieved 301 items in this window.
2026-08-24 04:36:19 +0000 - dagster - INFO - __ASSET_JOB - 04d78ca5-82d5-40a7-9417-55a9800f7320 - hackernews - Querying time window: 2026-08-13 06:30:45 to 2026-08-13 07:30:45 (1786602645 to 1786606245)...
2026-08-24 04:36:19 +0000 - dagster - INFO - __ASSET_JOB - 04d78ca5-82d5-40a7-9417-55a9800f7320 - hackernews - Making GET request to https://hn.algolia.com/api/v1/search_by_date?numericFilters=created_at_i%3E%3D1786602645%2Ccreated_at_i%3C1786606245&hitsPerPage=1000
2026-08-24 04:36:20 +0000 - dagster - INFO - __ASSET_JOB - 04d78ca5-82d5-40a7-9417-55a9800f7320 - hackernews - Retrieved 312 items in this window.
2026-08-24 04:36:20 +0000 - dagster - INFO - __ASSET_JOB - 04d78ca5-82d5-40a7-9417-55a9800f7320 - hackernews - Querying time window: 2026-08-13 07:30:45 to 2026-08-13 08:30:45 (1786606245 to 1786609845)...
2026-08-24 04:36:20 +0000 - dagster - INFO - __ASSET_JOB - 04d78ca5-82d5-40a7-9417-55a9800f7320 - hackernews - Making GET request to https://hn.algolia.com/api/v1/search_by_date?numericFilters=created_at_i%3E%3D1786606245%2Ccreated_at_i%3C1786609845&hitsPerPage=1000
2026-08-24 04:36:20 +0000 - dagster - INFO - __ASSET_JOB - 04d78ca5-82d5-40a7-9417-55a9800f7320 - hackernews - Retrieved 327 items in this window.
2026-08-24 04:36:21 +0000 - dagster - INFO - __ASSET_JOB - 04d78ca5-82d5-40a7-9417-55a9800f7320 - hackernews - Querying time window: 2026-08-13 08:30:45 to 2026-08-13 09:30:45 (1786609845 to 1786613445)...
2026-08-24 04:36:21 +0000 - dagster - INFO - __ASSET_JOB - 04d78ca5-82d5-40a7-9417-55a9800f7320 - hackernews - Making GET request to https://hn.algolia.com/api/v1/search_by_date?numericFilters=created_at_i%3E%3D1786609845%2Ccreated_at_i%3C1786613445&hitsPerPage=1000
2026-08-24 04:36:21 +0000 - dagster - INFO - __ASSET_JOB - 04d78ca5-82d5-40a7-9417-55a9800f7320 - hackernews - Retrieved 348 items in this window.
2026-08-24 04:36:21 +0000 - dagster - INFO - __ASSET_JOB - 04d78ca5-82d5-40a7-9417-55a9800f7320 - hackernews - Querying time window: 2026-08-13 09:30:45 to 2026-08-13 10:30:45 (1786613445 to 1786617045)...
2026-08-24 04:36:21 +0000 - dagster - INFO - __ASSET_JOB - 04d78ca5-82d5-40a7-9417-55a9800f7320 - hackernews - Making GET request to https://hn.algolia.com/api/v1/search_by_date?numericFilters=created_at_i%3E%3D1786613445%2Ccreated_at_i%3C1786617045&hitsPerPage=1000
2026-08-24 04:36:21 +0000 - dagster - INFO - __ASSET_JOB - 04d78ca5-82d5-40a7-9417-55a9800f7320 - hackernews - Retrieved 363 items in this window.
2026-08-24 04:36:21 +0000 - dagster - INFO - __ASSET_JOB - 04d78ca5-82d5-40a7-9417-55a9800f7320 - hackernews - Querying time window: 2026-08-13 10:30:45 to 2026-08-13 11:30:45 (1786617045 to 1786620645)...
2026-08-24 04:36:21 +0000 - dagster - INFO - __ASSET_JOB - 04d78ca5-82d5-40a7-9417-55a9800f7320 - hackernews - Making GET request to https://hn.algolia.com/api/v1/search_by_date?numericFilters=created_at_i%3E%3D1786617045%2Ccreated_at_i%3C1786620645&hitsPerPage=1000
2026-08-24 04:36:22 +0000 - dagster - INFO - __ASSET_JOB - 04d78ca5-82d5-40a7-9417-55a9800f7320 - hackernews - Retrieved 409 items in this window.
2026-08-24 04:36:22 +0000 - dagster - INFO - __ASSET_JOB - 04d78ca5-82d5-40a7-9417-55a9800f7320 - hackernews - Querying time window: 2026-08-13 11:30:45 to 2026-08-13 12:30:45 (1786620645 to 1786624245)...
2026-08-24 04:36:22 +0000 - dagster - INFO - __ASSET_JOB - 04d78ca5-82d5-40a7-9417-55a9800f7320 - hackernews - Making GET request to https://hn.algolia.com/api/v1/search_by_date?numericFilters=created_at_i%3E%3D1786620645%2Ccreated_at_i%3C1786624245&hitsPerPage=1000
2026-08-24 04:36:22 +0000 - dagster - INFO - __ASSET_JOB - 04d78ca5-82d5-40a7-9417-55a9800f7320 - hackernews - Retrieved 448 items in this window.
2026-08-24 04:36:22 +0000 - dagster - INFO - __ASSET_JOB - 04d78ca5-82d5-40a7-9417-55a9800f7320 - hackernews - Querying time window: 2026-08-13 12:30:45 to 2026-08-13 13:30:45 (1786624245 to 1786627845)...
2026-08-24 04:36:22 +0000 - dagster - INFO - __ASSET_JOB - 04d78ca5-82d5-40a7-9417-55a9800f7320 - hackernews - Making GET request to https://hn.algolia.com/api/v1/search_by_date?numericFilters=created_at_i%3E%3D1786624245%2Ccreated_at_i%3C1786627845&hitsPerPage=1000
2026-08-24 04:36:22 +0000 - dagster - INFO - __ASSET_JOB - 04d78ca5-82d5-40a7-9417-55a9800f7320 - hackernews - Retrieved 612 items in this window.
2026-08-24 04:36:23 +0000 - dagster - INFO - __ASSET_JOB - 04d78ca5-82d5-40a7-9417-55a9800f7320 - hackernews - Querying time window: 2026-08-13 13:30:45 to 2026-08-13 14:30:45 (1786627845 to 1786631445)...
2026-08-24 04:36:23 +0000 - dagster - INFO - __ASSET_JOB - 04d78ca5-82d5-40a7-9417-55a9800f7320 - hackernews - Making GET request to https://hn.algolia.com/api/v1/search_by_date?numericFilters=created_at_i%3E%3D1786627845%2Ccreated_at_i%3C1786631445&hitsPerPage=1000
2026-08-24 04:36:23 +0000 - dagster - INFO - __ASSET_JOB - 04d78ca5-82d5-40a7-9417-55a9800f7320 - hackernews - Retrieved 809 items in this window.
2026-08-24 04:36:23 +0000 - dagster - INFO - __ASSET_JOB - 04d78ca5-82d5-40a7-9417-55a9800f7320 - hackernews - Querying time window: 2026-08-13 14:30:45 to 2026-08-13 15:30:45 (1786631445 to 1786635045)...
2026-08-24 04:36:23 +0000 - dagster - INFO - __ASSET_JOB - 04d78ca5-82d5-40a7-9417-55a9800f7320 - hackernews - Making GET request to https://hn.algolia.com/api/v1/search_by_date?numericFilters=created_at_i%3E%3D1786631445%2Ccreated_at_i%3C1786635045&hitsPerPage=1000
2026-08-24 04:36:24 +0000 - dagster - INFO - __ASSET_JOB - 04d78ca5-82d5-40a7-9417-55a9800f7320 - hackernews - Retrieved 858 items in this window.
2026-08-24 04:36:24 +0000 - dagster - INFO - __ASSET_JOB - 04d78ca5-82d5-40a7-9417-55a9800f7320 - hackernews - Querying time window: 2026-08-13 15:30:45 to 2026-08-13 16:30:45 (1786635045 to 1786638645)...
2026-08-24 04:36:24 +0000 - dagster - INFO - __ASSET_JOB - 04d78ca5-82d5-40a7-9417-55a9800f7320 - hackernews - Making GET request to https://hn.algolia.com/api/v1/search_by_date?numericFilters=created_at_i%3E%3D1786635045%2Ccreated_at_i%3C1786638645&hitsPerPage=1000
2026-08-24 04:36:24 +0000 - dagster - INFO - __ASSET_JOB - 04d78ca5-82d5-40a7-9417-55a9800f7320 - hackernews - Retrieved 839 items in this window.
2026-08-24 04:36:24 +0000 - dagster - INFO - __ASSET_JOB - 04d78ca5-82d5-40a7-9417-55a9800f7320 - hackernews - Querying time window: 2026-08-13 16:30:45 to 2026-08-13 17:30:45 (1786638645 to 1786642245)...
2026-08-24 04:36:24 +0000 - dagster - INFO - __ASSET_JOB - 04d78ca5-82d5-40a7-9417-55a9800f7320 - hackernews - Making GET request to https://hn.algolia.com/api/v1/search_by_date?numericFilters=created_at_i%3E%3D1786638645%2Ccreated_at_i%3C1786642245&hitsPerPage=1000
2026-08-24 04:36:25 +0000 - dagster - INFO - __ASSET_JOB - 04d78ca5-82d5-40a7-9417-55a9800f7320 - hackernews - Retrieved 709 items in this window.
2026-08-24 04:36:25 +0000 - dagster - INFO - __ASSET_JOB - 04d78ca5-82d5-40a7-9417-55a9800f7320 - hackernews - Querying time window: 2026-08-13 17:30:45 to 2026-08-13 18:30:45 (1786642245 to 1786645845)...
2026-08-24 04:36:25 +0000 - dagster - INFO - __ASSET_JOB - 04d78ca5-82d5-40a7-9417-55a9800f7320 - hackernews - Making GET request to https://hn.algolia.com/api/v1/search_by_date?numericFilters=created_at_i%3E%3D1786642245%2Ccreated_at_i%3C1786645845&hitsPerPage=1000
2026-08-24 04:36:25 +0000 - dagster - INFO - __ASSET_JOB - 04d78ca5-82d5-40a7-9417-55a9800f7320 - hackernews - Retrieved 768 items in this window.
2026-08-24 04:36:25 +0000 - dagster - INFO - __ASSET_JOB - 04d78ca5-82d5-40a7-9417-55a9800f7320 - hackernews - Querying time window: 2026-08-13 18:30:45 to 2026-08-13 19:30:45 (1786645845 to 1786649445)...
2026-08-24 04:36:25 +0000 - dagster - INFO - __ASSET_JOB - 04d78ca5-82d5-40a7-9417-55a9800f7320 - hackernews - Making GET request to https://hn.algolia.com/api/v1/search_by_date?numericFilters=created_at_i%3E%3D1786645845%2Ccreated_at_i%3C1786649445&hitsPerPage=1000
2026-08-24 04:36:25 +0000 - dagster - INFO - __ASSET_JOB - 04d78ca5-82d5-40a7-9417-55a9800f7320 - hackernews - Retrieved 661 items in this window.
2026-08-24 04:36:26 +0000 - dagster - INFO - __ASSET_JOB - 04d78ca5-82d5-40a7-9417-55a9800f7320 - hackernews - Querying time window: 2026-08-13 19:30:45 to 2026-08-13 20:30:45 (1786649445 to 1786653045)...
2026-08-24 04:36:26 +0000 - dagster - INFO - __ASSET_JOB - 04d78ca5-82d5-40a7-9417-55a9800f7320 - hackernews - Making GET request to https://hn.algolia.com/api/v1/search_by_date?numericFilters=created_at_i%3E%3D1786649445%2Ccreated_at_i%3C1786653045&hitsPerPage=1000
2026-08-24 04:36:26 +0000 - dagster - INFO - __ASSET_JOB - 04d78ca5-82d5-40a7-9417-55a9800f7320 - hackernews - Retrieved 556 items in this window.
2026-08-24 04:36:26 +0000 - dagster - INFO - __ASSET_JOB - 04d78ca5-82d5-40a7-9417-55a9800f7320 - hackernews - Querying time window: 2026-08-13 20:30:45 to 2026-08-13 21:30:45 (1786653045 to 1786656645)...
2026-08-24 04:36:26 +0000 - dagster - INFO - __ASSET_JOB - 04d78ca5-82d5-40a7-9417-55a9800f7320 - hackernews - Making GET request to https://hn.algolia.com/api/v1/search_by_date?numericFilters=created_at_i%3E%3D1786653045%2Ccreated_at_i%3C1786656645&hitsPerPage=1000
2026-08-24 04:36:27 +0000 - dagster - INFO - __ASSET_JOB - 04d78ca5-82d5-40a7-9417-55a9800f7320 - hackernews - Retrieved 614 items in this window.
2026-08-24 04:36:27 +0000 - dagster - INFO - __ASSET_JOB - 04d78ca5-82d5-40a7-9417-55a9800f7320 - hackernews - Querying time window: 2026-08-13 21:30:45 to 2026-08-13 22:30:45 (1786656645 to 1786660245)...
2026-08-24 04:36:27 +0000 - dagster - INFO - __ASSET_JOB - 04d78ca5-82d5-40a7-9417-55a9800f7320 - hackernews - Making GET request to https://hn.algolia.com/api/v1/search_by_date?numericFilters=created_at_i%3E%3D1786656645%2Ccreated_at_i%3C1786660245&hitsPerPage=1000
2026-08-24 04:36:27 +0000 - dagster - INFO - __ASSET_JOB - 04d78ca5-82d5-40a7-9417-55a9800f7320 - hackernews - Retrieved 449 items in this window.
2026-08-24 04:36:27 +0000 - dagster - INFO - __ASSET_JOB - 04d78ca5-82d5-40a7-9417-55a9800f7320 - hackernews - Querying time window: 2026-08-13 22:30:45 to 2026-08-13 23:30:45 (1786660245 to 1786663845)...
2026-08-24 04:36:27 +0000 - dagster - INFO - __ASSET_JOB - 04d78ca5-82d5-40a7-9417-55a9800f7320 - hackernews - Making GET request to https://hn.algolia.com/api/v1/search_by_date?numericFilters=created_at_i%3E%3D1786660245%2Ccreated_at_i%3C1786663845&hitsPerPage=1000
2026-08-24 04:36:27 +0000 - dagster - INFO - __ASSET_JOB - 04d78ca5-82d5-40a7-9417-55a9800f7320 - hackernews - Retrieved 365 items in this window.
2026-08-24 04:36:27 +0000 - dagster - INFO - __ASSET_JOB - 04d78ca5-82d5-40a7-9417-55a9800f7320 - hackernews - Querying time window: 2026-08-13 23:30:45 to 2026-08-14 00:30:45 (1786663845 to 1786667445)...
2026-08-24 04:36:27 +0000 - dagster - INFO - __ASSET_JOB - 04d78ca5-82d5-40a7-9417-55a9800f7320 - hackernews - Making GET request to https://hn.algolia.com/api/v1/search_by_date?numericFilters=created_at_i%3E%3D1786663845%2Ccreated_at_i%3C1786667445&hitsPerPage=1000
2026-08-24 04:36:28 +0000 - dagster - INFO - __ASSET_JOB - 04d78ca5-82d5-40a7-9417-55a9800f7320 - hackernews - Retrieved 378 items in this window.
2026-08-24 04:36:28 +0000 - dagster - INFO - __ASSET_JOB - 04d78ca5-82d5-40a7-9417-55a9800f7320 - hackernews - Querying time window: 2026-08-14 00:30:45 to 2026-08-14 01:30:45 (1786667445 to 1786671045)...
2026-08-24 04:36:28 +0000 - dagster - INFO - __ASSET_JOB - 04d78ca5-82d5-40a7-9417-55a9800f7320 - hackernews - Making GET request to https://hn.algolia.com/api/v1/search_by_date?numericFilters=created_at_i%3E%3D1786667445%2Ccreated_at_i%3C1786671045&hitsPerPage=1000
2026-08-24 04:36:28 +0000 - dagster - INFO - __ASSET_JOB - 04d78ca5-82d5-40a7-9417-55a9800f7320 - hackernews - Retrieved 324 items in this window.
2026-08-24 04:36:28 +0000 - dagster - INFO - __ASSET_JOB - 04d78ca5-82d5-40a7-9417-55a9800f7320 - hackernews - Querying time window: 2026-08-14 01:30:45 to 2026-08-14 02:30:45 (1786671045 to 1786674645)...
2026-08-24 04:36:28 +0000 - dagster - INFO - __ASSET_JOB - 04d78ca5-82d5-40a7-9417-55a9800f7320 - hackernews - Making GET request to https://hn.algolia.com/api/v1/search_by_date?numericFilters=created_at_i%3E%3D1786671045%2Ccreated_at_i%3C1786674645&hitsPerPage=1000
2026-08-24 04:36:29 +0000 - dagster - INFO - __ASSET_JOB - 04d78ca5-82d5-40a7-9417-55a9800f7320 - hackernews - Retrieved 314 items in this window.
2026-08-24 04:36:29 +0000 - dagster - INFO - __ASSET_JOB - 04d78ca5-82d5-40a7-9417-55a9800f7320 - hackernews - Querying time window: 2026-08-14 02:30:45 to 2026-08-14 03:30:45 (1786674645 to 1786678245)...
2026-08-24 04:36:29 +0000 - dagster - INFO - __ASSET_JOB - 04d78ca5-82d5-40a7-9417-55a9800f7320 - hackernews - Making GET request to https://hn.algolia.com/api/v1/search_by_date?numericFilters=created_at_i%3E%3D1786674645%2Ccreated_at_i%3C1786678245&hitsPerPage=1000
2026-08-24 04:36:29 +0000 - dagster - INFO - __ASSET_JOB - 04d78ca5-82d5-40a7-9417-55a9800f7320 - hackernews - Retrieved 267 items in this window.
2026-08-24 04:36:29 +0000 - dagster - INFO - __ASSET_JOB - 04d78ca5-82d5-40a7-9417-55a9800f7320 - hackernews - Querying time window: 2026-08-14 03:30:45 to 2026-08-14 04:30:45 (1786678245 to 1786681845)...
2026-08-24 04:36:29 +0000 - dagster - INFO - __ASSET_JOB - 04d78ca5-82d5-40a7-9417-55a9800f7320 - hackernews - Making GET request to https://hn.algolia.com/api/v1/search_by_date?numericFilters=created_at_i%3E%3D1786678245%2Ccreated_at_i%3C1786681845&hitsPerPage=1000
2026-08-24 04:36:29 +0000 - dagster - INFO - __ASSET_JOB - 04d78ca5-82d5-40a7-9417-55a9800f7320 - hackernews - Retrieved 251 items in this window.
2026-08-24 04:36:29 +0000 - dagster - INFO - __ASSET_JOB - 04d78ca5-82d5-40a7-9417-55a9800f7320 - hackernews - Querying time window: 2026-08-14 04:30:45 to 2026-08-14 05:30:45 (1786681845 to 1786685445)...
2026-08-24 04:36:29 +0000 - dagster - INFO - __ASSET_JOB - 04d78ca5-82d5-40a7-9417-55a9800f7320 - hackernews - Making GET request to https://hn.algolia.com/api/v1/search_by_date?numericFilters=created_at_i%3E%3D1786681845%2Ccreated_at_i%3C1786685445&hitsPerPage=1000
2026-08-24 04:36:30 +0000 - dagster - INFO - __ASSET_JOB - 04d78ca5-82d5-40a7-9417-55a9800f7320 - hackernews - Retrieved 240 items in this window.
2026-08-24 04:36:30 +0000 - dagster - INFO - __ASSET_JOB - 04d78ca5-82d5-40a7-9417-55a9800f7320 - hackernews - Querying time window: 2026-08-14 05:30:45 to 2026-08-14 06:30:45 (1786685445 to 1786689045)...
2026-08-24 04:36:30 +0000 - dagster - INFO - __ASSET_JOB - 04d78ca5-82d5-40a7-9417-55a9800f7320 - hackernews - Making GET request to https://hn.algolia.com/api/v1/search_by_date?numericFilters=created_at_i%3E%3D1786685445%2Ccreated_at_i%3C1786689045&hitsPerPage=1000
2026-08-24 04:36:30 +0000 - dagster - INFO - __ASSET_JOB - 04d78ca5-82d5-40a7-9417-55a9800f7320 - hackernews - Retrieved 280 items in this window.
2026-08-24 04:36:30 +0000 - dagster - INFO - __ASSET_JOB - 04d78ca5-82d5-40a7-9417-55a9800f7320 - hackernews - Querying time window: 2026-08-14 06:30:45 to 2026-08-14 07:30:45 (1786689045 to 1786692645)...
2026-08-24 04:36:30 +0000 - dagster - INFO - __ASSET_JOB - 04d78ca5-82d5-40a7-9417-55a9800f7320 - hackernews - Making GET request to https://hn.algolia.com/api/v1/search_by_date?numericFilters=created_at_i%3E%3D1786689045%2Ccreated_at_i%3C1786692645&hitsPerPage=1000
2026-08-24 04:36:30 +0000 - dagster - INFO - __ASSET_JOB - 04d78ca5-82d5-40a7-9417-55a9800f7320 - hackernews - Retrieved 271 items in this window.
2026-08-24 04:36:30 +0000 - dagster - INFO - __ASSET_JOB - 04d78ca5-82d5-40a7-9417-55a9800f7320 - hackernews - Querying time window: 2026-08-14 07:30:45 to 2026-08-14 08:30:45 (1786692645 to 1786696245)...
2026-08-24 04:36:30 +0000 - dagster - INFO - __ASSET_JOB - 04d78ca5-82d5-40a7-9417-55a9800f7320 - hackernews - Making GET request to https://hn.algolia.com/api/v1/search_by_date?numericFilters=created_at_i%3E%3D1786692645%2Ccreated_at_i%3C1786696245&hitsPerPage=1000
2026-08-24 04:36:31 +0000 - dagster - INFO - __ASSET_JOB - 04d78ca5-82d5-40a7-9417-55a9800f7320 - hackernews - Retrieved 315 items in this window.
2026-08-24 04:36:31 +0000 - dagster - INFO - __ASSET_JOB - 04d78ca5-82d5-40a7-9417-55a9800f7320 - hackernews - Querying time window: 2026-08-14 08:30:45 to 2026-08-14 09:30:45 (1786696245 to 1786699845)...
2026-08-24 04:36:31 +0000 - dagster - INFO - __ASSET_JOB - 04d78ca5-82d5-40a7-9417-55a9800f7320 - hackernews - Making GET request to https://hn.algolia.com/api/v1/search_by_date?numericFilters=created_at_i%3E%3D1786696245%2Ccreated_at_i%3C1786699845&hitsPerPage=1000
2026-08-24 04:36:31 +0000 - dagster - INFO - __ASSET_JOB - 04d78ca5-82d5-40a7-9417-55a9800f7320 - hackernews - Retrieved 370 items in this window.
2026-08-24 04:36:31 +0000 - dagster - INFO - __ASSET_JOB - 04d78ca5-82d5-40a7-9417-55a9800f7320 - hackernews - Querying time window: 2026-08-14 09:30:45 to 2026-08-14 10:30:45 (1786699845 to 1786703445)...
2026-08-24 04:36:31 +0000 - dagster - INFO - __ASSET_JOB - 04d78ca5-82d5-40a7-9417-55a9800f7320 - hackernews - Making GET request to https://hn.algolia.com/api/v1/search_by_date?numericFilters=created_at_i%3E%3D1786699845%2Ccreated_at_i%3C1786703445&hitsPerPage=1000
2026-08-24 04:36:32 +0000 - dagster - INFO - __ASSET_JOB - 04d78ca5-82d5-40a7-9417-55a9800f7320 - hackernews - Retrieved 349 items in this window.
2026-08-24 04:36:32 +0000 - dagster - INFO - __ASSET_JOB - 04d78ca5-82d5-40a7-9417-55a9800f7320 - hackernews - Querying time window: 2026-08-14 10:30:45 to 2026-08-14 11:30:45 (1786703445 to 1786707045)...
2026-08-24 04:36:32 +0000 - dagster - INFO - __ASSET_JOB - 04d78ca5-82d5-40a7-9417-55a9800f7320 - hackernews - Making GET request to https://hn.algolia.com/api/v1/search_by_date?numericFilters=created_at_i%3E%3D1786703445%2Ccreated_at_i%3C1786707045&hitsPerPage=1000
2026-08-24 04:36:32 +0000 - dagster - INFO - __ASSET_JOB - 04d78ca5-82d5-40a7-9417-55a9800f7320 - hackernews - Retrieved 413 items in this window.
2026-08-24 04:36:32 +0000 - dagster - INFO - __ASSET_JOB - 04d78ca5-82d5-40a7-9417-55a9800f7320 - hackernews - Querying time window: 2026-08-14 11:30:45 to 2026-08-14 12:30:45 (1786707045 to 1786710645)...
2026-08-24 04:36:32 +0000 - dagster - INFO - __ASSET_JOB - 04d78ca5-82d5-40a7-9417-55a9800f7320 - hackernews - Making GET request to https://hn.algolia.com/api/v1/search_by_date?numericFilters=created_at_i%3E%3D1786707045%2Ccreated_at_i%3C1786710645&hitsPerPage=1000
2026-08-24 04:36:32 +0000 - dagster - INFO - __ASSET_JOB - 04d78ca5-82d5-40a7-9417-55a9800f7320 - hackernews - Retrieved 439 items in this window.
2026-08-24 04:36:33 +0000 - dagster - INFO - __ASSET_JOB - 04d78ca5-82d5-40a7-9417-55a9800f7320 - hackernews - Querying time window: 2026-08-14 12:30:45 to 2026-08-14 13:30:45 (1786710645 to 1786714245)...
2026-08-24 04:36:33 +0000 - dagster - INFO - __ASSET_JOB - 04d78ca5-82d5-40a7-9417-55a9800f7320 - hackernews - Making GET request to https://hn.algolia.com/api/v1/search_by_date?numericFilters=created_at_i%3E%3D1786710645%2Ccreated_at_i%3C1786714245&hitsPerPage=1000
2026-08-24 04:36:33 +0000 - dagster - INFO - __ASSET_JOB - 04d78ca5-82d5-40a7-9417-55a9800f7320 - hackernews - Retrieved 489 items in this window.
2026-08-24 04:36:33 +0000 - dagster - INFO - __ASSET_JOB - 04d78ca5-82d5-40a7-9417-55a9800f7320 - hackernews - Querying time window: 2026-08-14 13:30:45 to 2026-08-14 14:30:45 (1786714245 to 1786717845)...
2026-08-24 04:36:33 +0000 - dagster - INFO - __ASSET_JOB - 04d78ca5-82d5-40a7-9417-55a9800f7320 - hackernews - Making GET request to https://hn.algolia.com/api/v1/search_by_date?numericFilters=created_at_i%3E%3D1786714245%2Ccreated_at_i%3C1786717845&hitsPerPage=1000
2026-08-24 04:36:33 +0000 - dagster - INFO - __ASSET_JOB - 04d78ca5-82d5-40a7-9417-55a9800f7320 - hackernews - Retrieved 683 items in this window.
2026-08-24 04:36:33 +0000 - dagster - INFO - __ASSET_JOB - 04d78ca5-82d5-40a7-9417-55a9800f7320 - hackernews - Querying time window: 2026-08-14 14:30:45 to 2026-08-14 15:30:45 (1786717845 to 1786721445)...
2026-08-24 04:36:33 +0000 - dagster - INFO - __ASSET_JOB - 04d78ca5-82d5-40a7-9417-55a9800f7320 - hackernews - Making GET request to https://hn.algolia.com/api/v1/search_by_date?numericFilters=created_at_i%3E%3D1786717845%2Ccreated_at_i%3C1786721445&hitsPerPage=1000
2026-08-24 04:36:34 +0000 - dagster - INFO - __ASSET_JOB - 04d78ca5-82d5-40a7-9417-55a9800f7320 - hackernews - Retrieved 840 items in this window.
2026-08-24 04:36:34 +0000 - dagster - INFO - __ASSET_JOB - 04d78ca5-82d5-40a7-9417-55a9800f7320 - hackernews - Querying time window: 2026-08-14 15:30:45 to 2026-08-14 16:30:45 (1786721445 to 1786725045)...
2026-08-24 04:36:34 +0000 - dagster - INFO - __ASSET_JOB - 04d78ca5-82d5-40a7-9417-55a9800f7320 - hackernews - Making GET request to https://hn.algolia.com/api/v1/search_by_date?numericFilters=created_at_i%3E%3D1786721445%2Ccreated_at_i%3C1786725045&hitsPerPage=1000
2026-08-24 04:36:34 +0000 - dagster - INFO - __ASSET_JOB - 04d78ca5-82d5-40a7-9417-55a9800f7320 - hackernews - Retrieved 827 items in this window.
2026-08-24 04:36:34 +0000 - dagster - INFO - __ASSET_JOB - 04d78ca5-82d5-40a7-9417-55a9800f7320 - hackernews - Querying time window: 2026-08-14 16:30:45 to 2026-08-14 17:30:45 (1786725045 to 1786728645)...
2026-08-24 04:36:34 +0000 - dagster - INFO - __ASSET_JOB - 04d78ca5-82d5-40a7-9417-55a9800f7320 - hackernews - Making GET request to https://hn.algolia.com/api/v1/search_by_date?numericFilters=created_at_i%3E%3D1786725045%2Ccreated_at_i%3C1786728645&hitsPerPage=1000
2026-08-24 04:36:35 +0000 - dagster - INFO - __ASSET_JOB - 04d78ca5-82d5-40a7-9417-55a9800f7320 - hackernews - Retrieved 785 items in this window.
2026-08-24 04:36:35 +0000 - dagster - INFO - __ASSET_JOB - 04d78ca5-82d5-40a7-9417-55a9800f7320 - hackernews - Querying time window: 2026-08-14 17:30:45 to 2026-08-14 18:30:45 (1786728645 to 1786732245)...
2026-08-24 04:36:35 +0000 - dagster - INFO - __ASSET_JOB - 04d78ca5-82d5-40a7-9417-55a9800f7320 - hackernews - Making GET request to https://hn.algolia.com/api/v1/search_by_date?numericFilters=created_at_i%3E%3D1786728645%2Ccreated_at_i%3C1786732245&hitsPerPage=1000
2026-08-24 04:36:35 +0000 - dagster - INFO - __ASSET_JOB - 04d78ca5-82d5-40a7-9417-55a9800f7320 - hackernews - Retrieved 785 items in this window.
2026-08-24 04:36:35 +0000 - dagster - INFO - __ASSET_JOB - 04d78ca5-82d5-40a7-9417-55a9800f7320 - hackernews - Querying time window: 2026-08-14 18:30:45 to 2026-08-14 19:30:45 (1786732245 to 1786735845)...
2026-08-24 04:36:35 +0000 - dagster - INFO - __ASSET_JOB - 04d78ca5-82d5-40a7-9417-55a9800f7320 - hackernews - Making GET request to https://hn.algolia.com/api/v1/search_by_date?numericFilters=created_at_i%3E%3D1786732245%2Ccreated_at_i%3C1786735845&hitsPerPage=1000
2026-08-24 04:36:36 +0000 - dagster - INFO - __ASSET_JOB - 04d78ca5-82d5-40a7-9417-55a9800f7320 - hackernews - Retrieved 667 items in this window.
2026-08-24 04:36:36 +0000 - dagster - INFO - __ASSET_JOB - 04d78ca5-82d5-40a7-9417-55a9800f7320 - hackernews - Querying time window: 2026-08-14 19:30:45 to 2026-08-14 20:30:45 (1786735845 to 1786739445)...
2026-08-24 04:36:36 +0000 - dagster - INFO - __ASSET_JOB - 04d78ca5-82d5-40a7-9417-55a9800f7320 - hackernews - Making GET request to https://hn.algolia.com/api/v1/search_by_date?numericFilters=created_at_i%3E%3D1786735845%2Ccreated_at_i%3C1786739445&hitsPerPage=1000
2026-08-24 04:36:36 +0000 - dagster - INFO - __ASSET_JOB - 04d78ca5-82d5-40a7-9417-55a9800f7320 - hackernews - Retrieved 597 items in this window.
2026-08-24 04:36:36 +0000 - dagster - INFO - __ASSET_JOB - 04d78ca5-82d5-40a7-9417-55a9800f7320 - hackernews - Querying time window: 2026-08-14 20:30:45 to 2026-08-14 21:30:45 (1786739445 to 1786743045)...
2026-08-24 04:36:36 +0000 - dagster - INFO - __ASSET_JOB - 04d78ca5-82d5-40a7-9417-55a9800f7320 - hackernews - Making GET request to https://hn.algolia.com/api/v1/search_by_date?numericFilters=created_at_i%3E%3D1786739445%2Ccreated_at_i%3C1786743045&hitsPerPage=1000
2026-08-24 04:36:37 +0000 - dagster - INFO - __ASSET_JOB - 04d78ca5-82d5-40a7-9417-55a9800f7320 - hackernews - Retrieved 568 items in this window.
2026-08-24 04:36:37 +0000 - dagster - INFO - __ASSET_JOB - 04d78ca5-82d5-40a7-9417-55a9800f7320 - hackernews - Querying time window: 2026-08-14 21:30:45 to 2026-08-14 22:30:45 (1786743045 to 1786746645)...
2026-08-24 04:36:37 +0000 - dagster - INFO - __ASSET_JOB - 04d78ca5-82d5-40a7-9417-55a9800f7320 - hackernews - Making GET request to https://hn.algolia.com/api/v1/search_by_date?numericFilters=created_at_i%3E%3D1786743045%2Ccreated_at_i%3C1786746645&hitsPerPage=1000
2026-08-24 04:36:37 +0000 - dagster - INFO - __ASSET_JOB - 04d78ca5-82d5-40a7-9417-55a9800f7320 - hackernews - Retrieved 545 items in this window.
2026-08-24 04:36:37 +0000 - dagster - INFO - __ASSET_JOB - 04d78ca5-82d5-40a7-9417-55a9800f7320 - hackernews - Querying time window: 2026-08-14 22:30:45 to 2026-08-14 23:30:45 (1786746645 to 1786750245)...
2026-08-24 04:36:37 +0000 - dagster - INFO - __ASSET_JOB - 04d78ca5-82d5-40a7-9417-55a9800f7320 - hackernews - Making GET request to https://hn.algolia.com/api/v1/search_by_date?numericFilters=created_at_i%3E%3D1786746645%2Ccreated_at_i%3C1786750245&hitsPerPage=1000
2026-08-24 04:36:38 +0000 - dagster - INFO - __ASSET_JOB - 04d78ca5-82d5-40a7-9417-55a9800f7320 - hackernews - Retrieved 387 items in this window.
2026-08-24 04:36:38 +0000 - dagster - INFO - __ASSET_JOB - 04d78ca5-82d5-40a7-9417-55a9800f7320 - hackernews - Querying time window: 2026-08-14 23:30:45 to 2026-08-15 00:30:45 (1786750245 to 1786753845)...
2026-08-24 04:36:38 +0000 - dagster - INFO - __ASSET_JOB - 04d78ca5-82d5-40a7-9417-55a9800f7320 - hackernews - Making GET request to https://hn.algolia.com/api/v1/search_by_date?numericFilters=created_at_i%3E%3D1786750245%2Ccreated_at_i%3C1786753845&hitsPerPage=1000
2026-08-24 04:36:38 +0000 - dagster - INFO - __ASSET_JOB - 04d78ca5-82d5-40a7-9417-55a9800f7320 - hackernews - Retrieved 416 items in this window.
2026-08-24 04:36:38 +0000 - dagster - INFO - __ASSET_JOB - 04d78ca5-82d5-40a7-9417-55a9800f7320 - hackernews - Querying time window: 2026-08-15 00:30:45 to 2026-08-15 01:30:45 (1786753845 to 1786757445)...
2026-08-24 04:36:38 +0000 - dagster - INFO - __ASSET_JOB - 04d78ca5-82d5-40a7-9417-55a9800f7320 - hackernews - Making GET request to https://hn.algolia.com/api/v1/search_by_date?numericFilters=created_at_i%3E%3D1786753845%2Ccreated_at_i%3C1786757445&hitsPerPage=1000
2026-08-24 04:36:38 +0000 - dagster - INFO - __ASSET_JOB - 04d78ca5-82d5-40a7-9417-55a9800f7320 - hackernews - Retrieved 365 items in this window.
2026-08-24 04:36:38 +0000 - dagster - INFO - __ASSET_JOB - 04d78ca5-82d5-40a7-9417-55a9800f7320 - hackernews - Querying time window: 2026-08-15 01:30:45 to 2026-08-15 02:30:45 (1786757445 to 1786761045)...
2026-08-24 04:36:38 +0000 - dagster - INFO - __ASSET_JOB - 04d78ca5-82d5-40a7-9417-55a9800f7320 - hackernews - Making GET request to https://hn.algolia.com/api/v1/search_by_date?numericFilters=created_at_i%3E%3D1786757445%2Ccreated_at_i%3C1786761045&hitsPerPage=1000
2026-08-24 04:36:39 +0000 - dagster - INFO - __ASSET_JOB - 04d78ca5-82d5-40a7-9417-55a9800f7320 - hackernews - Retrieved 289 items in this window.
2026-08-24 04:36:39 +0000 - dagster - INFO - __ASSET_JOB - 04d78ca5-82d5-40a7-9417-55a9800f7320 - hackernews - Querying time window: 2026-08-15 02:30:45 to 2026-08-15 03:30:45 (1786761045 to 1786764645)...
2026-08-24 04:36:39 +0000 - dagster - INFO - __ASSET_JOB - 04d78ca5-82d5-40a7-9417-55a9800f7320 - hackernews - Making GET request to https://hn.algolia.com/api/v1/search_by_date?numericFilters=created_at_i%3E%3D1786761045%2Ccreated_at_i%3C1786764645&hitsPerPage=1000
2026-08-24 04:36:39 +0000 - dagster - INFO - __ASSET_JOB - 04d78ca5-82d5-40a7-9417-55a9800f7320 - hackernews - Retrieved 263 items in this window.
2026-08-24 04:36:39 +0000 - dagster - INFO - __ASSET_JOB - 04d78ca5-82d5-40a7-9417-55a9800f7320 - hackernews - Querying time window: 2026-08-15 03:30:45 to 2026-08-15 04:30:45 (1786764645 to 1786768245)...
2026-08-24 04:36:39 +0000 - dagster - INFO - __ASSET_JOB - 04d78ca5-82d5-40a7-9417-55a9800f7320 - hackernews - Making GET request to https://hn.algolia.com/api/v1/search_by_date?numericFilters=created_at_i%3E%3D1786764645%2Ccreated_at_i%3C1786768245&hitsPerPage=1000
2026-08-24 04:36:39 +0000 - dagster - INFO - __ASSET_JOB - 04d78ca5-82d5-40a7-9417-55a9800f7320 - hackernews - Retrieved 282 items in this window.
2026-08-24 04:36:40 +0000 - dagster - INFO - __ASSET_JOB - 04d78ca5-82d5-40a7-9417-55a9800f7320 - hackernews - Querying time window: 2026-08-15 04:30:45 to 2026-08-15 05:30:45 (1786768245 to 1786771845)...
2026-08-24 04:36:40 +0000 - dagster - INFO - __ASSET_JOB - 04d78ca5-82d5-40a7-9417-55a9800f7320 - hackernews - Making GET request to https://hn.algolia.com/api/v1/search_by_date?numericFilters=created_at_i%3E%3D1786768245%2Ccreated_at_i%3C1786771845&hitsPerPage=1000
2026-08-24 04:36:40 +0000 - dagster - INFO - __ASSET_JOB - 04d78ca5-82d5-40a7-9417-55a9800f7320 - hackernews - Retrieved 247 items in this window.
2026-08-24 04:36:40 +0000 - dagster - INFO - __ASSET_JOB - 04d78ca5-82d5-40a7-9417-55a9800f7320 - hackernews - Querying time window: 2026-08-15 05:30:45 to 2026-08-15 06:30:45 (1786771845 to 1786775445)...
2026-08-24 04:36:40 +0000 - dagster - INFO - __ASSET_JOB - 04d78ca5-82d5-40a7-9417-55a9800f7320 - hackernews - Making GET request to https://hn.algolia.com/api/v1/search_by_date?numericFilters=created_at_i%3E%3D1786771845%2Ccreated_at_i%3C1786775445&hitsPerPage=1000
2026-08-24 04:36:40 +0000 - dagster - INFO - __ASSET_JOB - 04d78ca5-82d5-40a7-9417-55a9800f7320 - hackernews - Retrieved 267 items in this window.
2026-08-24 04:36:40 +0000 - dagster - INFO - __ASSET_JOB - 04d78ca5-82d5-40a7-9417-55a9800f7320 - hackernews - Querying time window: 2026-08-15 06:30:45 to 2026-08-15 07:30:45 (1786775445 to 1786779045)...
2026-08-24 04:36:40 +0000 - dagster - INFO - __ASSET_JOB - 04d78ca5-82d5-40a7-9417-55a9800f7320 - hackernews - Making GET request to https://hn.algolia.com/api/v1/search_by_date?numericFilters=created_at_i%3E%3D1786775445%2Ccreated_at_i%3C1786779045&hitsPerPage=1000
2026-08-24 04:36:41 +0000 - dagster - INFO - __ASSET_JOB - 04d78ca5-82d5-40a7-9417-55a9800f7320 - hackernews - Retrieved 280 items in this window.
2026-08-24 04:36:41 +0000 - dagster - INFO - __ASSET_JOB - 04d78ca5-82d5-40a7-9417-55a9800f7320 - hackernews - Querying time window: 2026-08-15 07:30:45 to 2026-08-15 08:30:45 (1786779045 to 1786782645)...
2026-08-24 04:36:41 +0000 - dagster - INFO - __ASSET_JOB - 04d78ca5-82d5-40a7-9417-55a9800f7320 - hackernews - Making GET request to https://hn.algolia.com/api/v1/search_by_date?numericFilters=created_at_i%3E%3D1786779045%2Ccreated_at_i%3C1786782645&hitsPerPage=1000
2026-08-24 04:36:41 +0000 - dagster - INFO - __ASSET_JOB - 04d78ca5-82d5-40a7-9417-55a9800f7320 - hackernews - Retrieved 261 items in this window.
2026-08-24 04:36:41 +0000 - dagster - INFO - __ASSET_JOB - 04d78ca5-82d5-40a7-9417-55a9800f7320 - hackernews - Querying time window: 2026-08-15 08:30:45 to 2026-08-15 09:30:45 (1786782645 to 1786786245)...
2026-08-24 04:36:41 +0000 - dagster - INFO - __ASSET_JOB - 04d78ca5-82d5-40a7-9417-55a9800f7320 - hackernews - Making GET request to https://hn.algolia.com/api/v1/search_by_date?numericFilters=created_at_i%3E%3D1786782645%2Ccreated_at_i%3C1786786245&hitsPerPage=1000
2026-08-24 04:36:41 +0000 - dagster - INFO - __ASSET_JOB - 04d78ca5-82d5-40a7-9417-55a9800f7320 - hackernews - Retrieved 230 items in this window.
2026-08-24 04:36:41 +0000 - dagster - INFO - __ASSET_JOB - 04d78ca5-82d5-40a7-9417-55a9800f7320 - hackernews - Querying time window: 2026-08-15 09:30:45 to 2026-08-15 10:30:45 (1786786245 to 1786789845)...
2026-08-24 04:36:41 +0000 - dagster - INFO - __ASSET_JOB - 04d78ca5-82d5-40a7-9417-55a9800f7320 - hackernews - Making GET request to https://hn.algolia.com/api/v1/search_by_date?numericFilters=created_at_i%3E%3D1786786245%2Ccreated_at_i%3C1786789845&hitsPerPage=1000
2026-08-24 04:36:42 +0000 - dagster - INFO - __ASSET_JOB - 04d78ca5-82d5-40a7-9417-55a9800f7320 - hackernews - Retrieved 281 items in this window.
2026-08-24 04:36:42 +0000 - dagster - INFO - __ASSET_JOB - 04d78ca5-82d5-40a7-9417-55a9800f7320 - hackernews - Querying time window: 2026-08-15 10:30:45 to 2026-08-15 11:30:45 (1786789845 to 1786793445)...
2026-08-24 04:36:42 +0000 - dagster - INFO - __ASSET_JOB - 04d78ca5-82d5-40a7-9417-55a9800f7320 - hackernews - Making GET request to https://hn.algolia.com/api/v1/search_by_date?numericFilters=created_at_i%3E%3D1786789845%2Ccreated_at_i%3C1786793445&hitsPerPage=1000
2026-08-24 04:36:42 +0000 - dagster - INFO - __ASSET_JOB - 04d78ca5-82d5-40a7-9417-55a9800f7320 - hackernews - Retrieved 238 items in this window.
2026-08-24 04:36:42 +0000 - dagster - INFO - __ASSET_JOB - 04d78ca5-82d5-40a7-9417-55a9800f7320 - hackernews - Querying time window: 2026-08-15 11:30:45 to 2026-08-15 12:30:45 (1786793445 to 1786797045)...
2026-08-24 04:36:42 +0000 - dagster - INFO - __ASSET_JOB - 04d78ca5-82d5-40a7-9417-55a9800f7320 - hackernews - Making GET request to https://hn.algolia.com/api/v1/search_by_date?numericFilters=created_at_i%3E%3D1786793445%2Ccreated_at_i%3C1786797045&hitsPerPage=1000
2026-08-24 04:36:42 +0000 - dagster - INFO - __ASSET_JOB - 04d78ca5-82d5-40a7-9417-55a9800f7320 - hackernews - Retrieved 310 items in this window.
2026-08-24 04:36:42 +0000 - dagster - INFO - __ASSET_JOB - 04d78ca5-82d5-40a7-9417-55a9800f7320 - hackernews - Querying time window: 2026-08-15 12:30:45 to 2026-08-15 13:30:45 (1786797045 to 1786800645)...
2026-08-24 04:36:42 +0000 - dagster - INFO - __ASSET_JOB - 04d78ca5-82d5-40a7-9417-55a9800f7320 - hackernews - Making GET request to https://hn.algolia.com/api/v1/search_by_date?numericFilters=created_at_i%3E%3D1786797045%2Ccreated_at_i%3C1786800645&hitsPerPage=1000
2026-08-24 04:36:43 +0000 - dagster - INFO - __ASSET_JOB - 04d78ca5-82d5-40a7-9417-55a9800f7320 - hackernews - Retrieved 293 items in this window.
2026-08-24 04:36:43 +0000 - dagster - INFO - __ASSET_JOB - 04d78ca5-82d5-40a7-9417-55a9800f7320 - hackernews - Querying time window: 2026-08-15 13:30:45 to 2026-08-15 14:30:45 (1786800645 to 1786804245)...
2026-08-24 04:36:43 +0000 - dagster - INFO - __ASSET_JOB - 04d78ca5-82d5-40a7-9417-55a9800f7320 - hackernews - Making GET request to https://hn.algolia.com/api/v1/search_by_date?numericFilters=created_at_i%3E%3D1786800645%2Ccreated_at_i%3C1786804245&hitsPerPage=1000
2026-08-24 04:36:43 +0000 - dagster - INFO - __ASSET_JOB - 04d78ca5-82d5-40a7-9417-55a9800f7320 - hackernews - Retrieved 421 items in this window.
2026-08-24 04:36:43 +0000 - dagster - INFO - __ASSET_JOB - 04d78ca5-82d5-40a7-9417-55a9800f7320 - hackernews - Querying time window: 2026-08-15 14:30:45 to 2026-08-15 15:30:45 (1786804245 to 1786807845)...
2026-08-24 04:36:43 +0000 - dagster - INFO - __ASSET_JOB - 04d78ca5-82d5-40a7-9417-55a9800f7320 - hackernews - Making GET request to https://hn.algolia.com/api/v1/search_by_date?numericFilters=created_at_i%3E%3D1786804245%2Ccreated_at_i%3C1786807845&hitsPerPage=1000
2026-08-24 04:36:44 +0000 - dagster - INFO - __ASSET_JOB - 04d78ca5-82d5-40a7-9417-55a9800f7320 - hackernews - Retrieved 479 items in this window.
2026-08-24 04:36:44 +0000 - dagster - INFO - __ASSET_JOB - 04d78ca5-82d5-40a7-9417-55a9800f7320 - hackernews - Querying time window: 2026-08-15 15:30:45 to 2026-08-15 16:30:45 (1786807845 to 1786811445)...
2026-08-24 04:36:44 +0000 - dagster - INFO - __ASSET_JOB - 04d78ca5-82d5-40a7-9417-55a9800f7320 - hackernews - Making GET request to https://hn.algolia.com/api/v1/search_by_date?numericFilters=created_at_i%3E%3D1786807845%2Ccreated_at_i%3C1786811445&hitsPerPage=1000
2026-08-24 04:36:44 +0000 - dagster - INFO - __ASSET_JOB - 04d78ca5-82d5-40a7-9417-55a9800f7320 - hackernews - Retrieved 449 items in this window.
2026-08-24 04:36:44 +0000 - dagster - INFO - __ASSET_JOB - 04d78ca5-82d5-40a7-9417-55a9800f7320 - hackernews - Querying time window: 2026-08-15 16:30:45 to 2026-08-15 17:30:45 (1786811445 to 1786815045)...
2026-08-24 04:36:44 +0000 - dagster - INFO - __ASSET_JOB - 04d78ca5-82d5-40a7-9417-55a9800f7320 - hackernews - Making GET request to https://hn.algolia.com/api/v1/search_by_date?numericFilters=created_at_i%3E%3D1786811445%2Ccreated_at_i%3C1786815045&hitsPerPage=1000
2026-08-24 04:36:44 +0000 - dagster - INFO - __ASSET_JOB - 04d78ca5-82d5-40a7-9417-55a9800f7320 - hackernews - Retrieved 488 items in this window.
2026-08-24 04:36:44 +0000 - dagster - INFO - __ASSET_JOB - 04d78ca5-82d5-40a7-9417-55a9800f7320 - hackernews - Querying time window: 2026-08-15 17:30:45 to 2026-08-15 18:30:45 (1786815045 to 1786818645)...
2026-08-24 04:36:44 +0000 - dagster - INFO - __ASSET_JOB - 04d78ca5-82d5-40a7-9417-55a9800f7320 - hackernews - Making GET request to https://hn.algolia.com/api/v1/search_by_date?numericFilters=created_at_i%3E%3D1786815045%2Ccreated_at_i%3C1786818645&hitsPerPage=1000
2026-08-24 04:36:45 +0000 - dagster - INFO - __ASSET_JOB - 04d78ca5-82d5-40a7-9417-55a9800f7320 - hackernews - Retrieved 490 items in this window.
2026-08-24 04:36:45 +0000 - dagster - INFO - __ASSET_JOB - 04d78ca5-82d5-40a7-9417-55a9800f7320 - hackernews - Querying time window: 2026-08-15 18:30:45 to 2026-08-15 19:30:45 (1786818645 to 1786822245)...
2026-08-24 04:36:45 +0000 - dagster - INFO - __ASSET_JOB - 04d78ca5-82d5-40a7-9417-55a9800f7320 - hackernews - Making GET request to https://hn.algolia.com/api/v1/search_by_date?numericFilters=created_at_i%3E%3D1786818645%2Ccreated_at_i%3C1786822245&hitsPerPage=1000
2026-08-24 04:36:45 +0000 - dagster - INFO - __ASSET_JOB - 04d78ca5-82d5-40a7-9417-55a9800f7320 - hackernews - Retrieved 439 items in this window.
2026-08-24 04:36:45 +0000 - dagster - INFO - __ASSET_JOB - 04d78ca5-82d5-40a7-9417-55a9800f7320 - hackernews - Querying time window: 2026-08-15 19:30:45 to 2026-08-15 20:30:45 (1786822245 to 1786825845)...
2026-08-24 04:36:45 +0000 - dagster - INFO - __ASSET_JOB - 04d78ca5-82d5-40a7-9417-55a9800f7320 - hackernews - Making GET request to https://hn.algolia.com/api/v1/search_by_date?numericFilters=created_at_i%3E%3D1786822245%2Ccreated_at_i%3C1786825845&hitsPerPage=1000
2026-08-24 04:36:46 +0000 - dagster - INFO - __ASSET_JOB - 04d78ca5-82d5-40a7-9417-55a9800f7320 - hackernews - Retrieved 478 items in this window.
2026-08-24 04:36:46 +0000 - dagster - INFO - __ASSET_JOB - 04d78ca5-82d5-40a7-9417-55a9800f7320 - hackernews - Querying time window: 2026-08-15 20:30:45 to 2026-08-15 21:30:45 (1786825845 to 1786829445)...
2026-08-24 04:36:46 +0000 - dagster - INFO - __ASSET_JOB - 04d78ca5-82d5-40a7-9417-55a9800f7320 - hackernews - Making GET request to https://hn.algolia.com/api/v1/search_by_date?numericFilters=created_at_i%3E%3D1786825845%2Ccreated_at_i%3C1786829445&hitsPerPage=1000
2026-08-24 04:36:46 +0000 - dagster - INFO - __ASSET_JOB - 04d78ca5-82d5-40a7-9417-55a9800f7320 - hackernews - Retrieved 430 items in this window.
2026-08-24 04:36:46 +0000 - dagster - INFO - __ASSET_JOB - 04d78ca5-82d5-40a7-9417-55a9800f7320 - hackernews - Querying time window: 2026-08-15 21:30:45 to 2026-08-15 22:30:45 (1786829445 to 1786833045)...
2026-08-24 04:36:46 +0000 - dagster - INFO - __ASSET_JOB - 04d78ca5-82d5-40a7-9417-55a9800f7320 - hackernews - Making GET request to https://hn.algolia.com/api/v1/search_by_date?numericFilters=created_at_i%3E%3D1786829445%2Ccreated_at_i%3C1786833045&hitsPerPage=1000
2026-08-24 04:36:47 +0000 - dagster - INFO - __ASSET_JOB - 04d78ca5-82d5-40a7-9417-55a9800f7320 - hackernews - Retrieved 333 items in this window.
2026-08-24 04:36:47 +0000 - dagster - INFO - __ASSET_JOB - 04d78ca5-82d5-40a7-9417-55a9800f7320 - hackernews - Querying time window: 2026-08-15 22:30:45 to 2026-08-15 23:30:45 (1786833045 to 1786836645)...
2026-08-24 04:36:47 +0000 - dagster - INFO - __ASSET_JOB - 04d78ca5-82d5-40a7-9417-55a9800f7320 - hackernews - Making GET request to https://hn.algolia.com/api/v1/search_by_date?numericFilters=created_at_i%3E%3D1786833045%2Ccreated_at_i%3C1786836645&hitsPerPage=1000
2026-08-24 04:36:47 +0000 - dagster - INFO - __ASSET_JOB - 04d78ca5-82d5-40a7-9417-55a9800f7320 - hackernews - Retrieved 338 items in this window.
2026-08-24 04:36:47 +0000 - dagster - INFO - __ASSET_JOB - 04d78ca5-82d5-40a7-9417-55a9800f7320 - hackernews - Querying time window: 2026-08-15 23:30:45 to 2026-08-16 00:30:45 (1786836645 to 1786840245)...
2026-08-24 04:36:47 +0000 - dagster - INFO - __ASSET_JOB - 04d78ca5-82d5-40a7-9417-55a9800f7320 - hackernews - Making GET request to https://hn.algolia.com/api/v1/search_by_date?numericFilters=created_at_i%3E%3D1786836645%2Ccreated_at_i%3C1786840245&hitsPerPage=1000
2026-08-24 04:36:47 +0000 - dagster - INFO - __ASSET_JOB - 04d78ca5-82d5-40a7-9417-55a9800f7320 - hackernews - Retrieved 346 items in this window.
2026-08-24 04:36:47 +0000 - dagster - INFO - __ASSET_JOB - 04d78ca5-82d5-40a7-9417-55a9800f7320 - hackernews - Querying time window: 2026-08-16 00:30:45 to 2026-08-16 01:30:45 (1786840245 to 1786843845)...
2026-08-24 04:36:47 +0000 - dagster - INFO - __ASSET_JOB - 04d78ca5-82d5-40a7-9417-55a9800f7320 - hackernews - Making GET request to https://hn.algolia.com/api/v1/search_by_date?numericFilters=created_at_i%3E%3D1786840245%2Ccreated_at_i%3C1786843845&hitsPerPage=1000
2026-08-24 04:36:48 +0000 - dagster - INFO - __ASSET_JOB - 04d78ca5-82d5-40a7-9417-55a9800f7320 - hackernews - Retrieved 315 items in this window.
2026-08-24 04:36:48 +0000 - dagster - INFO - __ASSET_JOB - 04d78ca5-82d5-40a7-9417-55a9800f7320 - hackernews - Querying time window: 2026-08-16 01:30:45 to 2026-08-16 02:30:45 (1786843845 to 1786847445)...
2026-08-24 04:36:48 +0000 - dagster - INFO - __ASSET_JOB - 04d78ca5-82d5-40a7-9417-55a9800f7320 - hackernews - Making GET request to https://hn.algolia.com/api/v1/search_by_date?numericFilters=created_at_i%3E%3D1786843845%2Ccreated_at_i%3C1786847445&hitsPerPage=1000
2026-08-24 04:36:48 +0000 - dagster - INFO - __ASSET_JOB - 04d78ca5-82d5-40a7-9417-55a9800f7320 - hackernews - Retrieved 285 items in this window.
2026-08-24 04:36:48 +0000 - dagster - INFO - __ASSET_JOB - 04d78ca5-82d5-40a7-9417-55a9800f7320 - hackernews - Querying time window: 2026-08-16 02:30:45 to 2026-08-16 03:30:45 (1786847445 to 1786851045)...
2026-08-24 04:36:48 +0000 - dagster - INFO - __ASSET_JOB - 04d78ca5-82d5-40a7-9417-55a9800f7320 - hackernews - Making GET request to https://hn.algolia.com/api/v1/search_by_date?numericFilters=created_at_i%3E%3D1786847445%2Ccreated_at_i%3C1786851045&hitsPerPage=1000
2026-08-24 04:36:48 +0000 - dagster - INFO - __ASSET_JOB - 04d78ca5-82d5-40a7-9417-55a9800f7320 - hackernews - Retrieved 250 items in this window.
2026-08-24 04:36:48 +0000 - dagster - INFO - __ASSET_JOB - 04d78ca5-82d5-40a7-9417-55a9800f7320 - hackernews - Querying time window: 2026-08-16 03:30:45 to 2026-08-16 04:30:45 (1786851045 to 1786854645)...
2026-08-24 04:36:48 +0000 - dagster - INFO - __ASSET_JOB - 04d78ca5-82d5-40a7-9417-55a9800f7320 - hackernews - Making GET request to https://hn.algolia.com/api/v1/search_by_date?numericFilters=created_at_i%3E%3D1786851045%2Ccreated_at_i%3C1786854645&hitsPerPage=1000
2026-08-24 04:36:49 +0000 - dagster - INFO - __ASSET_JOB - 04d78ca5-82d5-40a7-9417-55a9800f7320 - hackernews - Retrieved 242 items in this window.
2026-08-24 04:36:49 +0000 - dagster - INFO - __ASSET_JOB - 04d78ca5-82d5-40a7-9417-55a9800f7320 - hackernews - Querying time window: 2026-08-16 04:30:45 to 2026-08-16 05:30:45 (1786854645 to 1786858245)...
2026-08-24 04:36:49 +0000 - dagster - INFO - __ASSET_JOB - 04d78ca5-82d5-40a7-9417-55a9800f7320 - hackernews - Making GET request to https://hn.algolia.com/api/v1/search_by_date?numericFilters=created_at_i%3E%3D1786854645%2Ccreated_at_i%3C1786858245&hitsPerPage=1000
2026-08-24 04:36:49 +0000 - dagster - INFO - __ASSET_JOB - 04d78ca5-82d5-40a7-9417-55a9800f7320 - hackernews - Retrieved 235 items in this window.
2026-08-24 04:36:49 +0000 - dagster - INFO - __ASSET_JOB - 04d78ca5-82d5-40a7-9417-55a9800f7320 - hackernews - Querying time window: 2026-08-16 05:30:45 to 2026-08-16 06:30:45 (1786858245 to 1786861845)...
2026-08-24 04:36:49 +0000 - dagster - INFO - __ASSET_JOB - 04d78ca5-82d5-40a7-9417-55a9800f7320 - hackernews - Making GET request to https://hn.algolia.com/api/v1/search_by_date?numericFilters=created_at_i%3E%3D1786858245%2Ccreated_at_i%3C1786861845&hitsPerPage=1000
2026-08-24 04:36:49 +0000 - dagster - INFO - __ASSET_JOB - 04d78ca5-82d5-40a7-9417-55a9800f7320 - hackernews - Retrieved 213 items in this window.
2026-08-24 04:36:49 +0000 - dagster - INFO - __ASSET_JOB - 04d78ca5-82d5-40a7-9417-55a9800f7320 - hackernews - Querying time window: 2026-08-16 06:30:45 to 2026-08-16 07:30:45 (1786861845 to 1786865445)...
2026-08-24 04:36:49 +0000 - dagster - INFO - __ASSET_JOB - 04d78ca5-82d5-40a7-9417-55a9800f7320 - hackernews - Making GET request to https://hn.algolia.com/api/v1/search_by_date?numericFilters=created_at_i%3E%3D1786861845%2Ccreated_at_i%3C1786865445&hitsPerPage=1000
2026-08-24 04:36:50 +0000 - dagster - INFO - __ASSET_JOB - 04d78ca5-82d5-40a7-9417-55a9800f7320 - hackernews - Retrieved 242 items in this window.
2026-08-24 04:36:50 +0000 - dagster - INFO - __ASSET_JOB - 04d78ca5-82d5-40a7-9417-55a9800f7320 - hackernews - Querying time window: 2026-08-16 07:30:45 to 2026-08-16 08:30:45 (1786865445 to 1786869045)...
2026-08-24 04:36:50 +0000 - dagster - INFO - __ASSET_JOB - 04d78ca5-82d5-40a7-9417-55a9800f7320 - hackernews - Making GET request to https://hn.algolia.com/api/v1/search_by_date?numericFilters=created_at_i%3E%3D1786865445%2Ccreated_at_i%3C1786869045&hitsPerPage=1000
2026-08-24 04:36:50 +0000 - dagster - INFO - __ASSET_JOB - 04d78ca5-82d5-40a7-9417-55a9800f7320 - hackernews - Retrieved 300 items in this window.
2026-08-24 04:36:50 +0000 - dagster - INFO - __ASSET_JOB - 04d78ca5-82d5-40a7-9417-55a9800f7320 - hackernews - Querying time window: 2026-08-16 08:30:45 to 2026-08-16 09:30:45 (1786869045 to 1786872645)...
2026-08-24 04:36:50 +0000 - dagster - INFO - __ASSET_JOB - 04d78ca5-82d5-40a7-9417-55a9800f7320 - hackernews - Making GET request to https://hn.algolia.com/api/v1/search_by_date?numericFilters=created_at_i%3E%3D1786869045%2Ccreated_at_i%3C1786872645&hitsPerPage=1000
2026-08-24 04:36:51 +0000 - dagster - INFO - __ASSET_JOB - 04d78ca5-82d5-40a7-9417-55a9800f7320 - hackernews - Retrieved 284 items in this window.
2026-08-24 04:36:51 +0000 - dagster - INFO - __ASSET_JOB - 04d78ca5-82d5-40a7-9417-55a9800f7320 - hackernews - Querying time window: 2026-08-16 09:30:45 to 2026-08-16 10:30:45 (1786872645 to 1786876245)...
2026-08-24 04:36:51 +0000 - dagster - INFO - __ASSET_JOB - 04d78ca5-82d5-40a7-9417-55a9800f7320 - hackernews - Making GET request to https://hn.algolia.com/api/v1/search_by_date?numericFilters=created_at_i%3E%3D1786872645%2Ccreated_at_i%3C1786876245&hitsPerPage=1000
2026-08-24 04:36:51 +0000 - dagster - INFO - __ASSET_JOB - 04d78ca5-82d5-40a7-9417-55a9800f7320 - hackernews - Retrieved 290 items in this window.
2026-08-24 04:36:51 +0000 - dagster - INFO - __ASSET_JOB - 04d78ca5-82d5-40a7-9417-55a9800f7320 - hackernews - Querying time window: 2026-08-16 10:30:45 to 2026-08-16 11:30:45 (1786876245 to 1786879845)...
2026-08-24 04:36:51 +0000 - dagster - INFO - __ASSET_JOB - 04d78ca5-82d5-40a7-9417-55a9800f7320 - hackernews - Making GET request to https://hn.algolia.com/api/v1/search_by_date?numericFilters=created_at_i%3E%3D1786876245%2Ccreated_at_i%3C1786879845&hitsPerPage=1000
2026-08-24 04:36:51 +0000 - dagster - INFO - __ASSET_JOB - 04d78ca5-82d5-40a7-9417-55a9800f7320 - hackernews - Retrieved 269 items in this window.
2026-08-24 04:36:52 +0000 - dagster - INFO - __ASSET_JOB - 04d78ca5-82d5-40a7-9417-55a9800f7320 - hackernews - Querying time window: 2026-08-16 11:30:45 to 2026-08-16 12:30:45 (1786879845 to 1786883445)...
2026-08-24 04:36:52 +0000 - dagster - INFO - __ASSET_JOB - 04d78ca5-82d5-40a7-9417-55a9800f7320 - hackernews - Making GET request to https://hn.algolia.com/api/v1/search_by_date?numericFilters=created_at_i%3E%3D1786879845%2Ccreated_at_i%3C1786883445&hitsPerPage=1000
2026-08-24 04:36:52 +0000 - dagster - INFO - __ASSET_JOB - 04d78ca5-82d5-40a7-9417-55a9800f7320 - hackernews - Retrieved 366 items in this window.
2026-08-24 04:36:52 +0000 - dagster - INFO - __ASSET_JOB - 04d78ca5-82d5-40a7-9417-55a9800f7320 - hackernews - Querying time window: 2026-08-16 12:30:45 to 2026-08-16 13:30:45 (1786883445 to 1786887045)...
2026-08-24 04:36:52 +0000 - dagster - INFO - __ASSET_JOB - 04d78ca5-82d5-40a7-9417-55a9800f7320 - hackernews - Making GET request to https://hn.algolia.com/api/v1/search_by_date?numericFilters=created_at_i%3E%3D1786883445%2Ccreated_at_i%3C1786887045&hitsPerPage=1000
2026-08-24 04:36:52 +0000 - dagster - INFO - __ASSET_JOB - 04d78ca5-82d5-40a7-9417-55a9800f7320 - hackernews - Retrieved 384 items in this window.
2026-08-24 04:36:52 +0000 - dagster - INFO - __ASSET_JOB - 04d78ca5-82d5-40a7-9417-55a9800f7320 - hackernews - Querying time window: 2026-08-16 13:30:45 to 2026-08-16 14:30:45 (1786887045 to 1786890645)...
2026-08-24 04:36:52 +0000 - dagster - INFO - __ASSET_JOB - 04d78ca5-82d5-40a7-9417-55a9800f7320 - hackernews - Making GET request to https://hn.algolia.com/api/v1/search_by_date?numericFilters=created_at_i%3E%3D1786887045%2Ccreated_at_i%3C1786890645&hitsPerPage=1000
2026-08-24 04:36:53 +0000 - dagster - INFO - __ASSET_JOB - 04d78ca5-82d5-40a7-9417-55a9800f7320 - hackernews - Retrieved 502 items in this window.
2026-08-24 04:36:53 +0000 - dagster - INFO - __ASSET_JOB - 04d78ca5-82d5-40a7-9417-55a9800f7320 - hackernews - Querying time window: 2026-08-16 14:30:45 to 2026-08-16 15:30:45 (1786890645 to 1786894245)...
2026-08-24 04:36:53 +0000 - dagster - INFO - __ASSET_JOB - 04d78ca5-82d5-40a7-9417-55a9800f7320 - hackernews - Making GET request to https://hn.algolia.com/api/v1/search_by_date?numericFilters=created_at_i%3E%3D1786890645%2Ccreated_at_i%3C1786894245&hitsPerPage=1000
2026-08-24 04:36:53 +0000 - dagster - INFO - __ASSET_JOB - 04d78ca5-82d5-40a7-9417-55a9800f7320 - hackernews - Retrieved 461 items in this window.
2026-08-24 04:36:53 +0000 - dagster - INFO - __ASSET_JOB - 04d78ca5-82d5-40a7-9417-55a9800f7320 - hackernews - Querying time window: 2026-08-16 15:30:45 to 2026-08-16 16:30:45 (1786894245 to 1786897845)...
2026-08-24 04:36:53 +0000 - dagster - INFO - __ASSET_JOB - 04d78ca5-82d5-40a7-9417-55a9800f7320 - hackernews - Making GET request to https://hn.algolia.com/api/v1/search_by_date?numericFilters=created_at_i%3E%3D1786894245%2Ccreated_at_i%3C1786897845&hitsPerPage=1000
2026-08-24 04:36:54 +0000 - dagster - INFO - __ASSET_JOB - 04d78ca5-82d5-40a7-9417-55a9800f7320 - hackernews - Retrieved 462 items in this window.
2026-08-24 04:36:54 +0000 - dagster - INFO - __ASSET_JOB - 04d78ca5-82d5-40a7-9417-55a9800f7320 - hackernews - Querying time window: 2026-08-16 16:30:45 to 2026-08-16 17:30:45 (1786897845 to 1786901445)...
2026-08-24 04:36:54 +0000 - dagster - INFO - __ASSET_JOB - 04d78ca5-82d5-40a7-9417-55a9800f7320 - hackernews - Making GET request to https://hn.algolia.com/api/v1/search_by_date?numericFilters=created_at_i%3E%3D1786897845%2Ccreated_at_i%3C1786901445&hitsPerPage=1000
2026-08-24 04:36:54 +0000 - dagster - INFO - __ASSET_JOB - 04d78ca5-82d5-40a7-9417-55a9800f7320 - hackernews - Retrieved 368 items in this window.
2026-08-24 04:36:54 +0000 - dagster - INFO - __ASSET_JOB - 04d78ca5-82d5-40a7-9417-55a9800f7320 - hackernews - Querying time window: 2026-08-16 17:30:45 to 2026-08-16 18:30:45 (1786901445 to 1786905045)...
2026-08-24 04:36:54 +0000 - dagster - INFO - __ASSET_JOB - 04d78ca5-82d5-40a7-9417-55a9800f7320 - hackernews - Making GET request to https://hn.algolia.com/api/v1/search_by_date?numericFilters=created_at_i%3E%3D1786901445%2Ccreated_at_i%3C1786905045&hitsPerPage=1000
2026-08-24 04:36:54 +0000 - dagster - INFO - __ASSET_JOB - 04d78ca5-82d5-40a7-9417-55a9800f7320 - hackernews - Retrieved 455 items in this window.
2026-08-24 04:36:54 +0000 - dagster - INFO - __ASSET_JOB - 04d78ca5-82d5-40a7-9417-55a9800f7320 - hackernews - Querying time window: 2026-08-16 18:30:45 to 2026-08-16 19:30:45 (1786905045 to 1786908645)...
2026-08-24 04:36:54 +0000 - dagster - INFO - __ASSET_JOB - 04d78ca5-82d5-40a7-9417-55a9800f7320 - hackernews - Making GET request to https://hn.algolia.com/api/v1/search_by_date?numericFilters=created_at_i%3E%3D1786905045%2Ccreated_at_i%3C1786908645&hitsPerPage=1000
2026-08-24 04:36:55 +0000 - dagster - INFO - __ASSET_JOB - 04d78ca5-82d5-40a7-9417-55a9800f7320 - hackernews - Retrieved 400 items in this window.
2026-08-24 04:36:55 +0000 - dagster - INFO - __ASSET_JOB - 04d78ca5-82d5-40a7-9417-55a9800f7320 - hackernews - Querying time window: 2026-08-16 19:30:45 to 2026-08-16 20:30:45 (1786908645 to 1786912245)...
2026-08-24 04:36:55 +0000 - dagster - INFO - __ASSET_JOB - 04d78ca5-82d5-40a7-9417-55a9800f7320 - hackernews - Making GET request to https://hn.algolia.com/api/v1/search_by_date?numericFilters=created_at_i%3E%3D1786908645%2Ccreated_at_i%3C1786912245&hitsPerPage=1000
2026-08-24 04:36:55 +0000 - dagster - INFO - __ASSET_JOB - 04d78ca5-82d5-40a7-9417-55a9800f7320 - hackernews - Retrieved 419 items in this window.
2026-08-24 04:36:55 +0000 - dagster - INFO - __ASSET_JOB - 04d78ca5-82d5-40a7-9417-55a9800f7320 - hackernews - Querying time window: 2026-08-16 20:30:45 to 2026-08-16 21:30:45 (1786912245 to 1786915845)...
2026-08-24 04:36:55 +0000 - dagster - INFO - __ASSET_JOB - 04d78ca5-82d5-40a7-9417-55a9800f7320 - hackernews - Making GET request to https://hn.algolia.com/api/v1/search_by_date?numericFilters=created_at_i%3E%3D1786912245%2Ccreated_at_i%3C1786915845&hitsPerPage=1000
2026-08-24 04:36:56 +0000 - dagster - INFO - __ASSET_JOB - 04d78ca5-82d5-40a7-9417-55a9800f7320 - hackernews - Retrieved 463 items in this window.
2026-08-24 04:36:56 +0000 - dagster - INFO - __ASSET_JOB - 04d78ca5-82d5-40a7-9417-55a9800f7320 - hackernews - Querying time window: 2026-08-16 21:30:45 to 2026-08-16 22:30:45 (1786915845 to 1786919445)...
2026-08-24 04:36:56 +0000 - dagster - INFO - __ASSET_JOB - 04d78ca5-82d5-40a7-9417-55a9800f7320 - hackernews - Making GET request to https://hn.algolia.com/api/v1/search_by_date?numericFilters=created_at_i%3E%3D1786915845%2Ccreated_at_i%3C1786919445&hitsPerPage=1000
2026-08-24 04:36:56 +0000 - dagster - INFO - __ASSET_JOB - 04d78ca5-82d5-40a7-9417-55a9800f7320 - hackernews - Retrieved 473 items in this window.
2026-08-24 04:36:56 +0000 - dagster - INFO - __ASSET_JOB - 04d78ca5-82d5-40a7-9417-55a9800f7320 - hackernews - Querying time window: 2026-08-16 22:30:45 to 2026-08-16 23:30:45 (1786919445 to 1786923045)...
2026-08-24 04:36:56 +0000 - dagster - INFO - __ASSET_JOB - 04d78ca5-82d5-40a7-9417-55a9800f7320 - hackernews - Making GET request to https://hn.algolia.com/api/v1/search_by_date?numericFilters=created_at_i%3E%3D1786919445%2Ccreated_at_i%3C1786923045&hitsPerPage=1000
2026-08-24 04:36:57 +0000 - dagster - INFO - __ASSET_JOB - 04d78ca5-82d5-40a7-9417-55a9800f7320 - hackernews - Retrieved 393 items in this window.
2026-08-24 04:36:57 +0000 - dagster - INFO - __ASSET_JOB - 04d78ca5-82d5-40a7-9417-55a9800f7320 - hackernews - Querying time window: 2026-08-16 23:30:45 to 2026-08-17 00:30:45 (1786923045 to 1786926645)...
2026-08-24 04:36:57 +0000 - dagster - INFO - __ASSET_JOB - 04d78ca5-82d5-40a7-9417-55a9800f7320 - hackernews - Making GET request to https://hn.algolia.com/api/v1/search_by_date?numericFilters=created_at_i%3E%3D1786923045%2Ccreated_at_i%3C1786926645&hitsPerPage=1000
2026-08-24 04:36:57 +0000 - dagster - INFO - __ASSET_JOB - 04d78ca5-82d5-40a7-9417-55a9800f7320 - hackernews - Retrieved 355 items in this window.
2026-08-24 04:36:57 +0000 - dagster - INFO - __ASSET_JOB - 04d78ca5-82d5-40a7-9417-55a9800f7320 - hackernews - Querying time window: 2026-08-17 00:30:45 to 2026-08-17 01:30:45 (1786926645 to 1786930245)...
2026-08-24 04:36:57 +0000 - dagster - INFO - __ASSET_JOB - 04d78ca5-82d5-40a7-9417-55a9800f7320 - hackernews - Making GET request to https://hn.algolia.com/api/v1/search_by_date?numericFilters=created_at_i%3E%3D1786926645%2Ccreated_at_i%3C1786930245&hitsPerPage=1000
2026-08-24 04:36:58 +0000 - dagster - INFO - __ASSET_JOB - 04d78ca5-82d5-40a7-9417-55a9800f7320 - hackernews - Retrieved 326 items in this window.
2026-08-24 04:36:58 +0000 - dagster - INFO - __ASSET_JOB - 04d78ca5-82d5-40a7-9417-55a9800f7320 - hackernews - Querying time window: 2026-08-17 01:30:45 to 2026-08-17 02:30:45 (1786930245 to 1786933845)...
2026-08-24 04:36:58 +0000 - dagster - INFO - __ASSET_JOB - 04d78ca5-82d5-40a7-9417-55a9800f7320 - hackernews - Making GET request to https://hn.algolia.com/api/v1/search_by_date?numericFilters=created_at_i%3E%3D1786930245%2Ccreated_at_i%3C1786933845&hitsPerPage=1000
2026-08-24 04:36:58 +0000 - dagster - INFO - __ASSET_JOB - 04d78ca5-82d5-40a7-9417-55a9800f7320 - hackernews - Retrieved 283 items in this window.
2026-08-24 04:36:58 +0000 - dagster - INFO - __ASSET_JOB - 04d78ca5-82d5-40a7-9417-55a9800f7320 - hackernews - Querying time window: 2026-08-17 02:30:45 to 2026-08-17 03:30:45 (1786933845 to 1786937445)...
2026-08-24 04:36:58 +0000 - dagster - INFO - __ASSET_JOB - 04d78ca5-82d5-40a7-9417-55a9800f7320 - hackernews - Making GET request to https://hn.algolia.com/api/v1/search_by_date?numericFilters=created_at_i%3E%3D1786933845%2Ccreated_at_i%3C1786937445&hitsPerPage=1000
2026-08-24 04:36:58 +0000 - dagster - INFO - __ASSET_JOB - 04d78ca5-82d5-40a7-9417-55a9800f7320 - hackernews - Retrieved 280 items in this window.
2026-08-24 04:36:58 +0000 - dagster - INFO - __ASSET_JOB - 04d78ca5-82d5-40a7-9417-55a9800f7320 - hackernews - Querying time window: 2026-08-17 03:30:45 to 2026-08-17 04:30:45 (1786937445 to 1786941045)...
2026-08-24 04:36:58 +0000 - dagster - INFO - __ASSET_JOB - 04d78ca5-82d5-40a7-9417-55a9800f7320 - hackernews - Making GET request to https://hn.algolia.com/api/v1/search_by_date?numericFilters=created_at_i%3E%3D1786937445%2Ccreated_at_i%3C1786941045&hitsPerPage=1000
2026-08-24 04:36:59 +0000 - dagster - INFO - __ASSET_JOB - 04d78ca5-82d5-40a7-9417-55a9800f7320 - hackernews - Retrieved 247 items in this window.
2026-08-24 04:36:59 +0000 - dagster - INFO - __ASSET_JOB - 04d78ca5-82d5-40a7-9417-55a9800f7320 - hackernews - Querying time window: 2026-08-17 04:30:45 to 2026-08-17 05:30:45 (1786941045 to 1786944645)...
2026-08-24 04:36:59 +0000 - dagster - INFO - __ASSET_JOB - 04d78ca5-82d5-40a7-9417-55a9800f7320 - hackernews - Making GET request to https://hn.algolia.com/api/v1/search_by_date?numericFilters=created_at_i%3E%3D1786941045%2Ccreated_at_i%3C1786944645&hitsPerPage=1000
2026-08-24 04:36:59 +0000 - dagster - INFO - __ASSET_JOB - 04d78ca5-82d5-40a7-9417-55a9800f7320 - hackernews - Retrieved 254 items in this window.
2026-08-24 04:36:59 +0000 - dagster - INFO - __ASSET_JOB - 04d78ca5-82d5-40a7-9417-55a9800f7320 - hackernews - Querying time window: 2026-08-17 05:30:45 to 2026-08-17 06:30:45 (1786944645 to 1786948245)...
2026-08-24 04:36:59 +0000 - dagster - INFO - __ASSET_JOB - 04d78ca5-82d5-40a7-9417-55a9800f7320 - hackernews - Making GET request to https://hn.algolia.com/api/v1/search_by_date?numericFilters=created_at_i%3E%3D1786944645%2Ccreated_at_i%3C1786948245&hitsPerPage=1000
2026-08-24 04:36:59 +0000 - dagster - INFO - __ASSET_JOB - 04d78ca5-82d5-40a7-9417-55a9800f7320 - hackernews - Retrieved 265 items in this window.
2026-08-24 04:36:59 +0000 - dagster - INFO - __ASSET_JOB - 04d78ca5-82d5-40a7-9417-55a9800f7320 - hackernews - Querying time window: 2026-08-17 06:30:45 to 2026-08-17 07:30:45 (1786948245 to 1786951845)...
2026-08-24 04:36:59 +0000 - dagster - INFO - __ASSET_JOB - 04d78ca5-82d5-40a7-9417-55a9800f7320 - hackernews - Making GET request to https://hn.algolia.com/api/v1/search_by_date?numericFilters=created_at_i%3E%3D1786948245%2Ccreated_at_i%3C1786951845&hitsPerPage=1000
2026-08-24 04:37:00 +0000 - dagster - INFO - __ASSET_JOB - 04d78ca5-82d5-40a7-9417-55a9800f7320 - hackernews - Retrieved 294 items in this window.
2026-08-24 04:37:00 +0000 - dagster - INFO - __ASSET_JOB - 04d78ca5-82d5-40a7-9417-55a9800f7320 - hackernews - Querying time window: 2026-08-17 07:30:45 to 2026-08-17 08:30:45 (1786951845 to 1786955445)...
2026-08-24 04:37:00 +0000 - dagster - INFO - __ASSET_JOB - 04d78ca5-82d5-40a7-9417-55a9800f7320 - hackernews - Making GET request to https://hn.algolia.com/api/v1/search_by_date?numericFilters=created_at_i%3E%3D1786951845%2Ccreated_at_i%3C1786955445&hitsPerPage=1000
2026-08-24 04:37:00 +0000 - dagster - INFO - __ASSET_JOB - 04d78ca5-82d5-40a7-9417-55a9800f7320 - hackernews - Retrieved 332 items in this window.
2026-08-24 04:37:00 +0000 - dagster - INFO - __ASSET_JOB - 04d78ca5-82d5-40a7-9417-55a9800f7320 - hackernews - Querying time window: 2026-08-17 08:30:45 to 2026-08-17 09:30:45 (1786955445 to 1786959045)...
2026-08-24 04:37:00 +0000 - dagster - INFO - __ASSET_JOB - 04d78ca5-82d5-40a7-9417-55a9800f7320 - hackernews - Making GET request to https://hn.algolia.com/api/v1/search_by_date?numericFilters=created_at_i%3E%3D1786955445%2Ccreated_at_i%3C1786959045&hitsPerPage=1000
2026-08-24 04:37:00 +0000 - dagster - INFO - __ASSET_JOB - 04d78ca5-82d5-40a7-9417-55a9800f7320 - hackernews - Retrieved 414 items in this window.
2026-08-24 04:37:00 +0000 - dagster - INFO - __ASSET_JOB - 04d78ca5-82d5-40a7-9417-55a9800f7320 - hackernews - Querying time window: 2026-08-17 09:30:45 to 2026-08-17 10:30:45 (1786959045 to 1786962645)...
2026-08-24 04:37:00 +0000 - dagster - INFO - __ASSET_JOB - 04d78ca5-82d5-40a7-9417-55a9800f7320 - hackernews - Making GET request to https://hn.algolia.com/api/v1/search_by_date?numericFilters=created_at_i%3E%3D1786959045%2Ccreated_at_i%3C1786962645&hitsPerPage=1000
2026-08-24 04:37:01 +0000 - dagster - INFO - __ASSET_JOB - 04d78ca5-82d5-40a7-9417-55a9800f7320 - hackernews - Retrieved 374 items in this window.
2026-08-24 04:37:01 +0000 - dagster - INFO - __ASSET_JOB - 04d78ca5-82d5-40a7-9417-55a9800f7320 - hackernews - Querying time window: 2026-08-17 10:30:45 to 2026-08-17 11:30:45 (1786962645 to 1786966245)...
2026-08-24 04:37:01 +0000 - dagster - INFO - __ASSET_JOB - 04d78ca5-82d5-40a7-9417-55a9800f7320 - hackernews - Making GET request to https://hn.algolia.com/api/v1/search_by_date?numericFilters=created_at_i%3E%3D1786962645%2Ccreated_at_i%3C1786966245&hitsPerPage=1000
2026-08-24 04:37:01 +0000 - dagster - INFO - __ASSET_JOB - 04d78ca5-82d5-40a7-9417-55a9800f7320 - hackernews - Retrieved 412 items in this window.
2026-08-24 04:37:01 +0000 - dagster - INFO - __ASSET_JOB - 04d78ca5-82d5-40a7-9417-55a9800f7320 - hackernews - Querying time window: 2026-08-17 11:30:45 to 2026-08-17 12:30:45 (1786966245 to 1786969845)...
2026-08-24 04:37:01 +0000 - dagster - INFO - __ASSET_JOB - 04d78ca5-82d5-40a7-9417-55a9800f7320 - hackernews - Making GET request to https://hn.algolia.com/api/v1/search_by_date?numericFilters=created_at_i%3E%3D1786966245%2Ccreated_at_i%3C1786969845&hitsPerPage=1000
2026-08-24 04:37:01 +0000 - dagster - INFO - __ASSET_JOB - 04d78ca5-82d5-40a7-9417-55a9800f7320 - hackernews - Retrieved 470 items in this window.
2026-08-24 04:37:02 +0000 - dagster - INFO - __ASSET_JOB - 04d78ca5-82d5-40a7-9417-55a9800f7320 - hackernews - Querying time window: 2026-08-17 12:30:45 to 2026-08-17 13:30:45 (1786969845 to 1786973445)...
2026-08-24 04:37:02 +0000 - dagster - INFO - __ASSET_JOB - 04d78ca5-82d5-40a7-9417-55a9800f7320 - hackernews - Making GET request to https://hn.algolia.com/api/v1/search_by_date?numericFilters=created_at_i%3E%3D1786969845%2Ccreated_at_i%3C1786973445&hitsPerPage=1000
2026-08-24 04:37:02 +0000 - dagster - INFO - __ASSET_JOB - 04d78ca5-82d5-40a7-9417-55a9800f7320 - hackernews - Retrieved 641 items in this window.
2026-08-24 04:37:02 +0000 - dagster - INFO - __ASSET_JOB - 04d78ca5-82d5-40a7-9417-55a9800f7320 - hackernews - Querying time window: 2026-08-17 13:30:45 to 2026-08-17 14:30:45 (1786973445 to 1786977045)...
2026-08-24 04:37:02 +0000 - dagster - INFO - __ASSET_JOB - 04d78ca5-82d5-40a7-9417-55a9800f7320 - hackernews - Making GET request to https://hn.algolia.com/api/v1/search_by_date?numericFilters=created_at_i%3E%3D1786973445%2Ccreated_at_i%3C1786977045&hitsPerPage=1000
2026-08-24 04:37:03 +0000 - dagster - INFO - __ASSET_JOB - 04d78ca5-82d5-40a7-9417-55a9800f7320 - hackernews - Retrieved 969 items in this window.
2026-08-24 04:37:03 +0000 - dagster - INFO - __ASSET_JOB - 04d78ca5-82d5-40a7-9417-55a9800f7320 - hackernews - Querying time window: 2026-08-17 14:30:45 to 2026-08-17 15:30:45 (1786977045 to 1786980645)...
2026-08-24 04:37:03 +0000 - dagster - INFO - __ASSET_JOB - 04d78ca5-82d5-40a7-9417-55a9800f7320 - hackernews - Making GET request to https://hn.algolia.com/api/v1/search_by_date?numericFilters=created_at_i%3E%3D1786977045%2Ccreated_at_i%3C1786980645&hitsPerPage=1000
2026-08-24 04:37:03 +0000 - dagster - INFO - __ASSET_JOB - 04d78ca5-82d5-40a7-9417-55a9800f7320 - hackernews - Retrieved 956 items in this window.
2026-08-24 04:37:03 +0000 - dagster - INFO - __ASSET_JOB - 04d78ca5-82d5-40a7-9417-55a9800f7320 - hackernews - Querying time window: 2026-08-17 15:30:45 to 2026-08-17 16:30:45 (1786980645 to 1786984245)...
2026-08-24 04:37:03 +0000 - dagster - INFO - __ASSET_JOB - 04d78ca5-82d5-40a7-9417-55a9800f7320 - hackernews - Making GET request to https://hn.algolia.com/api/v1/search_by_date?numericFilters=created_at_i%3E%3D1786980645%2Ccreated_at_i%3C1786984245&hitsPerPage=1000
2026-08-24 04:37:04 +0000 - dagster - INFO - __ASSET_JOB - 04d78ca5-82d5-40a7-9417-55a9800f7320 - hackernews - Retrieved 951 items in this window.
2026-08-24 04:37:04 +0000 - dagster - INFO - __ASSET_JOB - 04d78ca5-82d5-40a7-9417-55a9800f7320 - hackernews - Querying time window: 2026-08-17 16:30:45 to 2026-08-17 17:30:45 (1786984245 to 1786987845)...
2026-08-24 04:37:04 +0000 - dagster - INFO - __ASSET_JOB - 04d78ca5-82d5-40a7-9417-55a9800f7320 - hackernews - Making GET request to https://hn.algolia.com/api/v1/search_by_date?numericFilters=created_at_i%3E%3D1786984245%2Ccreated_at_i%3C1786987845&hitsPerPage=1000
2026-08-24 04:37:04 +0000 - dagster - INFO - __ASSET_JOB - 04d78ca5-82d5-40a7-9417-55a9800f7320 - hackernews - Retrieved 816 items in this window.
2026-08-24 04:37:04 +0000 - dagster - INFO - __ASSET_JOB - 04d78ca5-82d5-40a7-9417-55a9800f7320 - hackernews - Querying time window: 2026-08-17 17:30:45 to 2026-08-17 18:30:45 (1786987845 to 1786991445)...
2026-08-24 04:37:04 +0000 - dagster - INFO - __ASSET_JOB - 04d78ca5-82d5-40a7-9417-55a9800f7320 - hackernews - Making GET request to https://hn.algolia.com/api/v1/search_by_date?numericFilters=created_at_i%3E%3D1786987845%2Ccreated_at_i%3C1786991445&hitsPerPage=1000
2026-08-24 04:37:05 +0000 - dagster - INFO - __ASSET_JOB - 04d78ca5-82d5-40a7-9417-55a9800f7320 - hackernews - Retrieved 857 items in this window.
2026-08-24 04:37:05 +0000 - dagster - INFO - __ASSET_JOB - 04d78ca5-82d5-40a7-9417-55a9800f7320 - hackernews - Querying time window: 2026-08-17 18:30:45 to 2026-08-17 19:30:45 (1786991445 to 1786995045)...
2026-08-24 04:37:05 +0000 - dagster - INFO - __ASSET_JOB - 04d78ca5-82d5-40a7-9417-55a9800f7320 - hackernews - Making GET request to https://hn.algolia.com/api/v1/search_by_date?numericFilters=created_at_i%3E%3D1786991445%2Ccreated_at_i%3C1786995045&hitsPerPage=1000
2026-08-24 04:37:05 +0000 - dagster - INFO - __ASSET_JOB - 04d78ca5-82d5-40a7-9417-55a9800f7320 - hackernews - Retrieved 743 items in this window.
2026-08-24 04:37:05 +0000 - dagster - INFO - __ASSET_JOB - 04d78ca5-82d5-40a7-9417-55a9800f7320 - hackernews - Querying time window: 2026-08-17 19:30:45 to 2026-08-17 20:30:45 (1786995045 to 1786998645)...
2026-08-24 04:37:05 +0000 - dagster - INFO - __ASSET_JOB - 04d78ca5-82d5-40a7-9417-55a9800f7320 - hackernews - Making GET request to https://hn.algolia.com/api/v1/search_by_date?numericFilters=created_at_i%3E%3D1786995045%2Ccreated_at_i%3C1786998645&hitsPerPage=1000
2026-08-24 04:37:06 +0000 - dagster - INFO - __ASSET_JOB - 04d78ca5-82d5-40a7-9417-55a9800f7320 - hackernews - Retrieved 754 items in this window.
2026-08-24 04:37:06 +0000 - dagster - INFO - __ASSET_JOB - 04d78ca5-82d5-40a7-9417-55a9800f7320 - hackernews - Querying time window: 2026-08-17 20:30:45 to 2026-08-17 21:30:45 (1786998645 to 1787002245)...
2026-08-24 04:37:06 +0000 - dagster - INFO - __ASSET_JOB - 04d78ca5-82d5-40a7-9417-55a9800f7320 - hackernews - Making GET request to https://hn.algolia.com/api/v1/search_by_date?numericFilters=created_at_i%3E%3D1786998645%2Ccreated_at_i%3C1787002245&hitsPerPage=1000
2026-08-24 04:37:06 +0000 - dagster - INFO - __ASSET_JOB - 04d78ca5-82d5-40a7-9417-55a9800f7320 - hackernews - Retrieved 665 items in this window.
2026-08-24 04:37:06 +0000 - dagster - INFO - __ASSET_JOB - 04d78ca5-82d5-40a7-9417-55a9800f7320 - hackernews - Querying time window: 2026-08-17 21:30:45 to 2026-08-17 22:30:45 (1787002245 to 1787005845)...
2026-08-24 04:37:06 +0000 - dagster - INFO - __ASSET_JOB - 04d78ca5-82d5-40a7-9417-55a9800f7320 - hackernews - Making GET request to https://hn.algolia.com/api/v1/search_by_date?numericFilters=created_at_i%3E%3D1787002245%2Ccreated_at_i%3C1787005845&hitsPerPage=1000
2026-08-24 04:37:07 +0000 - dagster - INFO - __ASSET_JOB - 04d78ca5-82d5-40a7-9417-55a9800f7320 - hackernews - Retrieved 595 items in this window.
2026-08-24 04:37:07 +0000 - dagster - INFO - __ASSET_JOB - 04d78ca5-82d5-40a7-9417-55a9800f7320 - hackernews - Querying time window: 2026-08-17 22:30:45 to 2026-08-17 23:30:45 (1787005845 to 1787009445)...
2026-08-24 04:37:07 +0000 - dagster - INFO - __ASSET_JOB - 04d78ca5-82d5-40a7-9417-55a9800f7320 - hackernews - Making GET request to https://hn.algolia.com/api/v1/search_by_date?numericFilters=created_at_i%3E%3D1787005845%2Ccreated_at_i%3C1787009445&hitsPerPage=1000
2026-08-24 04:37:07 +0000 - dagster - INFO - __ASSET_JOB - 04d78ca5-82d5-40a7-9417-55a9800f7320 - hackernews - Retrieved 524 items in this window.
2026-08-24 04:37:07 +0000 - dagster - INFO - __ASSET_JOB - 04d78ca5-82d5-40a7-9417-55a9800f7320 - hackernews - Querying time window: 2026-08-17 23:30:45 to 2026-08-18 00:30:45 (1787009445 to 1787013045)...
2026-08-24 04:37:07 +0000 - dagster - INFO - __ASSET_JOB - 04d78ca5-82d5-40a7-9417-55a9800f7320 - hackernews - Making GET request to https://hn.algolia.com/api/v1/search_by_date?numericFilters=created_at_i%3E%3D1787009445%2Ccreated_at_i%3C1787013045&hitsPerPage=1000
2026-08-24 04:37:07 +0000 - dagster - INFO - __ASSET_JOB - 04d78ca5-82d5-40a7-9417-55a9800f7320 - hackernews - Retrieved 437 items in this window.
2026-08-24 04:37:07 +0000 - dagster - INFO - __ASSET_JOB - 04d78ca5-82d5-40a7-9417-55a9800f7320 - hackernews - Querying time window: 2026-08-18 00:30:45 to 2026-08-18 01:30:45 (1787013045 to 1787016645)...
2026-08-24 04:37:07 +0000 - dagster - INFO - __ASSET_JOB - 04d78ca5-82d5-40a7-9417-55a9800f7320 - hackernews - Making GET request to https://hn.algolia.com/api/v1/search_by_date?numericFilters=created_at_i%3E%3D1787013045%2Ccreated_at_i%3C1787016645&hitsPerPage=1000
2026-08-24 04:37:08 +0000 - dagster - INFO - __ASSET_JOB - 04d78ca5-82d5-40a7-9417-55a9800f7320 - hackernews - Retrieved 378 items in this window.
2026-08-24 04:37:08 +0000 - dagster - INFO - __ASSET_JOB - 04d78ca5-82d5-40a7-9417-55a9800f7320 - hackernews - Querying time window: 2026-08-18 01:30:45 to 2026-08-18 02:30:45 (1787016645 to 1787020245)...
2026-08-24 04:37:08 +0000 - dagster - INFO - __ASSET_JOB - 04d78ca5-82d5-40a7-9417-55a9800f7320 - hackernews - Making GET request to https://hn.algolia.com/api/v1/search_by_date?numericFilters=created_at_i%3E%3D1787016645%2Ccreated_at_i%3C1787020245&hitsPerPage=1000
2026-08-24 04:37:08 +0000 - dagster - INFO - __ASSET_JOB - 04d78ca5-82d5-40a7-9417-55a9800f7320 - hackernews - Retrieved 379 items in this window.
2026-08-24 04:37:08 +0000 - dagster - INFO - __ASSET_JOB - 04d78ca5-82d5-40a7-9417-55a9800f7320 - hackernews - Querying time window: 2026-08-18 02:30:45 to 2026-08-18 03:30:45 (1787020245 to 1787023845)...
2026-08-24 04:37:08 +0000 - dagster - INFO - __ASSET_JOB - 04d78ca5-82d5-40a7-9417-55a9800f7320 - hackernews - Making GET request to https://hn.algolia.com/api/v1/search_by_date?numericFilters=created_at_i%3E%3D1787020245%2Ccreated_at_i%3C1787023845&hitsPerPage=1000
2026-08-24 04:37:09 +0000 - dagster - INFO - __ASSET_JOB - 04d78ca5-82d5-40a7-9417-55a9800f7320 - hackernews - Retrieved 371 items in this window.
2026-08-24 04:37:09 +0000 - dagster - INFO - __ASSET_JOB - 04d78ca5-82d5-40a7-9417-55a9800f7320 - hackernews - Querying time window: 2026-08-18 03:30:45 to 2026-08-18 04:30:45 (1787023845 to 1787027445)...
2026-08-24 04:37:09 +0000 - dagster - INFO - __ASSET_JOB - 04d78ca5-82d5-40a7-9417-55a9800f7320 - hackernews - Making GET request to https://hn.algolia.com/api/v1/search_by_date?numericFilters=created_at_i%3E%3D1787023845%2Ccreated_at_i%3C1787027445&hitsPerPage=1000
2026-08-24 04:37:09 +0000 - dagster - INFO - __ASSET_JOB - 04d78ca5-82d5-40a7-9417-55a9800f7320 - hackernews - Retrieved 315 items in this window.
2026-08-24 04:37:09 +0000 - dagster - INFO - __ASSET_JOB - 04d78ca5-82d5-40a7-9417-55a9800f7320 - hackernews - Querying time window: 2026-08-18 04:30:45 to 2026-08-18 05:30:45 (1787027445 to 1787031045)...
2026-08-24 04:37:09 +0000 - dagster - INFO - __ASSET_JOB - 04d78ca5-82d5-40a7-9417-55a9800f7320 - hackernews - Making GET request to https://hn.algolia.com/api/v1/search_by_date?numericFilters=created_at_i%3E%3D1787027445%2Ccreated_at_i%3C1787031045&hitsPerPage=1000
2026-08-24 04:37:09 +0000 - dagster - INFO - __ASSET_JOB - 04d78ca5-82d5-40a7-9417-55a9800f7320 - hackernews - Retrieved 304 items in this window.
2026-08-24 04:37:09 +0000 - dagster - INFO - __ASSET_JOB - 04d78ca5-82d5-40a7-9417-55a9800f7320 - hackernews - Querying time window: 2026-08-18 05:30:45 to 2026-08-18 06:30:45 (1787031045 to 1787034645)...
2026-08-24 04:37:09 +0000 - dagster - INFO - __ASSET_JOB - 04d78ca5-82d5-40a7-9417-55a9800f7320 - hackernews - Making GET request to https://hn.algolia.com/api/v1/search_by_date?numericFilters=created_at_i%3E%3D1787031045%2Ccreated_at_i%3C1787034645&hitsPerPage=1000
2026-08-24 04:37:10 +0000 - dagster - INFO - __ASSET_JOB - 04d78ca5-82d5-40a7-9417-55a9800f7320 - hackernews - Retrieved 400 items in this window.
2026-08-24 04:37:10 +0000 - dagster - INFO - __ASSET_JOB - 04d78ca5-82d5-40a7-9417-55a9800f7320 - hackernews - Querying time window: 2026-08-18 06:30:45 to 2026-08-18 07:30:45 (1787034645 to 1787038245)...
2026-08-24 04:37:10 +0000 - dagster - INFO - __ASSET_JOB - 04d78ca5-82d5-40a7-9417-55a9800f7320 - hackernews - Making GET request to https://hn.algolia.com/api/v1/search_by_date?numericFilters=created_at_i%3E%3D1787034645%2Ccreated_at_i%3C1787038245&hitsPerPage=1000
2026-08-24 04:37:10 +0000 - dagster - INFO - __ASSET_JOB - 04d78ca5-82d5-40a7-9417-55a9800f7320 - hackernews - Retrieved 363 items in this window.
2026-08-24 04:37:10 +0000 - dagster - INFO - __ASSET_JOB - 04d78ca5-82d5-40a7-9417-55a9800f7320 - hackernews - Querying time window: 2026-08-18 07:30:45 to 2026-08-18 08:30:45 (1787038245 to 1787041845)...
2026-08-24 04:37:10 +0000 - dagster - INFO - __ASSET_JOB - 04d78ca5-82d5-40a7-9417-55a9800f7320 - hackernews - Making GET request to https://hn.algolia.com/api/v1/search_by_date?numericFilters=created_at_i%3E%3D1787038245%2Ccreated_at_i%3C1787041845&hitsPerPage=1000
2026-08-24 04:37:11 +0000 - dagster - INFO - __ASSET_JOB - 04d78ca5-82d5-40a7-9417-55a9800f7320 - hackernews - Retrieved 337 items in this window.
2026-08-24 04:37:11 +0000 - dagster - INFO - __ASSET_JOB - 04d78ca5-82d5-40a7-9417-55a9800f7320 - hackernews - Querying time window: 2026-08-18 08:30:45 to 2026-08-18 09:30:45 (1787041845 to 1787045445)...
2026-08-24 04:37:11 +0000 - dagster - INFO - __ASSET_JOB - 04d78ca5-82d5-40a7-9417-55a9800f7320 - hackernews - Making GET request to https://hn.algolia.com/api/v1/search_by_date?numericFilters=created_at_i%3E%3D1787041845%2Ccreated_at_i%3C1787045445&hitsPerPage=1000
2026-08-24 04:37:11 +0000 - dagster - INFO - __ASSET_JOB - 04d78ca5-82d5-40a7-9417-55a9800f7320 - hackernews - Retrieved 304 items in this window.
2026-08-24 04:37:11 +0000 - dagster - INFO - __ASSET_JOB - 04d78ca5-82d5-40a7-9417-55a9800f7320 - hackernews - Querying time window: 2026-08-18 09:30:45 to 2026-08-18 10:30:45 (1787045445 to 1787049045)...
2026-08-24 04:37:11 +0000 - dagster - INFO - __ASSET_JOB - 04d78ca5-82d5-40a7-9417-55a9800f7320 - hackernews - Making GET request to https://hn.algolia.com/api/v1/search_by_date?numericFilters=created_at_i%3E%3D1787045445%2Ccreated_at_i%3C1787049045&hitsPerPage=1000
2026-08-24 04:37:11 +0000 - dagster - INFO - __ASSET_JOB - 04d78ca5-82d5-40a7-9417-55a9800f7320 - hackernews - Retrieved 287 items in this window.
2026-08-24 04:37:11 +0000 - dagster - INFO - __ASSET_JOB - 04d78ca5-82d5-40a7-9417-55a9800f7320 - hackernews - Querying time window: 2026-08-18 10:30:45 to 2026-08-18 11:30:45 (1787049045 to 1787052645)...
2026-08-24 04:37:11 +0000 - dagster - INFO - __ASSET_JOB - 04d78ca5-82d5-40a7-9417-55a9800f7320 - hackernews - Making GET request to https://hn.algolia.com/api/v1/search_by_date?numericFilters=created_at_i%3E%3D1787049045%2Ccreated_at_i%3C1787052645&hitsPerPage=1000
2026-08-24 04:37:12 +0000 - dagster - INFO - __ASSET_JOB - 04d78ca5-82d5-40a7-9417-55a9800f7320 - hackernews - Retrieved 397 items in this window.
2026-08-24 04:37:12 +0000 - dagster - INFO - __ASSET_JOB - 04d78ca5-82d5-40a7-9417-55a9800f7320 - hackernews - Querying time window: 2026-08-18 11:30:45 to 2026-08-18 12:30:45 (1787052645 to 1787056245)...
2026-08-24 04:37:12 +0000 - dagster - INFO - __ASSET_JOB - 04d78ca5-82d5-40a7-9417-55a9800f7320 - hackernews - Making GET request to https://hn.algolia.com/api/v1/search_by_date?numericFilters=created_at_i%3E%3D1787052645%2Ccreated_at_i%3C1787056245&hitsPerPage=1000
2026-08-24 04:37:12 +0000 - dagster - INFO - __ASSET_JOB - 04d78ca5-82d5-40a7-9417-55a9800f7320 - hackernews - Retrieved 468 items in this window.
2026-08-24 04:37:12 +0000 - dagster - INFO - __ASSET_JOB - 04d78ca5-82d5-40a7-9417-55a9800f7320 - hackernews - Querying time window: 2026-08-18 12:30:45 to 2026-08-18 13:30:45 (1787056245 to 1787059845)...
2026-08-24 04:37:12 +0000 - dagster - INFO - __ASSET_JOB - 04d78ca5-82d5-40a7-9417-55a9800f7320 - hackernews - Making GET request to https://hn.algolia.com/api/v1/search_by_date?numericFilters=created_at_i%3E%3D1787056245%2Ccreated_at_i%3C1787059845&hitsPerPage=1000
2026-08-24 04:37:13 +0000 - dagster - INFO - __ASSET_JOB - 04d78ca5-82d5-40a7-9417-55a9800f7320 - hackernews - Retrieved 580 items in this window.
2026-08-24 04:37:13 +0000 - dagster - INFO - __ASSET_JOB - 04d78ca5-82d5-40a7-9417-55a9800f7320 - hackernews - Querying time window: 2026-08-18 13:30:45 to 2026-08-18 14:30:45 (1787059845 to 1787063445)...
2026-08-24 04:37:13 +0000 - dagster - INFO - __ASSET_JOB - 04d78ca5-82d5-40a7-9417-55a9800f7320 - hackernews - Making GET request to https://hn.algolia.com/api/v1/search_by_date?numericFilters=created_at_i%3E%3D1787059845%2Ccreated_at_i%3C1787063445&hitsPerPage=1000
2026-08-24 04:37:13 +0000 - dagster - INFO - __ASSET_JOB - 04d78ca5-82d5-40a7-9417-55a9800f7320 - hackernews - Retrieved 668 items in this window.
2026-08-24 04:37:13 +0000 - dagster - INFO - __ASSET_JOB - 04d78ca5-82d5-40a7-9417-55a9800f7320 - hackernews - Querying time window: 2026-08-18 14:30:45 to 2026-08-18 15:30:45 (1787063445 to 1787067045)...
2026-08-24 04:37:13 +0000 - dagster - INFO - __ASSET_JOB - 04d78ca5-82d5-40a7-9417-55a9800f7320 - hackernews - Making GET request to https://hn.algolia.com/api/v1/search_by_date?numericFilters=created_at_i%3E%3D1787063445%2Ccreated_at_i%3C1787067045&hitsPerPage=1000
2026-08-24 04:37:14 +0000 - dagster - INFO - __ASSET_JOB - 04d78ca5-82d5-40a7-9417-55a9800f7320 - hackernews - Retrieved 903 items in this window.
2026-08-24 04:37:14 +0000 - dagster - INFO - __ASSET_JOB - 04d78ca5-82d5-40a7-9417-55a9800f7320 - hackernews - Querying time window: 2026-08-18 15:30:45 to 2026-08-18 16:30:45 (1787067045 to 1787070645)...
2026-08-24 04:37:14 +0000 - dagster - INFO - __ASSET_JOB - 04d78ca5-82d5-40a7-9417-55a9800f7320 - hackernews - Making GET request to https://hn.algolia.com/api/v1/search_by_date?numericFilters=created_at_i%3E%3D1787067045%2Ccreated_at_i%3C1787070645&hitsPerPage=1000
2026-08-24 04:37:14 +0000 - dagster - INFO - __ASSET_JOB - 04d78ca5-82d5-40a7-9417-55a9800f7320 - hackernews - Retrieved 916 items in this window.
2026-08-24 04:37:14 +0000 - dagster - INFO - __ASSET_JOB - 04d78ca5-82d5-40a7-9417-55a9800f7320 - hackernews - Querying time window: 2026-08-18 16:30:45 to 2026-08-18 17:30:45 (1787070645 to 1787074245)...
2026-08-24 04:37:14 +0000 - dagster - INFO - __ASSET_JOB - 04d78ca5-82d5-40a7-9417-55a9800f7320 - hackernews - Making GET request to https://hn.algolia.com/api/v1/search_by_date?numericFilters=created_at_i%3E%3D1787070645%2Ccreated_at_i%3C1787074245&hitsPerPage=1000
2026-08-24 04:37:15 +0000 - dagster - INFO - __ASSET_JOB - 04d78ca5-82d5-40a7-9417-55a9800f7320 - hackernews - Retrieved 958 items in this window.
2026-08-24 04:37:15 +0000 - dagster - INFO - __ASSET_JOB - 04d78ca5-82d5-40a7-9417-55a9800f7320 - hackernews - Querying time window: 2026-08-18 17:30:45 to 2026-08-18 18:30:45 (1787074245 to 1787077845)...
2026-08-24 04:37:15 +0000 - dagster - INFO - __ASSET_JOB - 04d78ca5-82d5-40a7-9417-55a9800f7320 - hackernews - Making GET request to https://hn.algolia.com/api/v1/search_by_date?numericFilters=created_at_i%3E%3D1787074245%2Ccreated_at_i%3C1787077845&hitsPerPage=1000
2026-08-24 04:37:15 +0000 - dagster - INFO - __ASSET_JOB - 04d78ca5-82d5-40a7-9417-55a9800f7320 - hackernews - Retrieved 960 items in this window.
2026-08-24 04:37:16 +0000 - dagster - INFO - __ASSET_JOB - 04d78ca5-82d5-40a7-9417-55a9800f7320 - hackernews - Querying time window: 2026-08-18 18:30:45 to 2026-08-18 19:30:45 (1787077845 to 1787081445)...
2026-08-24 04:37:16 +0000 - dagster - INFO - __ASSET_JOB - 04d78ca5-82d5-40a7-9417-55a9800f7320 - hackernews - Making GET request to https://hn.algolia.com/api/v1/search_by_date?numericFilters=created_at_i%3E%3D1787077845%2Ccreated_at_i%3C1787081445&hitsPerPage=1000
2026-08-24 04:37:16 +0000 - dagster - INFO - __ASSET_JOB - 04d78ca5-82d5-40a7-9417-55a9800f7320 - hackernews - Retrieved 913 items in this window.
2026-08-24 04:37:16 +0000 - dagster - INFO - __ASSET_JOB - 04d78ca5-82d5-40a7-9417-55a9800f7320 - hackernews - Querying time window: 2026-08-18 19:30:45 to 2026-08-18 20:30:45 (1787081445 to 1787085045)...
2026-08-24 04:37:16 +0000 - dagster - INFO - __ASSET_JOB - 04d78ca5-82d5-40a7-9417-55a9800f7320 - hackernews - Making GET request to https://hn.algolia.com/api/v1/search_by_date?numericFilters=created_at_i%3E%3D1787081445%2Ccreated_at_i%3C1787085045&hitsPerPage=1000
2026-08-24 04:37:16 +0000 - dagster - INFO - __ASSET_JOB - 04d78ca5-82d5-40a7-9417-55a9800f7320 - hackernews - Retrieved 833 items in this window.
2026-08-24 04:37:16 +0000 - dagster - INFO - __ASSET_JOB - 04d78ca5-82d5-40a7-9417-55a9800f7320 - hackernews - Querying time window: 2026-08-18 20:30:45 to 2026-08-18 21:30:45 (1787085045 to 1787088645)...
2026-08-24 04:37:17 +0000 - dagster - INFO - __ASSET_JOB - 04d78ca5-82d5-40a7-9417-55a9800f7320 - hackernews - Making GET request to https://hn.algolia.com/api/v1/search_by_date?numericFilters=created_at_i%3E%3D1787085045%2Ccreated_at_i%3C1787088645&hitsPerPage=1000
2026-08-24 04:37:17 +0000 - dagster - INFO - __ASSET_JOB - 04d78ca5-82d5-40a7-9417-55a9800f7320 - hackernews - Retrieved 691 items in this window.
2026-08-24 04:37:17 +0000 - dagster - INFO - __ASSET_JOB - 04d78ca5-82d5-40a7-9417-55a9800f7320 - hackernews - Querying time window: 2026-08-18 21:30:45 to 2026-08-18 22:30:45 (1787088645 to 1787092245)...
2026-08-24 04:37:17 +0000 - dagster - INFO - __ASSET_JOB - 04d78ca5-82d5-40a7-9417-55a9800f7320 - hackernews - Making GET request to https://hn.algolia.com/api/v1/search_by_date?numericFilters=created_at_i%3E%3D1787088645%2Ccreated_at_i%3C1787092245&hitsPerPage=1000
2026-08-24 04:37:17 +0000 - dagster - INFO - __ASSET_JOB - 04d78ca5-82d5-40a7-9417-55a9800f7320 - hackernews - Retrieved 654 items in this window.
2026-08-24 04:37:18 +0000 - dagster - INFO - __ASSET_JOB - 04d78ca5-82d5-40a7-9417-55a9800f7320 - hackernews - Querying time window: 2026-08-18 22:30:45 to 2026-08-18 23:30:45 (1787092245 to 1787095845)...
2026-08-24 04:37:18 +0000 - dagster - INFO - __ASSET_JOB - 04d78ca5-82d5-40a7-9417-55a9800f7320 - hackernews - Making GET request to https://hn.algolia.com/api/v1/search_by_date?numericFilters=created_at_i%3E%3D1787092245%2Ccreated_at_i%3C1787095845&hitsPerPage=1000
2026-08-24 04:37:18 +0000 - dagster - INFO - __ASSET_JOB - 04d78ca5-82d5-40a7-9417-55a9800f7320 - hackernews - Retrieved 635 items in this window.
2026-08-24 04:37:18 +0000 - dagster - INFO - __ASSET_JOB - 04d78ca5-82d5-40a7-9417-55a9800f7320 - hackernews - Querying time window: 2026-08-18 23:30:45 to 2026-08-19 00:30:45 (1787095845 to 1787099445)...
2026-08-24 04:37:18 +0000 - dagster - INFO - __ASSET_JOB - 04d78ca5-82d5-40a7-9417-55a9800f7320 - hackernews - Making GET request to https://hn.algolia.com/api/v1/search_by_date?numericFilters=created_at_i%3E%3D1787095845%2Ccreated_at_i%3C1787099445&hitsPerPage=1000
2026-08-24 04:37:18 +0000 - dagster - INFO - __ASSET_JOB - 04d78ca5-82d5-40a7-9417-55a9800f7320 - hackernews - Retrieved 501 items in this window.
2026-08-24 04:37:18 +0000 - dagster - INFO - __ASSET_JOB - 04d78ca5-82d5-40a7-9417-55a9800f7320 - hackernews - Querying time window: 2026-08-19 00:30:45 to 2026-08-19 01:30:45 (1787099445 to 1787103045)...
2026-08-24 04:37:18 +0000 - dagster - INFO - __ASSET_JOB - 04d78ca5-82d5-40a7-9417-55a9800f7320 - hackernews - Making GET request to https://hn.algolia.com/api/v1/search_by_date?numericFilters=created_at_i%3E%3D1787099445%2Ccreated_at_i%3C1787103045&hitsPerPage=1000
2026-08-24 04:37:19 +0000 - dagster - INFO - __ASSET_JOB - 04d78ca5-82d5-40a7-9417-55a9800f7320 - hackernews - Retrieved 406 items in this window.
2026-08-24 04:37:19 +0000 - dagster - INFO - __ASSET_JOB - 04d78ca5-82d5-40a7-9417-55a9800f7320 - hackernews - Querying time window: 2026-08-19 01:30:45 to 2026-08-19 02:30:45 (1787103045 to 1787106645)...
2026-08-24 04:37:19 +0000 - dagster - INFO - __ASSET_JOB - 04d78ca5-82d5-40a7-9417-55a9800f7320 - hackernews - Making GET request to https://hn.algolia.com/api/v1/search_by_date?numericFilters=created_at_i%3E%3D1787103045%2Ccreated_at_i%3C1787106645&hitsPerPage=1000
2026-08-24 04:37:19 +0000 - dagster - INFO - __ASSET_JOB - 04d78ca5-82d5-40a7-9417-55a9800f7320 - hackernews - Retrieved 414 items in this window.
2026-08-24 04:37:19 +0000 - dagster - INFO - __ASSET_JOB - 04d78ca5-82d5-40a7-9417-55a9800f7320 - hackernews - Querying time window: 2026-08-19 02:30:45 to 2026-08-19 03:30:45 (1787106645 to 1787110245)...
2026-08-24 04:37:19 +0000 - dagster - INFO - __ASSET_JOB - 04d78ca5-82d5-40a7-9417-55a9800f7320 - hackernews - Making GET request to https://hn.algolia.com/api/v1/search_by_date?numericFilters=created_at_i%3E%3D1787106645%2Ccreated_at_i%3C1787110245&hitsPerPage=1000
2026-08-24 04:37:20 +0000 - dagster - INFO - __ASSET_JOB - 04d78ca5-82d5-40a7-9417-55a9800f7320 - hackernews - Retrieved 419 items in this window.
2026-08-24 04:37:20 +0000 - dagster - INFO - __ASSET_JOB - 04d78ca5-82d5-40a7-9417-55a9800f7320 - hackernews - Querying time window: 2026-08-19 03:30:45 to 2026-08-19 04:30:45 (1787110245 to 1787113845)...
2026-08-24 04:37:20 +0000 - dagster - INFO - __ASSET_JOB - 04d78ca5-82d5-40a7-9417-55a9800f7320 - hackernews - Making GET request to https://hn.algolia.com/api/v1/search_by_date?numericFilters=created_at_i%3E%3D1787110245%2Ccreated_at_i%3C1787113845&hitsPerPage=1000
2026-08-24 04:37:20 +0000 - dagster - INFO - __ASSET_JOB - 04d78ca5-82d5-40a7-9417-55a9800f7320 - hackernews - Retrieved 436 items in this window.
2026-08-24 04:37:20 +0000 - dagster - INFO - __ASSET_JOB - 04d78ca5-82d5-40a7-9417-55a9800f7320 - hackernews - Querying time window: 2026-08-19 04:30:45 to 2026-08-19 05:30:45 (1787113845 to 1787117445)...
2026-08-24 04:37:20 +0000 - dagster - INFO - __ASSET_JOB - 04d78ca5-82d5-40a7-9417-55a9800f7320 - hackernews - Making GET request to https://hn.algolia.com/api/v1/search_by_date?numericFilters=created_at_i%3E%3D1787113845%2Ccreated_at_i%3C1787117445&hitsPerPage=1000
2026-08-24 04:37:21 +0000 - dagster - INFO - __ASSET_JOB - 04d78ca5-82d5-40a7-9417-55a9800f7320 - hackernews - Retrieved 380 items in this window.
2026-08-24 04:37:21 +0000 - dagster - INFO - __ASSET_JOB - 04d78ca5-82d5-40a7-9417-55a9800f7320 - hackernews - Querying time window: 2026-08-19 05:30:45 to 2026-08-19 06:30:45 (1787117445 to 1787121045)...
2026-08-24 04:37:21 +0000 - dagster - INFO - __ASSET_JOB - 04d78ca5-82d5-40a7-9417-55a9800f7320 - hackernews - Making GET request to https://hn.algolia.com/api/v1/search_by_date?numericFilters=created_at_i%3E%3D1787117445%2Ccreated_at_i%3C1787121045&hitsPerPage=1000
2026-08-24 04:37:21 +0000 - dagster - INFO - __ASSET_JOB - 04d78ca5-82d5-40a7-9417-55a9800f7320 - hackernews - Retrieved 377 items in this window.
2026-08-24 04:37:21 +0000 - dagster - INFO - __ASSET_JOB - 04d78ca5-82d5-40a7-9417-55a9800f7320 - hackernews - Querying time window: 2026-08-19 06:30:45 to 2026-08-19 07:30:45 (1787121045 to 1787124645)...
2026-08-24 04:37:21 +0000 - dagster - INFO - __ASSET_JOB - 04d78ca5-82d5-40a7-9417-55a9800f7320 - hackernews - Making GET request to https://hn.algolia.com/api/v1/search_by_date?numericFilters=created_at_i%3E%3D1787121045%2Ccreated_at_i%3C1787124645&hitsPerPage=1000
2026-08-24 04:37:21 +0000 - dagster - INFO - __ASSET_JOB - 04d78ca5-82d5-40a7-9417-55a9800f7320 - hackernews - Retrieved 448 items in this window.
2026-08-24 04:37:21 +0000 - dagster - INFO - __ASSET_JOB - 04d78ca5-82d5-40a7-9417-55a9800f7320 - hackernews - Querying time window: 2026-08-19 07:30:45 to 2026-08-19 08:30:45 (1787124645 to 1787128245)...
2026-08-24 04:37:21 +0000 - dagster - INFO - __ASSET_JOB - 04d78ca5-82d5-40a7-9417-55a9800f7320 - hackernews - Making GET request to https://hn.algolia.com/api/v1/search_by_date?numericFilters=created_at_i%3E%3D1787124645%2Ccreated_at_i%3C1787128245&hitsPerPage=1000
2026-08-24 04:37:22 +0000 - dagster - INFO - __ASSET_JOB - 04d78ca5-82d5-40a7-9417-55a9800f7320 - hackernews - Retrieved 462 items in this window.
2026-08-24 04:37:22 +0000 - dagster - INFO - __ASSET_JOB - 04d78ca5-82d5-40a7-9417-55a9800f7320 - hackernews - Querying time window: 2026-08-19 08:30:45 to 2026-08-19 09:30:45 (1787128245 to 1787131845)...
2026-08-24 04:37:22 +0000 - dagster - INFO - __ASSET_JOB - 04d78ca5-82d5-40a7-9417-55a9800f7320 - hackernews - Making GET request to https://hn.algolia.com/api/v1/search_by_date?numericFilters=created_at_i%3E%3D1787128245%2Ccreated_at_i%3C1787131845&hitsPerPage=1000
2026-08-24 04:37:22 +0000 - dagster - INFO - __ASSET_JOB - 04d78ca5-82d5-40a7-9417-55a9800f7320 - hackernews - Retrieved 369 items in this window.
2026-08-24 04:37:22 +0000 - dagster - INFO - __ASSET_JOB - 04d78ca5-82d5-40a7-9417-55a9800f7320 - hackernews - Querying time window: 2026-08-19 09:30:45 to 2026-08-19 10:30:45 (1787131845 to 1787135445)...
2026-08-24 04:37:22 +0000 - dagster - INFO - __ASSET_JOB - 04d78ca5-82d5-40a7-9417-55a9800f7320 - hackernews - Making GET request to https://hn.algolia.com/api/v1/search_by_date?numericFilters=created_at_i%3E%3D1787131845%2Ccreated_at_i%3C1787135445&hitsPerPage=1000
2026-08-24 04:37:23 +0000 - dagster - INFO - __ASSET_JOB - 04d78ca5-82d5-40a7-9417-55a9800f7320 - hackernews - Retrieved 416 items in this window.
2026-08-24 04:37:23 +0000 - dagster - INFO - __ASSET_JOB - 04d78ca5-82d5-40a7-9417-55a9800f7320 - hackernews - Querying time window: 2026-08-19 10:30:45 to 2026-08-19 11:30:45 (1787135445 to 1787139045)...
2026-08-24 04:37:23 +0000 - dagster - INFO - __ASSET_JOB - 04d78ca5-82d5-40a7-9417-55a9800f7320 - hackernews - Making GET request to https://hn.algolia.com/api/v1/search_by_date?numericFilters=created_at_i%3E%3D1787135445%2Ccreated_at_i%3C1787139045&hitsPerPage=1000
2026-08-24 04:37:23 +0000 - dagster - INFO - __ASSET_JOB - 04d78ca5-82d5-40a7-9417-55a9800f7320 - hackernews - Retrieved 469 items in this window.
2026-08-24 04:37:23 +0000 - dagster - INFO - __ASSET_JOB - 04d78ca5-82d5-40a7-9417-55a9800f7320 - hackernews - Querying time window: 2026-08-19 11:30:45 to 2026-08-19 12:30:45 (1787139045 to 1787142645)...
2026-08-24 04:37:23 +0000 - dagster - INFO - __ASSET_JOB - 04d78ca5-82d5-40a7-9417-55a9800f7320 - hackernews - Making GET request to https://hn.algolia.com/api/v1/search_by_date?numericFilters=created_at_i%3E%3D1787139045%2Ccreated_at_i%3C1787142645&hitsPerPage=1000
2026-08-24 04:37:24 +0000 - dagster - INFO - __ASSET_JOB - 04d78ca5-82d5-40a7-9417-55a9800f7320 - hackernews - Retrieved 488 items in this window.
2026-08-24 04:37:24 +0000 - dagster - INFO - __ASSET_JOB - 04d78ca5-82d5-40a7-9417-55a9800f7320 - hackernews - Querying time window: 2026-08-19 12:30:45 to 2026-08-19 13:30:45 (1787142645 to 1787146245)...
2026-08-24 04:37:24 +0000 - dagster - INFO - __ASSET_JOB - 04d78ca5-82d5-40a7-9417-55a9800f7320 - hackernews - Making GET request to https://hn.algolia.com/api/v1/search_by_date?numericFilters=created_at_i%3E%3D1787142645%2Ccreated_at_i%3C1787146245&hitsPerPage=1000
2026-08-24 04:37:24 +0000 - dagster - INFO - __ASSET_JOB - 04d78ca5-82d5-40a7-9417-55a9800f7320 - hackernews - Retrieved 621 items in this window.
2026-08-24 04:37:24 +0000 - dagster - INFO - __ASSET_JOB - 04d78ca5-82d5-40a7-9417-55a9800f7320 - hackernews - Querying time window: 2026-08-19 13:30:45 to 2026-08-19 14:30:45 (1787146245 to 1787149845)...
2026-08-24 04:37:24 +0000 - dagster - INFO - __ASSET_JOB - 04d78ca5-82d5-40a7-9417-55a9800f7320 - hackernews - Making GET request to https://hn.algolia.com/api/v1/search_by_date?numericFilters=created_at_i%3E%3D1787146245%2Ccreated_at_i%3C1787149845&hitsPerPage=1000
2026-08-24 04:37:24 +0000 - dagster - INFO - __ASSET_JOB - 04d78ca5-82d5-40a7-9417-55a9800f7320 - hackernews - Retrieved 660 items in this window.
2026-08-24 04:37:24 +0000 - dagster - INFO - __ASSET_JOB - 04d78ca5-82d5-40a7-9417-55a9800f7320 - hackernews - Querying time window: 2026-08-19 14:30:45 to 2026-08-19 15:30:45 (1787149845 to 1787153445)...
2026-08-24 04:37:24 +0000 - dagster - INFO - __ASSET_JOB - 04d78ca5-82d5-40a7-9417-55a9800f7320 - hackernews - Making GET request to https://hn.algolia.com/api/v1/search_by_date?numericFilters=created_at_i%3E%3D1787149845%2Ccreated_at_i%3C1787153445&hitsPerPage=1000
2026-08-24 04:37:25 +0000 - dagster - INFO - __ASSET_JOB - 04d78ca5-82d5-40a7-9417-55a9800f7320 - hackernews - Retrieved 701 items in this window.
2026-08-24 04:37:25 +0000 - dagster - INFO - __ASSET_JOB - 04d78ca5-82d5-40a7-9417-55a9800f7320 - hackernews - Querying time window: 2026-08-19 15:30:45 to 2026-08-19 16:30:45 (1787153445 to 1787157045)...
2026-08-24 04:37:25 +0000 - dagster - INFO - __ASSET_JOB - 04d78ca5-82d5-40a7-9417-55a9800f7320 - hackernews - Making GET request to https://hn.algolia.com/api/v1/search_by_date?numericFilters=created_at_i%3E%3D1787153445%2Ccreated_at_i%3C1787157045&hitsPerPage=1000
2026-08-24 04:37:25 +0000 - dagster - INFO - __ASSET_JOB - 04d78ca5-82d5-40a7-9417-55a9800f7320 - hackernews - Retrieved 742 items in this window.
2026-08-24 04:37:25 +0000 - dagster - INFO - __ASSET_JOB - 04d78ca5-82d5-40a7-9417-55a9800f7320 - hackernews - Querying time window: 2026-08-19 16:30:45 to 2026-08-19 17:30:45 (1787157045 to 1787160645)...
2026-08-24 04:37:25 +0000 - dagster - INFO - __ASSET_JOB - 04d78ca5-82d5-40a7-9417-55a9800f7320 - hackernews - Making GET request to https://hn.algolia.com/api/v1/search_by_date?numericFilters=created_at_i%3E%3D1787157045%2Ccreated_at_i%3C1787160645&hitsPerPage=1000
2026-08-24 04:37:26 +0000 - dagster - INFO - __ASSET_JOB - 04d78ca5-82d5-40a7-9417-55a9800f7320 - hackernews - Retrieved 718 items in this window.
2026-08-24 04:37:26 +0000 - dagster - INFO - __ASSET_JOB - 04d78ca5-82d5-40a7-9417-55a9800f7320 - hackernews - Querying time window: 2026-08-19 17:30:45 to 2026-08-19 18:30:45 (1787160645 to 1787164245)...
2026-08-24 04:37:26 +0000 - dagster - INFO - __ASSET_JOB - 04d78ca5-82d5-40a7-9417-55a9800f7320 - hackernews - Making GET request to https://hn.algolia.com/api/v1/search_by_date?numericFilters=created_at_i%3E%3D1787160645%2Ccreated_at_i%3C1787164245&hitsPerPage=1000
2026-08-24 04:37:27 +0000 - dagster - INFO - __ASSET_JOB - 04d78ca5-82d5-40a7-9417-55a9800f7320 - hackernews - Retrieved 740 items in this window.
2026-08-24 04:37:27 +0000 - dagster - INFO - __ASSET_JOB - 04d78ca5-82d5-40a7-9417-55a9800f7320 - hackernews - Querying time window: 2026-08-19 18:30:45 to 2026-08-19 19:30:45 (1787164245 to 1787167845)...
2026-08-24 04:37:27 +0000 - dagster - INFO - __ASSET_JOB - 04d78ca5-82d5-40a7-9417-55a9800f7320 - hackernews - Making GET request to https://hn.algolia.com/api/v1/search_by_date?numericFilters=created_at_i%3E%3D1787164245%2Ccreated_at_i%3C1787167845&hitsPerPage=1000
2026-08-24 04:37:27 +0000 - dagster - INFO - __ASSET_JOB - 04d78ca5-82d5-40a7-9417-55a9800f7320 - hackernews - Retrieved 670 items in this window.
2026-08-24 04:37:27 +0000 - dagster - INFO - __ASSET_JOB - 04d78ca5-82d5-40a7-9417-55a9800f7320 - hackernews - Querying time window: 2026-08-19 19:30:45 to 2026-08-19 20:30:45 (1787167845 to 1787171445)...
2026-08-24 04:37:27 +0000 - dagster - INFO - __ASSET_JOB - 04d78ca5-82d5-40a7-9417-55a9800f7320 - hackernews - Making GET request to https://hn.algolia.com/api/v1/search_by_date?numericFilters=created_at_i%3E%3D1787167845%2Ccreated_at_i%3C1787171445&hitsPerPage=1000
2026-08-24 04:37:28 +0000 - dagster - INFO - __ASSET_JOB - 04d78ca5-82d5-40a7-9417-55a9800f7320 - hackernews - Retrieved 637 items in this window.
2026-08-24 04:37:28 +0000 - dagster - INFO - __ASSET_JOB - 04d78ca5-82d5-40a7-9417-55a9800f7320 - hackernews - Querying time window: 2026-08-19 20:30:45 to 2026-08-19 21:30:45 (1787171445 to 1787175045)...
2026-08-24 04:37:28 +0000 - dagster - INFO - __ASSET_JOB - 04d78ca5-82d5-40a7-9417-55a9800f7320 - hackernews - Making GET request to https://hn.algolia.com/api/v1/search_by_date?numericFilters=created_at_i%3E%3D1787171445%2Ccreated_at_i%3C1787175045&hitsPerPage=1000
2026-08-24 04:37:28 +0000 - dagster - INFO - __ASSET_JOB - 04d78ca5-82d5-40a7-9417-55a9800f7320 - hackernews - Retrieved 580 items in this window.
2026-08-24 04:37:28 +0000 - dagster - INFO - __ASSET_JOB - 04d78ca5-82d5-40a7-9417-55a9800f7320 - hackernews - Querying time window: 2026-08-19 21:30:45 to 2026-08-19 22:30:45 (1787175045 to 1787178645)...
2026-08-24 04:37:28 +0000 - dagster - INFO - __ASSET_JOB - 04d78ca5-82d5-40a7-9417-55a9800f7320 - hackernews - Making GET request to https://hn.algolia.com/api/v1/search_by_date?numericFilters=created_at_i%3E%3D1787175045%2Ccreated_at_i%3C1787178645&hitsPerPage=1000
2026-08-24 04:37:28 +0000 - dagster - INFO - __ASSET_JOB - 04d78ca5-82d5-40a7-9417-55a9800f7320 - hackernews - Retrieved 514 items in this window.
2026-08-24 04:37:28 +0000 - dagster - INFO - __ASSET_JOB - 04d78ca5-82d5-40a7-9417-55a9800f7320 - hackernews - Querying time window: 2026-08-19 22:30:45 to 2026-08-19 23:30:45 (1787178645 to 1787182245)...
2026-08-24 04:37:28 +0000 - dagster - INFO - __ASSET_JOB - 04d78ca5-82d5-40a7-9417-55a9800f7320 - hackernews - Making GET request to https://hn.algolia.com/api/v1/search_by_date?numericFilters=created_at_i%3E%3D1787178645%2Ccreated_at_i%3C1787182245&hitsPerPage=1000
2026-08-24 04:37:29 +0000 - dagster - INFO - __ASSET_JOB - 04d78ca5-82d5-40a7-9417-55a9800f7320 - hackernews - Retrieved 487 items in this window.
2026-08-24 04:37:29 +0000 - dagster - INFO - __ASSET_JOB - 04d78ca5-82d5-40a7-9417-55a9800f7320 - hackernews - Querying time window: 2026-08-19 23:30:45 to 2026-08-20 00:30:45 (1787182245 to 1787185845)...
2026-08-24 04:37:29 +0000 - dagster - INFO - __ASSET_JOB - 04d78ca5-82d5-40a7-9417-55a9800f7320 - hackernews - Making GET request to https://hn.algolia.com/api/v1/search_by_date?numericFilters=created_at_i%3E%3D1787182245%2Ccreated_at_i%3C1787185845&hitsPerPage=1000
2026-08-24 04:37:29 +0000 - dagster - INFO - __ASSET_JOB - 04d78ca5-82d5-40a7-9417-55a9800f7320 - hackernews - Retrieved 409 items in this window.
2026-08-24 04:37:29 +0000 - dagster - INFO - __ASSET_JOB - 04d78ca5-82d5-40a7-9417-55a9800f7320 - hackernews - Querying time window: 2026-08-20 00:30:45 to 2026-08-20 01:30:45 (1787185845 to 1787189445)...
2026-08-24 04:37:29 +0000 - dagster - INFO - __ASSET_JOB - 04d78ca5-82d5-40a7-9417-55a9800f7320 - hackernews - Making GET request to https://hn.algolia.com/api/v1/search_by_date?numericFilters=created_at_i%3E%3D1787185845%2Ccreated_at_i%3C1787189445&hitsPerPage=1000
2026-08-24 04:37:30 +0000 - dagster - INFO - __ASSET_JOB - 04d78ca5-82d5-40a7-9417-55a9800f7320 - hackernews - Retrieved 369 items in this window.
2026-08-24 04:37:30 +0000 - dagster - INFO - __ASSET_JOB - 04d78ca5-82d5-40a7-9417-55a9800f7320 - hackernews - Querying time window: 2026-08-20 01:30:45 to 2026-08-20 02:30:45 (1787189445 to 1787193045)...
2026-08-24 04:37:30 +0000 - dagster - INFO - __ASSET_JOB - 04d78ca5-82d5-40a7-9417-55a9800f7320 - hackernews - Making GET request to https://hn.algolia.com/api/v1/search_by_date?numericFilters=created_at_i%3E%3D1787189445%2Ccreated_at_i%3C1787193045&hitsPerPage=1000
2026-08-24 04:37:30 +0000 - dagster - INFO - __ASSET_JOB - 04d78ca5-82d5-40a7-9417-55a9800f7320 - hackernews - Retrieved 293 items in this window.
2026-08-24 04:37:30 +0000 - dagster - INFO - __ASSET_JOB - 04d78ca5-82d5-40a7-9417-55a9800f7320 - hackernews - Querying time window: 2026-08-20 02:30:45 to 2026-08-20 03:30:45 (1787193045 to 1787196645)...
2026-08-24 04:37:30 +0000 - dagster - INFO - __ASSET_JOB - 04d78ca5-82d5-40a7-9417-55a9800f7320 - hackernews - Making GET request to https://hn.algolia.com/api/v1/search_by_date?numericFilters=created_at_i%3E%3D1787193045%2Ccreated_at_i%3C1787196645&hitsPerPage=1000
2026-08-24 04:37:30 +0000 - dagster - INFO - __ASSET_JOB - 04d78ca5-82d5-40a7-9417-55a9800f7320 - hackernews - Retrieved 267 items in this window.
2026-08-24 04:37:31 +0000 - dagster - INFO - __ASSET_JOB - 04d78ca5-82d5-40a7-9417-55a9800f7320 - hackernews - Querying time window: 2026-08-20 03:30:45 to 2026-08-20 04:30:45 (1787196645 to 1787200245)...
2026-08-24 04:37:31 +0000 - dagster - INFO - __ASSET_JOB - 04d78ca5-82d5-40a7-9417-55a9800f7320 - hackernews - Making GET request to https://hn.algolia.com/api/v1/search_by_date?numericFilters=created_at_i%3E%3D1787196645%2Ccreated_at_i%3C1787200245&hitsPerPage=1000
2026-08-24 04:37:31 +0000 - dagster - INFO - __ASSET_JOB - 04d78ca5-82d5-40a7-9417-55a9800f7320 - hackernews - Retrieved 274 items in this window.
2026-08-24 04:37:31 +0000 - dagster - INFO - __ASSET_JOB - 04d78ca5-82d5-40a7-9417-55a9800f7320 - hackernews - Querying time window: 2026-08-20 04:30:45 to 2026-08-20 05:30:45 (1787200245 to 1787203845)...
2026-08-24 04:37:31 +0000 - dagster - INFO - __ASSET_JOB - 04d78ca5-82d5-40a7-9417-55a9800f7320 - hackernews - Making GET request to https://hn.algolia.com/api/v1/search_by_date?numericFilters=created_at_i%3E%3D1787200245%2Ccreated_at_i%3C1787203845&hitsPerPage=1000
2026-08-24 04:37:31 +0000 - dagster - INFO - __ASSET_JOB - 04d78ca5-82d5-40a7-9417-55a9800f7320 - hackernews - Retrieved 292 items in this window.
2026-08-24 04:37:31 +0000 - dagster - INFO - __ASSET_JOB - 04d78ca5-82d5-40a7-9417-55a9800f7320 - hackernews - Querying time window: 2026-08-20 05:30:45 to 2026-08-20 06:30:45 (1787203845 to 1787207445)...
2026-08-24 04:37:31 +0000 - dagster - INFO - __ASSET_JOB - 04d78ca5-82d5-40a7-9417-55a9800f7320 - hackernews - Making GET request to https://hn.algolia.com/api/v1/search_by_date?numericFilters=created_at_i%3E%3D1787203845%2Ccreated_at_i%3C1787207445&hitsPerPage=1000
2026-08-24 04:37:32 +0000 - dagster - INFO - __ASSET_JOB - 04d78ca5-82d5-40a7-9417-55a9800f7320 - hackernews - Retrieved 355 items in this window.
2026-08-24 04:37:32 +0000 - dagster - INFO - __ASSET_JOB - 04d78ca5-82d5-40a7-9417-55a9800f7320 - hackernews - Querying time window: 2026-08-20 06:30:45 to 2026-08-20 07:30:45 (1787207445 to 1787211045)...
2026-08-24 04:37:32 +0000 - dagster - INFO - __ASSET_JOB - 04d78ca5-82d5-40a7-9417-55a9800f7320 - hackernews - Making GET request to https://hn.algolia.com/api/v1/search_by_date?numericFilters=created_at_i%3E%3D1787207445%2Ccreated_at_i%3C1787211045&hitsPerPage=1000
2026-08-24 04:37:32 +0000 - dagster - INFO - __ASSET_JOB - 04d78ca5-82d5-40a7-9417-55a9800f7320 - hackernews - Retrieved 388 items in this window.
2026-08-24 04:37:32 +0000 - dagster - INFO - __ASSET_JOB - 04d78ca5-82d5-40a7-9417-55a9800f7320 - hackernews - Querying time window: 2026-08-20 07:30:45 to 2026-08-20 08:30:45 (1787211045 to 1787214645)...
2026-08-24 04:37:32 +0000 - dagster - INFO - __ASSET_JOB - 04d78ca5-82d5-40a7-9417-55a9800f7320 - hackernews - Making GET request to https://hn.algolia.com/api/v1/search_by_date?numericFilters=created_at_i%3E%3D1787211045%2Ccreated_at_i%3C1787214645&hitsPerPage=1000
2026-08-24 04:37:32 +0000 - dagster - INFO - __ASSET_JOB - 04d78ca5-82d5-40a7-9417-55a9800f7320 - hackernews - Retrieved 349 items in this window.
2026-08-24 04:37:32 +0000 - dagster - INFO - __ASSET_JOB - 04d78ca5-82d5-40a7-9417-55a9800f7320 - hackernews - Querying time window: 2026-08-20 08:30:45 to 2026-08-20 09:30:45 (1787214645 to 1787218245)...
2026-08-24 04:37:32 +0000 - dagster - INFO - __ASSET_JOB - 04d78ca5-82d5-40a7-9417-55a9800f7320 - hackernews - Making GET request to https://hn.algolia.com/api/v1/search_by_date?numericFilters=created_at_i%3E%3D1787214645%2Ccreated_at_i%3C1787218245&hitsPerPage=1000
2026-08-24 04:37:33 +0000 - dagster - INFO - __ASSET_JOB - 04d78ca5-82d5-40a7-9417-55a9800f7320 - hackernews - Retrieved 362 items in this window.
2026-08-24 04:37:33 +0000 - dagster - INFO - __ASSET_JOB - 04d78ca5-82d5-40a7-9417-55a9800f7320 - hackernews - Querying time window: 2026-08-20 09:30:45 to 2026-08-20 10:30:45 (1787218245 to 1787221845)...
2026-08-24 04:37:33 +0000 - dagster - INFO - __ASSET_JOB - 04d78ca5-82d5-40a7-9417-55a9800f7320 - hackernews - Making GET request to https://hn.algolia.com/api/v1/search_by_date?numericFilters=created_at_i%3E%3D1787218245%2Ccreated_at_i%3C1787221845&hitsPerPage=1000
2026-08-24 04:37:33 +0000 - dagster - INFO - __ASSET_JOB - 04d78ca5-82d5-40a7-9417-55a9800f7320 - hackernews - Retrieved 339 items in this window.
2026-08-24 04:37:33 +0000 - dagster - INFO - __ASSET_JOB - 04d78ca5-82d5-40a7-9417-55a9800f7320 - hackernews - Querying time window: 2026-08-20 10:30:45 to 2026-08-20 11:30:45 (1787221845 to 1787225445)...
2026-08-24 04:37:33 +0000 - dagster - INFO - __ASSET_JOB - 04d78ca5-82d5-40a7-9417-55a9800f7320 - hackernews - Making GET request to https://hn.algolia.com/api/v1/search_by_date?numericFilters=created_at_i%3E%3D1787221845%2Ccreated_at_i%3C1787225445&hitsPerPage=1000
2026-08-24 04:37:34 +0000 - dagster - INFO - __ASSET_JOB - 04d78ca5-82d5-40a7-9417-55a9800f7320 - hackernews - Retrieved 392 items in this window.
2026-08-24 04:37:34 +0000 - dagster - INFO - __ASSET_JOB - 04d78ca5-82d5-40a7-9417-55a9800f7320 - hackernews - Querying time window: 2026-08-20 11:30:45 to 2026-08-20 12:30:45 (1787225445 to 1787229045)...
2026-08-24 04:37:34 +0000 - dagster - INFO - __ASSET_JOB - 04d78ca5-82d5-40a7-9417-55a9800f7320 - hackernews - Making GET request to https://hn.algolia.com/api/v1/search_by_date?numericFilters=created_at_i%3E%3D1787225445%2Ccreated_at_i%3C1787229045&hitsPerPage=1000
2026-08-24 04:37:34 +0000 - dagster - INFO - __ASSET_JOB - 04d78ca5-82d5-40a7-9417-55a9800f7320 - hackernews - Retrieved 479 items in this window.
2026-08-24 04:37:34 +0000 - dagster - INFO - __ASSET_JOB - 04d78ca5-82d5-40a7-9417-55a9800f7320 - hackernews - Querying time window: 2026-08-20 12:30:45 to 2026-08-20 13:30:45 (1787229045 to 1787232645)...
2026-08-24 04:37:34 +0000 - dagster - INFO - __ASSET_JOB - 04d78ca5-82d5-40a7-9417-55a9800f7320 - hackernews - Making GET request to https://hn.algolia.com/api/v1/search_by_date?numericFilters=created_at_i%3E%3D1787229045%2Ccreated_at_i%3C1787232645&hitsPerPage=1000
2026-08-24 04:37:34 +0000 - dagster - INFO - __ASSET_JOB - 04d78ca5-82d5-40a7-9417-55a9800f7320 - hackernews - Retrieved 562 items in this window.
2026-08-24 04:37:34 +0000 - dagster - INFO - __ASSET_JOB - 04d78ca5-82d5-40a7-9417-55a9800f7320 - hackernews - Querying time window: 2026-08-20 13:30:45 to 2026-08-20 14:30:45 (1787232645 to 1787236245)...
2026-08-24 04:37:34 +0000 - dagster - INFO - __ASSET_JOB - 04d78ca5-82d5-40a7-9417-55a9800f7320 - hackernews - Making GET request to https://hn.algolia.com/api/v1/search_by_date?numericFilters=created_at_i%3E%3D1787232645%2Ccreated_at_i%3C1787236245&hitsPerPage=1000
2026-08-24 04:37:35 +0000 - dagster - INFO - __ASSET_JOB - 04d78ca5-82d5-40a7-9417-55a9800f7320 - hackernews - Retrieved 663 items in this window.
2026-08-24 04:37:35 +0000 - dagster - INFO - __ASSET_JOB - 04d78ca5-82d5-40a7-9417-55a9800f7320 - hackernews - Querying time window: 2026-08-20 14:30:45 to 2026-08-20 15:30:45 (1787236245 to 1787239845)...
2026-08-24 04:37:35 +0000 - dagster - INFO - __ASSET_JOB - 04d78ca5-82d5-40a7-9417-55a9800f7320 - hackernews - Making GET request to https://hn.algolia.com/api/v1/search_by_date?numericFilters=created_at_i%3E%3D1787236245%2Ccreated_at_i%3C1787239845&hitsPerPage=1000
2026-08-24 04:37:36 +0000 - dagster - INFO - __ASSET_JOB - 04d78ca5-82d5-40a7-9417-55a9800f7320 - hackernews - Retrieved 843 items in this window.
2026-08-24 04:37:36 +0000 - dagster - INFO - __ASSET_JOB - 04d78ca5-82d5-40a7-9417-55a9800f7320 - hackernews - Querying time window: 2026-08-20 15:30:45 to 2026-08-20 16:30:45 (1787239845 to 1787243445)...
2026-08-24 04:37:36 +0000 - dagster - INFO - __ASSET_JOB - 04d78ca5-82d5-40a7-9417-55a9800f7320 - hackernews - Making GET request to https://hn.algolia.com/api/v1/search_by_date?numericFilters=created_at_i%3E%3D1787239845%2Ccreated_at_i%3C1787243445&hitsPerPage=1000
2026-08-24 04:37:36 +0000 - dagster - INFO - __ASSET_JOB - 04d78ca5-82d5-40a7-9417-55a9800f7320 - hackernews - Retrieved 746 items in this window.
2026-08-24 04:37:36 +0000 - dagster - INFO - __ASSET_JOB - 04d78ca5-82d5-40a7-9417-55a9800f7320 - hackernews - Querying time window: 2026-08-20 16:30:45 to 2026-08-20 17:30:45 (1787243445 to 1787247045)...
2026-08-24 04:37:36 +0000 - dagster - INFO - __ASSET_JOB - 04d78ca5-82d5-40a7-9417-55a9800f7320 - hackernews - Making GET request to https://hn.algolia.com/api/v1/search_by_date?numericFilters=created_at_i%3E%3D1787243445%2Ccreated_at_i%3C1787247045&hitsPerPage=1000
2026-08-24 04:37:37 +0000 - dagster - INFO - __ASSET_JOB - 04d78ca5-82d5-40a7-9417-55a9800f7320 - hackernews - Retrieved 671 items in this window.
2026-08-24 04:37:37 +0000 - dagster - INFO - __ASSET_JOB - 04d78ca5-82d5-40a7-9417-55a9800f7320 - hackernews - Querying time window: 2026-08-20 17:30:45 to 2026-08-20 18:30:45 (1787247045 to 1787250645)...
2026-08-24 04:37:37 +0000 - dagster - INFO - __ASSET_JOB - 04d78ca5-82d5-40a7-9417-55a9800f7320 - hackernews - Making GET request to https://hn.algolia.com/api/v1/search_by_date?numericFilters=created_at_i%3E%3D1787247045%2Ccreated_at_i%3C1787250645&hitsPerPage=1000
2026-08-24 04:37:37 +0000 - dagster - INFO - __ASSET_JOB - 04d78ca5-82d5-40a7-9417-55a9800f7320 - hackernews - Retrieved 689 items in this window.
2026-08-24 04:37:37 +0000 - dagster - INFO - __ASSET_JOB - 04d78ca5-82d5-40a7-9417-55a9800f7320 - hackernews - Querying time window: 2026-08-20 18:30:45 to 2026-08-20 19:30:45 (1787250645 to 1787254245)...
2026-08-24 04:37:37 +0000 - dagster - INFO - __ASSET_JOB - 04d78ca5-82d5-40a7-9417-55a9800f7320 - hackernews - Making GET request to https://hn.algolia.com/api/v1/search_by_date?numericFilters=created_at_i%3E%3D1787250645%2Ccreated_at_i%3C1787254245&hitsPerPage=1000
2026-08-24 04:37:38 +0000 - dagster - INFO - __ASSET_JOB - 04d78ca5-82d5-40a7-9417-55a9800f7320 - hackernews - Retrieved 605 items in this window.
2026-08-24 04:37:38 +0000 - dagster - INFO - __ASSET_JOB - 04d78ca5-82d5-40a7-9417-55a9800f7320 - hackernews - Querying time window: 2026-08-20 19:30:45 to 2026-08-20 20:30:45 (1787254245 to 1787257845)...
2026-08-24 04:37:38 +0000 - dagster - INFO - __ASSET_JOB - 04d78ca5-82d5-40a7-9417-55a9800f7320 - hackernews - Making GET request to https://hn.algolia.com/api/v1/search_by_date?numericFilters=created_at_i%3E%3D1787254245%2Ccreated_at_i%3C1787257845&hitsPerPage=1000
2026-08-24 04:37:38 +0000 - dagster - INFO - __ASSET_JOB - 04d78ca5-82d5-40a7-9417-55a9800f7320 - hackernews - Retrieved 708 items in this window.
2026-08-24 04:37:38 +0000 - dagster - INFO - __ASSET_JOB - 04d78ca5-82d5-40a7-9417-55a9800f7320 - hackernews - Querying time window: 2026-08-20 20:30:45 to 2026-08-20 21:30:45 (1787257845 to 1787261445)...
2026-08-24 04:37:38 +0000 - dagster - INFO - __ASSET_JOB - 04d78ca5-82d5-40a7-9417-55a9800f7320 - hackernews - Making GET request to https://hn.algolia.com/api/v1/search_by_date?numericFilters=created_at_i%3E%3D1787257845%2Ccreated_at_i%3C1787261445&hitsPerPage=1000
2026-08-24 04:37:38 +0000 - dagster - INFO - __ASSET_JOB - 04d78ca5-82d5-40a7-9417-55a9800f7320 - hackernews - Retrieved 632 items in this window.
2026-08-24 04:37:38 +0000 - dagster - INFO - __ASSET_JOB - 04d78ca5-82d5-40a7-9417-55a9800f7320 - hackernews - Querying time window: 2026-08-20 21:30:45 to 2026-08-20 22:30:45 (1787261445 to 1787265045)...
2026-08-24 04:37:38 +0000 - dagster - INFO - __ASSET_JOB - 04d78ca5-82d5-40a7-9417-55a9800f7320 - hackernews - Making GET request to https://hn.algolia.com/api/v1/search_by_date?numericFilters=created_at_i%3E%3D1787261445%2Ccreated_at_i%3C1787265045&hitsPerPage=1000
2026-08-24 04:37:39 +0000 - dagster - INFO - __ASSET_JOB - 04d78ca5-82d5-40a7-9417-55a9800f7320 - hackernews - Retrieved 555 items in this window.
2026-08-24 04:37:39 +0000 - dagster - INFO - __ASSET_JOB - 04d78ca5-82d5-40a7-9417-55a9800f7320 - hackernews - Querying time window: 2026-08-20 22:30:45 to 2026-08-20 23:30:45 (1787265045 to 1787268645)...
2026-08-24 04:37:39 +0000 - dagster - INFO - __ASSET_JOB - 04d78ca5-82d5-40a7-9417-55a9800f7320 - hackernews - Making GET request to https://hn.algolia.com/api/v1/search_by_date?numericFilters=created_at_i%3E%3D1787265045%2Ccreated_at_i%3C1787268645&hitsPerPage=1000
2026-08-24 04:37:40 +0000 - dagster - INFO - __ASSET_JOB - 04d78ca5-82d5-40a7-9417-55a9800f7320 - hackernews - Retrieved 488 items in this window.
2026-08-24 04:37:40 +0000 - dagster - INFO - __ASSET_JOB - 04d78ca5-82d5-40a7-9417-55a9800f7320 - hackernews - Querying time window: 2026-08-20 23:30:45 to 2026-08-21 00:30:45 (1787268645 to 1787272245)...
2026-08-24 04:37:40 +0000 - dagster - INFO - __ASSET_JOB - 04d78ca5-82d5-40a7-9417-55a9800f7320 - hackernews - Making GET request to https://hn.algolia.com/api/v1/search_by_date?numericFilters=created_at_i%3E%3D1787268645%2Ccreated_at_i%3C1787272245&hitsPerPage=1000
2026-08-24 04:37:40 +0000 - dagster - INFO - __ASSET_JOB - 04d78ca5-82d5-40a7-9417-55a9800f7320 - hackernews - Retrieved 424 items in this window.
2026-08-24 04:37:40 +0000 - dagster - INFO - __ASSET_JOB - 04d78ca5-82d5-40a7-9417-55a9800f7320 - hackernews - Querying time window: 2026-08-21 00:30:45 to 2026-08-21 01:30:45 (1787272245 to 1787275845)...
2026-08-24 04:37:40 +0000 - dagster - INFO - __ASSET_JOB - 04d78ca5-82d5-40a7-9417-55a9800f7320 - hackernews - Making GET request to https://hn.algolia.com/api/v1/search_by_date?numericFilters=created_at_i%3E%3D1787272245%2Ccreated_at_i%3C1787275845&hitsPerPage=1000
2026-08-24 04:37:40 +0000 - dagster - INFO - __ASSET_JOB - 04d78ca5-82d5-40a7-9417-55a9800f7320 - hackernews - Retrieved 364 items in this window.
2026-08-24 04:37:40 +0000 - dagster - INFO - __ASSET_JOB - 04d78ca5-82d5-40a7-9417-55a9800f7320 - hackernews - Querying time window: 2026-08-21 01:30:45 to 2026-08-21 02:30:45 (1787275845 to 1787279445)...
2026-08-24 04:37:40 +0000 - dagster - INFO - __ASSET_JOB - 04d78ca5-82d5-40a7-9417-55a9800f7320 - hackernews - Making GET request to https://hn.algolia.com/api/v1/search_by_date?numericFilters=created_at_i%3E%3D1787275845%2Ccreated_at_i%3C1787279445&hitsPerPage=1000
2026-08-24 04:37:41 +0000 - dagster - INFO - __ASSET_JOB - 04d78ca5-82d5-40a7-9417-55a9800f7320 - hackernews - Retrieved 377 items in this window.
2026-08-24 04:37:41 +0000 - dagster - INFO - __ASSET_JOB - 04d78ca5-82d5-40a7-9417-55a9800f7320 - hackernews - Querying time window: 2026-08-21 02:30:45 to 2026-08-21 03:30:45 (1787279445 to 1787283045)...
2026-08-24 04:37:41 +0000 - dagster - INFO - __ASSET_JOB - 04d78ca5-82d5-40a7-9417-55a9800f7320 - hackernews - Making GET request to https://hn.algolia.com/api/v1/search_by_date?numericFilters=created_at_i%3E%3D1787279445%2Ccreated_at_i%3C1787283045&hitsPerPage=1000
2026-08-24 04:37:41 +0000 - dagster - INFO - __ASSET_JOB - 04d78ca5-82d5-40a7-9417-55a9800f7320 - hackernews - Retrieved 410 items in this window.
2026-08-24 04:37:41 +0000 - dagster - INFO - __ASSET_JOB - 04d78ca5-82d5-40a7-9417-55a9800f7320 - hackernews - Querying time window: 2026-08-21 03:30:45 to 2026-08-21 04:30:45 (1787283045 to 1787286645)...
2026-08-24 04:37:41 +0000 - dagster - INFO - __ASSET_JOB - 04d78ca5-82d5-40a7-9417-55a9800f7320 - hackernews - Making GET request to https://hn.algolia.com/api/v1/search_by_date?numericFilters=created_at_i%3E%3D1787283045%2Ccreated_at_i%3C1787286645&hitsPerPage=1000
2026-08-24 04:37:42 +0000 - dagster - INFO - __ASSET_JOB - 04d78ca5-82d5-40a7-9417-55a9800f7320 - hackernews - Retrieved 332 items in this window.
2026-08-24 04:37:42 +0000 - dagster - INFO - __ASSET_JOB - 04d78ca5-82d5-40a7-9417-55a9800f7320 - hackernews - Querying time window: 2026-08-21 04:30:45 to 2026-08-21 05:30:45 (1787286645 to 1787290245)...
2026-08-24 04:37:42 +0000 - dagster - INFO - __ASSET_JOB - 04d78ca5-82d5-40a7-9417-55a9800f7320 - hackernews - Making GET request to https://hn.algolia.com/api/v1/search_by_date?numericFilters=created_at_i%3E%3D1787286645%2Ccreated_at_i%3C1787290245&hitsPerPage=1000
2026-08-24 04:37:42 +0000 - dagster - INFO - __ASSET_JOB - 04d78ca5-82d5-40a7-9417-55a9800f7320 - hackernews - Retrieved 318 items in this window.
2026-08-24 04:37:42 +0000 - dagster - INFO - __ASSET_JOB - 04d78ca5-82d5-40a7-9417-55a9800f7320 - hackernews - Querying time window: 2026-08-21 05:30:45 to 2026-08-21 06:30:45 (1787290245 to 1787293845)...
2026-08-24 04:37:42 +0000 - dagster - INFO - __ASSET_JOB - 04d78ca5-82d5-40a7-9417-55a9800f7320 - hackernews - Making GET request to https://hn.algolia.com/api/v1/search_by_date?numericFilters=created_at_i%3E%3D1787290245%2Ccreated_at_i%3C1787293845&hitsPerPage=1000
2026-08-24 04:37:42 +0000 - dagster - INFO - __ASSET_JOB - 04d78ca5-82d5-40a7-9417-55a9800f7320 - hackernews - Retrieved 302 items in this window.
2026-08-24 04:37:42 +0000 - dagster - INFO - __ASSET_JOB - 04d78ca5-82d5-40a7-9417-55a9800f7320 - hackernews - Querying time window: 2026-08-21 06:30:45 to 2026-08-21 07:30:45 (1787293845 to 1787297445)...
2026-08-24 04:37:42 +0000 - dagster - INFO - __ASSET_JOB - 04d78ca5-82d5-40a7-9417-55a9800f7320 - hackernews - Making GET request to https://hn.algolia.com/api/v1/search_by_date?numericFilters=created_at_i%3E%3D1787293845%2Ccreated_at_i%3C1787297445&hitsPerPage=1000
2026-08-24 04:37:43 +0000 - dagster - INFO - __ASSET_JOB - 04d78ca5-82d5-40a7-9417-55a9800f7320 - hackernews - Retrieved 363 items in this window.
2026-08-24 04:37:43 +0000 - dagster - INFO - __ASSET_JOB - 04d78ca5-82d5-40a7-9417-55a9800f7320 - hackernews - Querying time window: 2026-08-21 07:30:45 to 2026-08-21 08:30:45 (1787297445 to 1787301045)...
2026-08-24 04:37:43 +0000 - dagster - INFO - __ASSET_JOB - 04d78ca5-82d5-40a7-9417-55a9800f7320 - hackernews - Making GET request to https://hn.algolia.com/api/v1/search_by_date?numericFilters=created_at_i%3E%3D1787297445%2Ccreated_at_i%3C1787301045&hitsPerPage=1000
2026-08-24 04:37:43 +0000 - dagster - INFO - __ASSET_JOB - 04d78ca5-82d5-40a7-9417-55a9800f7320 - hackernews - Retrieved 356 items in this window.
2026-08-24 04:37:43 +0000 - dagster - INFO - __ASSET_JOB - 04d78ca5-82d5-40a7-9417-55a9800f7320 - hackernews - Querying time window: 2026-08-21 08:30:45 to 2026-08-21 09:30:45 (1787301045 to 1787304645)...
2026-08-24 04:37:43 +0000 - dagster - INFO - __ASSET_JOB - 04d78ca5-82d5-40a7-9417-55a9800f7320 - hackernews - Making GET request to https://hn.algolia.com/api/v1/search_by_date?numericFilters=created_at_i%3E%3D1787301045%2Ccreated_at_i%3C1787304645&hitsPerPage=1000
2026-08-24 04:37:43 +0000 - dagster - INFO - __ASSET_JOB - 04d78ca5-82d5-40a7-9417-55a9800f7320 - hackernews - Retrieved 349 items in this window.
2026-08-24 04:37:43 +0000 - dagster - INFO - __ASSET_JOB - 04d78ca5-82d5-40a7-9417-55a9800f7320 - hackernews - Querying time window: 2026-08-21 09:30:45 to 2026-08-21 10:30:45 (1787304645 to 1787308245)...
2026-08-24 04:37:43 +0000 - dagster - INFO - __ASSET_JOB - 04d78ca5-82d5-40a7-9417-55a9800f7320 - hackernews - Making GET request to https://hn.algolia.com/api/v1/search_by_date?numericFilters=created_at_i%3E%3D1787304645%2Ccreated_at_i%3C1787308245&hitsPerPage=1000
2026-08-24 04:37:44 +0000 - dagster - INFO - __ASSET_JOB - 04d78ca5-82d5-40a7-9417-55a9800f7320 - hackernews - Retrieved 323 items in this window.
2026-08-24 04:37:44 +0000 - dagster - INFO - __ASSET_JOB - 04d78ca5-82d5-40a7-9417-55a9800f7320 - hackernews - Querying time window: 2026-08-21 10:30:45 to 2026-08-21 11:30:45 (1787308245 to 1787311845)...
2026-08-24 04:37:44 +0000 - dagster - INFO - __ASSET_JOB - 04d78ca5-82d5-40a7-9417-55a9800f7320 - hackernews - Making GET request to https://hn.algolia.com/api/v1/search_by_date?numericFilters=created_at_i%3E%3D1787308245%2Ccreated_at_i%3C1787311845&hitsPerPage=1000
2026-08-24 04:37:44 +0000 - dagster - INFO - __ASSET_JOB - 04d78ca5-82d5-40a7-9417-55a9800f7320 - hackernews - Retrieved 355 items in this window.
2026-08-24 04:37:44 +0000 - dagster - INFO - __ASSET_JOB - 04d78ca5-82d5-40a7-9417-55a9800f7320 - hackernews - Querying time window: 2026-08-21 11:30:45 to 2026-08-21 12:30:45 (1787311845 to 1787315445)...
2026-08-24 04:37:44 +0000 - dagster - INFO - __ASSET_JOB - 04d78ca5-82d5-40a7-9417-55a9800f7320 - hackernews - Making GET request to https://hn.algolia.com/api/v1/search_by_date?numericFilters=created_at_i%3E%3D1787311845%2Ccreated_at_i%3C1787315445&hitsPerPage=1000
2026-08-24 04:37:45 +0000 - dagster - INFO - __ASSET_JOB - 04d78ca5-82d5-40a7-9417-55a9800f7320 - hackernews - Retrieved 500 items in this window.
2026-08-24 04:37:45 +0000 - dagster - INFO - __ASSET_JOB - 04d78ca5-82d5-40a7-9417-55a9800f7320 - hackernews - Querying time window: 2026-08-21 12:30:45 to 2026-08-21 13:30:45 (1787315445 to 1787319045)...
2026-08-24 04:37:45 +0000 - dagster - INFO - __ASSET_JOB - 04d78ca5-82d5-40a7-9417-55a9800f7320 - hackernews - Making GET request to https://hn.algolia.com/api/v1/search_by_date?numericFilters=created_at_i%3E%3D1787315445%2Ccreated_at_i%3C1787319045&hitsPerPage=1000
2026-08-24 04:37:45 +0000 - dagster - INFO - __ASSET_JOB - 04d78ca5-82d5-40a7-9417-55a9800f7320 - hackernews - Retrieved 616 items in this window.
2026-08-24 04:37:45 +0000 - dagster - INFO - __ASSET_JOB - 04d78ca5-82d5-40a7-9417-55a9800f7320 - hackernews - Querying time window: 2026-08-21 13:30:45 to 2026-08-21 14:30:45 (1787319045 to 1787322645)...
2026-08-24 04:37:45 +0000 - dagster - INFO - __ASSET_JOB - 04d78ca5-82d5-40a7-9417-55a9800f7320 - hackernews - Making GET request to https://hn.algolia.com/api/v1/search_by_date?numericFilters=created_at_i%3E%3D1787319045%2Ccreated_at_i%3C1787322645&hitsPerPage=1000
2026-08-24 04:37:46 +0000 - dagster - INFO - __ASSET_JOB - 04d78ca5-82d5-40a7-9417-55a9800f7320 - hackernews - Retrieved 842 items in this window.
2026-08-24 04:37:46 +0000 - dagster - INFO - __ASSET_JOB - 04d78ca5-82d5-40a7-9417-55a9800f7320 - hackernews - Querying time window: 2026-08-21 14:30:45 to 2026-08-21 15:30:45 (1787322645 to 1787326245)...
2026-08-24 04:37:46 +0000 - dagster - INFO - __ASSET_JOB - 04d78ca5-82d5-40a7-9417-55a9800f7320 - hackernews - Making GET request to https://hn.algolia.com/api/v1/search_by_date?numericFilters=created_at_i%3E%3D1787322645%2Ccreated_at_i%3C1787326245&hitsPerPage=1000
2026-08-24 04:37:46 +0000 - dagster - INFO - __ASSET_JOB - 04d78ca5-82d5-40a7-9417-55a9800f7320 - hackernews - Retrieved 817 items in this window.
2026-08-24 04:37:46 +0000 - dagster - INFO - __ASSET_JOB - 04d78ca5-82d5-40a7-9417-55a9800f7320 - hackernews - Querying time window: 2026-08-21 15:30:45 to 2026-08-21 16:30:45 (1787326245 to 1787329845)...
2026-08-24 04:37:46 +0000 - dagster - INFO - __ASSET_JOB - 04d78ca5-82d5-40a7-9417-55a9800f7320 - hackernews - Making GET request to https://hn.algolia.com/api/v1/search_by_date?numericFilters=created_at_i%3E%3D1787326245%2Ccreated_at_i%3C1787329845&hitsPerPage=1000
2026-08-24 04:37:47 +0000 - dagster - INFO - __ASSET_JOB - 04d78ca5-82d5-40a7-9417-55a9800f7320 - hackernews - Retrieved 778 items in this window.
2026-08-24 04:37:47 +0000 - dagster - INFO - __ASSET_JOB - 04d78ca5-82d5-40a7-9417-55a9800f7320 - hackernews - Querying time window: 2026-08-21 16:30:45 to 2026-08-21 17:30:45 (1787329845 to 1787333445)...
2026-08-24 04:37:47 +0000 - dagster - INFO - __ASSET_JOB - 04d78ca5-82d5-40a7-9417-55a9800f7320 - hackernews - Making GET request to https://hn.algolia.com/api/v1/search_by_date?numericFilters=created_at_i%3E%3D1787329845%2Ccreated_at_i%3C1787333445&hitsPerPage=1000
2026-08-24 04:37:47 +0000 - dagster - INFO - __ASSET_JOB - 04d78ca5-82d5-40a7-9417-55a9800f7320 - hackernews - Retrieved 777 items in this window.
2026-08-24 04:37:47 +0000 - dagster - INFO - __ASSET_JOB - 04d78ca5-82d5-40a7-9417-55a9800f7320 - hackernews - Querying time window: 2026-08-21 17:30:45 to 2026-08-21 18:30:45 (1787333445 to 1787337045)...
2026-08-24 04:37:47 +0000 - dagster - INFO - __ASSET_JOB - 04d78ca5-82d5-40a7-9417-55a9800f7320 - hackernews - Making GET request to https://hn.algolia.com/api/v1/search_by_date?numericFilters=created_at_i%3E%3D1787333445%2Ccreated_at_i%3C1787337045&hitsPerPage=1000
2026-08-24 04:37:48 +0000 - dagster - INFO - __ASSET_JOB - 04d78ca5-82d5-40a7-9417-55a9800f7320 - hackernews - Retrieved 715 items in this window.
2026-08-24 04:37:48 +0000 - dagster - INFO - __ASSET_JOB - 04d78ca5-82d5-40a7-9417-55a9800f7320 - hackernews - Querying time window: 2026-08-21 18:30:45 to 2026-08-21 19:30:45 (1787337045 to 1787340645)...
2026-08-24 04:37:48 +0000 - dagster - INFO - __ASSET_JOB - 04d78ca5-82d5-40a7-9417-55a9800f7320 - hackernews - Making GET request to https://hn.algolia.com/api/v1/search_by_date?numericFilters=created_at_i%3E%3D1787337045%2Ccreated_at_i%3C1787340645&hitsPerPage=1000
2026-08-24 04:37:48 +0000 - dagster - INFO - __ASSET_JOB - 04d78ca5-82d5-40a7-9417-55a9800f7320 - hackernews - Retrieved 627 items in this window.
2026-08-24 04:37:48 +0000 - dagster - INFO - __ASSET_JOB - 04d78ca5-82d5-40a7-9417-55a9800f7320 - hackernews - Querying time window: 2026-08-21 19:30:45 to 2026-08-21 20:30:45 (1787340645 to 1787344245)...
2026-08-24 04:37:48 +0000 - dagster - INFO - __ASSET_JOB - 04d78ca5-82d5-40a7-9417-55a9800f7320 - hackernews - Making GET request to https://hn.algolia.com/api/v1/search_by_date?numericFilters=created_at_i%3E%3D1787340645%2Ccreated_at_i%3C1787344245&hitsPerPage=1000
2026-08-24 04:37:49 +0000 - dagster - INFO - __ASSET_JOB - 04d78ca5-82d5-40a7-9417-55a9800f7320 - hackernews - Retrieved 535 items in this window.
2026-08-24 04:37:49 +0000 - dagster - INFO - __ASSET_JOB - 04d78ca5-82d5-40a7-9417-55a9800f7320 - hackernews - Querying time window: 2026-08-21 20:30:45 to 2026-08-21 21:30:45 (1787344245 to 1787347845)...
2026-08-24 04:37:49 +0000 - dagster - INFO - __ASSET_JOB - 04d78ca5-82d5-40a7-9417-55a9800f7320 - hackernews - Making GET request to https://hn.algolia.com/api/v1/search_by_date?numericFilters=created_at_i%3E%3D1787344245%2Ccreated_at_i%3C1787347845&hitsPerPage=1000
2026-08-24 04:37:49 +0000 - dagster - INFO - __ASSET_JOB - 04d78ca5-82d5-40a7-9417-55a9800f7320 - hackernews - Retrieved 541 items in this window.
2026-08-24 04:37:49 +0000 - dagster - INFO - __ASSET_JOB - 04d78ca5-82d5-40a7-9417-55a9800f7320 - hackernews - Querying time window: 2026-08-21 21:30:45 to 2026-08-21 22:30:45 (1787347845 to 1787351445)...
2026-08-24 04:37:49 +0000 - dagster - INFO - __ASSET_JOB - 04d78ca5-82d5-40a7-9417-55a9800f7320 - hackernews - Making GET request to https://hn.algolia.com/api/v1/search_by_date?numericFilters=created_at_i%3E%3D1787347845%2Ccreated_at_i%3C1787351445&hitsPerPage=1000
2026-08-24 04:37:49 +0000 - dagster - INFO - __ASSET_JOB - 04d78ca5-82d5-40a7-9417-55a9800f7320 - hackernews - Retrieved 454 items in this window.
2026-08-24 04:37:50 +0000 - dagster - INFO - __ASSET_JOB - 04d78ca5-82d5-40a7-9417-55a9800f7320 - hackernews - Querying time window: 2026-08-21 22:30:45 to 2026-08-21 23:30:45 (1787351445 to 1787355045)...
2026-08-24 04:37:50 +0000 - dagster - INFO - __ASSET_JOB - 04d78ca5-82d5-40a7-9417-55a9800f7320 - hackernews - Making GET request to https://hn.algolia.com/api/v1/search_by_date?numericFilters=created_at_i%3E%3D1787351445%2Ccreated_at_i%3C1787355045&hitsPerPage=1000
2026-08-24 04:37:50 +0000 - dagster - INFO - __ASSET_JOB - 04d78ca5-82d5-40a7-9417-55a9800f7320 - hackernews - Retrieved 445 items in this window.
2026-08-24 04:37:50 +0000 - dagster - INFO - __ASSET_JOB - 04d78ca5-82d5-40a7-9417-55a9800f7320 - hackernews - Querying time window: 2026-08-21 23:30:45 to 2026-08-22 00:30:45 (1787355045 to 1787358645)...
2026-08-24 04:37:50 +0000 - dagster - INFO - __ASSET_JOB - 04d78ca5-82d5-40a7-9417-55a9800f7320 - hackernews - Making GET request to https://hn.algolia.com/api/v1/search_by_date?numericFilters=created_at_i%3E%3D1787355045%2Ccreated_at_i%3C1787358645&hitsPerPage=1000
2026-08-24 04:37:50 +0000 - dagster - INFO - __ASSET_JOB - 04d78ca5-82d5-40a7-9417-55a9800f7320 - hackernews - Retrieved 345 items in this window.
2026-08-24 04:37:50 +0000 - dagster - INFO - __ASSET_JOB - 04d78ca5-82d5-40a7-9417-55a9800f7320 - hackernews - Querying time window: 2026-08-22 00:30:45 to 2026-08-22 01:30:45 (1787358645 to 1787362245)...
2026-08-24 04:37:50 +0000 - dagster - INFO - __ASSET_JOB - 04d78ca5-82d5-40a7-9417-55a9800f7320 - hackernews - Making GET request to https://hn.algolia.com/api/v1/search_by_date?numericFilters=created_at_i%3E%3D1787358645%2Ccreated_at_i%3C1787362245&hitsPerPage=1000
2026-08-24 04:37:51 +0000 - dagster - INFO - __ASSET_JOB - 04d78ca5-82d5-40a7-9417-55a9800f7320 - hackernews - Retrieved 293 items in this window.
2026-08-24 04:37:51 +0000 - dagster - INFO - __ASSET_JOB - 04d78ca5-82d5-40a7-9417-55a9800f7320 - hackernews - Querying time window: 2026-08-22 01:30:45 to 2026-08-22 02:30:45 (1787362245 to 1787365845)...
2026-08-24 04:37:51 +0000 - dagster - INFO - __ASSET_JOB - 04d78ca5-82d5-40a7-9417-55a9800f7320 - hackernews - Making GET request to https://hn.algolia.com/api/v1/search_by_date?numericFilters=created_at_i%3E%3D1787362245%2Ccreated_at_i%3C1787365845&hitsPerPage=1000
2026-08-24 04:37:51 +0000 - dagster - INFO - __ASSET_JOB - 04d78ca5-82d5-40a7-9417-55a9800f7320 - hackernews - Retrieved 305 items in this window.
2026-08-24 04:37:51 +0000 - dagster - INFO - __ASSET_JOB - 04d78ca5-82d5-40a7-9417-55a9800f7320 - hackernews - Querying time window: 2026-08-22 02:30:45 to 2026-08-22 03:30:45 (1787365845 to 1787369445)...
2026-08-24 04:37:51 +0000 - dagster - INFO - __ASSET_JOB - 04d78ca5-82d5-40a7-9417-55a9800f7320 - hackernews - Making GET request to https://hn.algolia.com/api/v1/search_by_date?numericFilters=created_at_i%3E%3D1787365845%2Ccreated_at_i%3C1787369445&hitsPerPage=1000
2026-08-24 04:37:51 +0000 - dagster - INFO - __ASSET_JOB - 04d78ca5-82d5-40a7-9417-55a9800f7320 - hackernews - Retrieved 247 items in this window.
2026-08-24 04:37:51 +0000 - dagster - INFO - __ASSET_JOB - 04d78ca5-82d5-40a7-9417-55a9800f7320 - hackernews - Querying time window: 2026-08-22 03:30:45 to 2026-08-22 04:30:45 (1787369445 to 1787373045)...
2026-08-24 04:37:51 +0000 - dagster - INFO - __ASSET_JOB - 04d78ca5-82d5-40a7-9417-55a9800f7320 - hackernews - Making GET request to https://hn.algolia.com/api/v1/search_by_date?numericFilters=created_at_i%3E%3D1787369445%2Ccreated_at_i%3C1787373045&hitsPerPage=1000
2026-08-24 04:37:52 +0000 - dagster - INFO - __ASSET_JOB - 04d78ca5-82d5-40a7-9417-55a9800f7320 - hackernews - Retrieved 209 items in this window.
2026-08-24 04:37:52 +0000 - dagster - INFO - __ASSET_JOB - 04d78ca5-82d5-40a7-9417-55a9800f7320 - hackernews - Querying time window: 2026-08-22 04:30:45 to 2026-08-22 05:30:45 (1787373045 to 1787376645)...
2026-08-24 04:37:52 +0000 - dagster - INFO - __ASSET_JOB - 04d78ca5-82d5-40a7-9417-55a9800f7320 - hackernews - Making GET request to https://hn.algolia.com/api/v1/search_by_date?numericFilters=created_at_i%3E%3D1787373045%2Ccreated_at_i%3C1787376645&hitsPerPage=1000
2026-08-24 04:37:52 +0000 - dagster - INFO - __ASSET_JOB - 04d78ca5-82d5-40a7-9417-55a9800f7320 - hackernews - Retrieved 229 items in this window.
2026-08-24 04:37:52 +0000 - dagster - INFO - __ASSET_JOB - 04d78ca5-82d5-40a7-9417-55a9800f7320 - hackernews - Querying time window: 2026-08-22 05:30:45 to 2026-08-22 06:30:45 (1787376645 to 1787380245)...
2026-08-24 04:37:52 +0000 - dagster - INFO - __ASSET_JOB - 04d78ca5-82d5-40a7-9417-55a9800f7320 - hackernews - Making GET request to https://hn.algolia.com/api/v1/search_by_date?numericFilters=created_at_i%3E%3D1787376645%2Ccreated_at_i%3C1787380245&hitsPerPage=1000
2026-08-24 04:37:53 +0000 - dagster - INFO - __ASSET_JOB - 04d78ca5-82d5-40a7-9417-55a9800f7320 - hackernews - Retrieved 288 items in this window.
2026-08-24 04:37:53 +0000 - dagster - INFO - __ASSET_JOB - 04d78ca5-82d5-40a7-9417-55a9800f7320 - hackernews - Querying time window: 2026-08-22 06:30:45 to 2026-08-22 07:30:45 (1787380245 to 1787383845)...
2026-08-24 04:37:53 +0000 - dagster - INFO - __ASSET_JOB - 04d78ca5-82d5-40a7-9417-55a9800f7320 - hackernews - Making GET request to https://hn.algolia.com/api/v1/search_by_date?numericFilters=created_at_i%3E%3D1787380245%2Ccreated_at_i%3C1787383845&hitsPerPage=1000
2026-08-24 04:37:53 +0000 - dagster - INFO - __ASSET_JOB - 04d78ca5-82d5-40a7-9417-55a9800f7320 - hackernews - Retrieved 273 items in this window.
2026-08-24 04:37:53 +0000 - dagster - INFO - __ASSET_JOB - 04d78ca5-82d5-40a7-9417-55a9800f7320 - hackernews - Querying time window: 2026-08-22 07:30:45 to 2026-08-22 08:30:45 (1787383845 to 1787387445)...
2026-08-24 04:37:53 +0000 - dagster - INFO - __ASSET_JOB - 04d78ca5-82d5-40a7-9417-55a9800f7320 - hackernews - Making GET request to https://hn.algolia.com/api/v1/search_by_date?numericFilters=created_at_i%3E%3D1787383845%2Ccreated_at_i%3C1787387445&hitsPerPage=1000
2026-08-24 04:37:53 +0000 - dagster - INFO - __ASSET_JOB - 04d78ca5-82d5-40a7-9417-55a9800f7320 - hackernews - Retrieved 264 items in this window.
2026-08-24 04:37:53 +0000 - dagster - INFO - __ASSET_JOB - 04d78ca5-82d5-40a7-9417-55a9800f7320 - hackernews - Querying time window: 2026-08-22 08:30:45 to 2026-08-22 09:30:45 (1787387445 to 1787391045)...
2026-08-24 04:37:53 +0000 - dagster - INFO - __ASSET_JOB - 04d78ca5-82d5-40a7-9417-55a9800f7320 - hackernews - Making GET request to https://hn.algolia.com/api/v1/search_by_date?numericFilters=created_at_i%3E%3D1787387445%2Ccreated_at_i%3C1787391045&hitsPerPage=1000
2026-08-24 04:37:54 +0000 - dagster - INFO - __ASSET_JOB - 04d78ca5-82d5-40a7-9417-55a9800f7320 - hackernews - Retrieved 241 items in this window.
2026-08-24 04:37:54 +0000 - dagster - INFO - __ASSET_JOB - 04d78ca5-82d5-40a7-9417-55a9800f7320 - hackernews - Querying time window: 2026-08-22 09:30:45 to 2026-08-22 10:30:45 (1787391045 to 1787394645)...
2026-08-24 04:37:54 +0000 - dagster - INFO - __ASSET_JOB - 04d78ca5-82d5-40a7-9417-55a9800f7320 - hackernews - Making GET request to https://hn.algolia.com/api/v1/search_by_date?numericFilters=created_at_i%3E%3D1787391045%2Ccreated_at_i%3C1787394645&hitsPerPage=1000
2026-08-24 04:37:54 +0000 - dagster - INFO - __ASSET_JOB - 04d78ca5-82d5-40a7-9417-55a9800f7320 - hackernews - Retrieved 219 items in this window.
2026-08-24 04:37:54 +0000 - dagster - INFO - __ASSET_JOB - 04d78ca5-82d5-40a7-9417-55a9800f7320 - hackernews - Querying time window: 2026-08-22 10:30:45 to 2026-08-22 11:30:45 (1787394645 to 1787398245)...
2026-08-24 04:37:54 +0000 - dagster - INFO - __ASSET_JOB - 04d78ca5-82d5-40a7-9417-55a9800f7320 - hackernews - Making GET request to https://hn.algolia.com/api/v1/search_by_date?numericFilters=created_at_i%3E%3D1787394645%2Ccreated_at_i%3C1787398245&hitsPerPage=1000
2026-08-24 04:37:54 +0000 - dagster - INFO - __ASSET_JOB - 04d78ca5-82d5-40a7-9417-55a9800f7320 - hackernews - Retrieved 275 items in this window.
2026-08-24 04:37:55 +0000 - dagster - INFO - __ASSET_JOB - 04d78ca5-82d5-40a7-9417-55a9800f7320 - hackernews - Querying time window: 2026-08-22 11:30:45 to 2026-08-22 12:30:45 (1787398245 to 1787401845)...
2026-08-24 04:37:55 +0000 - dagster - INFO - __ASSET_JOB - 04d78ca5-82d5-40a7-9417-55a9800f7320 - hackernews - Making GET request to https://hn.algolia.com/api/v1/search_by_date?numericFilters=created_at_i%3E%3D1787398245%2Ccreated_at_i%3C1787401845&hitsPerPage=1000
2026-08-24 04:37:55 +0000 - dagster - INFO - __ASSET_JOB - 04d78ca5-82d5-40a7-9417-55a9800f7320 - hackernews - Retrieved 394 items in this window.
2026-08-24 04:37:55 +0000 - dagster - INFO - __ASSET_JOB - 04d78ca5-82d5-40a7-9417-55a9800f7320 - hackernews - Querying time window: 2026-08-22 12:30:45 to 2026-08-22 13:30:45 (1787401845 to 1787405445)...
2026-08-24 04:37:55 +0000 - dagster - INFO - __ASSET_JOB - 04d78ca5-82d5-40a7-9417-55a9800f7320 - hackernews - Making GET request to https://hn.algolia.com/api/v1/search_by_date?numericFilters=created_at_i%3E%3D1787401845%2Ccreated_at_i%3C1787405445&hitsPerPage=1000
2026-08-24 04:37:55 +0000 - dagster - INFO - __ASSET_JOB - 04d78ca5-82d5-40a7-9417-55a9800f7320 - hackernews - Retrieved 449 items in this window.
2026-08-24 04:37:55 +0000 - dagster - INFO - __ASSET_JOB - 04d78ca5-82d5-40a7-9417-55a9800f7320 - hackernews - Querying time window: 2026-08-22 13:30:45 to 2026-08-22 14:30:45 (1787405445 to 1787409045)...
2026-08-24 04:37:55 +0000 - dagster - INFO - __ASSET_JOB - 04d78ca5-82d5-40a7-9417-55a9800f7320 - hackernews - Making GET request to https://hn.algolia.com/api/v1/search_by_date?numericFilters=created_at_i%3E%3D1787405445%2Ccreated_at_i%3C1787409045&hitsPerPage=1000
2026-08-24 04:37:56 +0000 - dagster - INFO - __ASSET_JOB - 04d78ca5-82d5-40a7-9417-55a9800f7320 - hackernews - Retrieved 501 items in this window.
2026-08-24 04:37:56 +0000 - dagster - INFO - __ASSET_JOB - 04d78ca5-82d5-40a7-9417-55a9800f7320 - hackernews - Querying time window: 2026-08-22 14:30:45 to 2026-08-22 15:30:45 (1787409045 to 1787412645)...
2026-08-24 04:37:56 +0000 - dagster - INFO - __ASSET_JOB - 04d78ca5-82d5-40a7-9417-55a9800f7320 - hackernews - Making GET request to https://hn.algolia.com/api/v1/search_by_date?numericFilters=created_at_i%3E%3D1787409045%2Ccreated_at_i%3C1787412645&hitsPerPage=1000
2026-08-24 04:37:56 +0000 - dagster - INFO - __ASSET_JOB - 04d78ca5-82d5-40a7-9417-55a9800f7320 - hackernews - Retrieved 578 items in this window.
2026-08-24 04:37:56 +0000 - dagster - INFO - __ASSET_JOB - 04d78ca5-82d5-40a7-9417-55a9800f7320 - hackernews - Querying time window: 2026-08-22 15:30:45 to 2026-08-22 16:30:45 (1787412645 to 1787416245)...
2026-08-24 04:37:56 +0000 - dagster - INFO - __ASSET_JOB - 04d78ca5-82d5-40a7-9417-55a9800f7320 - hackernews - Making GET request to https://hn.algolia.com/api/v1/search_by_date?numericFilters=created_at_i%3E%3D1787412645%2Ccreated_at_i%3C1787416245&hitsPerPage=1000
2026-08-24 04:37:57 +0000 - dagster - INFO - __ASSET_JOB - 04d78ca5-82d5-40a7-9417-55a9800f7320 - hackernews - Retrieved 500 items in this window.
2026-08-24 04:37:57 +0000 - dagster - INFO - __ASSET_JOB - 04d78ca5-82d5-40a7-9417-55a9800f7320 - hackernews - Querying time window: 2026-08-22 16:30:45 to 2026-08-22 17:30:45 (1787416245 to 1787419845)...
2026-08-24 04:37:57 +0000 - dagster - INFO - __ASSET_JOB - 04d78ca5-82d5-40a7-9417-55a9800f7320 - hackernews - Making GET request to https://hn.algolia.com/api/v1/search_by_date?numericFilters=created_at_i%3E%3D1787416245%2Ccreated_at_i%3C1787419845&hitsPerPage=1000
2026-08-24 04:37:57 +0000 - dagster - INFO - __ASSET_JOB - 04d78ca5-82d5-40a7-9417-55a9800f7320 - hackernews - Retrieved 451 items in this window.
2026-08-24 04:37:57 +0000 - dagster - INFO - __ASSET_JOB - 04d78ca5-82d5-40a7-9417-55a9800f7320 - hackernews - Querying time window: 2026-08-22 17:30:45 to 2026-08-22 18:30:45 (1787419845 to 1787423445)...
2026-08-24 04:37:57 +0000 - dagster - INFO - __ASSET_JOB - 04d78ca5-82d5-40a7-9417-55a9800f7320 - hackernews - Making GET request to https://hn.algolia.com/api/v1/search_by_date?numericFilters=created_at_i%3E%3D1787419845%2Ccreated_at_i%3C1787423445&hitsPerPage=1000
2026-08-24 04:37:57 +0000 - dagster - INFO - __ASSET_JOB - 04d78ca5-82d5-40a7-9417-55a9800f7320 - hackernews - Retrieved 520 items in this window.
2026-08-24 04:37:57 +0000 - dagster - INFO - __ASSET_JOB - 04d78ca5-82d5-40a7-9417-55a9800f7320 - hackernews - Querying time window: 2026-08-22 18:30:45 to 2026-08-22 19:30:45 (1787423445 to 1787427045)...
2026-08-24 04:37:57 +0000 - dagster - INFO - __ASSET_JOB - 04d78ca5-82d5-40a7-9417-55a9800f7320 - hackernews - Making GET request to https://hn.algolia.com/api/v1/search_by_date?numericFilters=created_at_i%3E%3D1787423445%2Ccreated_at_i%3C1787427045&hitsPerPage=1000
2026-08-24 04:37:58 +0000 - dagster - INFO - __ASSET_JOB - 04d78ca5-82d5-40a7-9417-55a9800f7320 - hackernews - Retrieved 545 items in this window.
2026-08-24 04:37:58 +0000 - dagster - INFO - __ASSET_JOB - 04d78ca5-82d5-40a7-9417-55a9800f7320 - hackernews - Querying time window: 2026-08-22 19:30:45 to 2026-08-22 20:30:45 (1787427045 to 1787430645)...
2026-08-24 04:37:58 +0000 - dagster - INFO - __ASSET_JOB - 04d78ca5-82d5-40a7-9417-55a9800f7320 - hackernews - Making GET request to https://hn.algolia.com/api/v1/search_by_date?numericFilters=created_at_i%3E%3D1787427045%2Ccreated_at_i%3C1787430645&hitsPerPage=1000
2026-08-24 04:37:58 +0000 - dagster - INFO - __ASSET_JOB - 04d78ca5-82d5-40a7-9417-55a9800f7320 - hackernews - Retrieved 501 items in this window.
2026-08-24 04:37:58 +0000 - dagster - INFO - __ASSET_JOB - 04d78ca5-82d5-40a7-9417-55a9800f7320 - hackernews - Querying time window: 2026-08-22 20:30:45 to 2026-08-22 21:30:45 (1787430645 to 1787434245)...
2026-08-24 04:37:58 +0000 - dagster - INFO - __ASSET_JOB - 04d78ca5-82d5-40a7-9417-55a9800f7320 - hackernews - Making GET request to https://hn.algolia.com/api/v1/search_by_date?numericFilters=created_at_i%3E%3D1787430645%2Ccreated_at_i%3C1787434245&hitsPerPage=1000
2026-08-24 04:37:59 +0000 - dagster - INFO - __ASSET_JOB - 04d78ca5-82d5-40a7-9417-55a9800f7320 - hackernews - Retrieved 429 items in this window.
2026-08-24 04:37:59 +0000 - dagster - INFO - __ASSET_JOB - 04d78ca5-82d5-40a7-9417-55a9800f7320 - hackernews - Querying time window: 2026-08-22 21:30:45 to 2026-08-22 22:30:45 (1787434245 to 1787437845)...
2026-08-24 04:37:59 +0000 - dagster - INFO - __ASSET_JOB - 04d78ca5-82d5-40a7-9417-55a9800f7320 - hackernews - Making GET request to https://hn.algolia.com/api/v1/search_by_date?numericFilters=created_at_i%3E%3D1787434245%2Ccreated_at_i%3C1787437845&hitsPerPage=1000
2026-08-24 04:37:59 +0000 - dagster - INFO - __ASSET_JOB - 04d78ca5-82d5-40a7-9417-55a9800f7320 - hackernews - Retrieved 391 items in this window.
2026-08-24 04:37:59 +0000 - dagster - INFO - __ASSET_JOB - 04d78ca5-82d5-40a7-9417-55a9800f7320 - hackernews - Querying time window: 2026-08-22 22:30:45 to 2026-08-22 23:30:45 (1787437845 to 1787441445)...
2026-08-24 04:37:59 +0000 - dagster - INFO - __ASSET_JOB - 04d78ca5-82d5-40a7-9417-55a9800f7320 - hackernews - Making GET request to https://hn.algolia.com/api/v1/search_by_date?numericFilters=created_at_i%3E%3D1787437845%2Ccreated_at_i%3C1787441445&hitsPerPage=1000
2026-08-24 04:38:00 +0000 - dagster - INFO - __ASSET_JOB - 04d78ca5-82d5-40a7-9417-55a9800f7320 - hackernews - Retrieved 341 items in this window.
2026-08-24 04:38:00 +0000 - dagster - INFO - __ASSET_JOB - 04d78ca5-82d5-40a7-9417-55a9800f7320 - hackernews - Querying time window: 2026-08-22 23:30:45 to 2026-08-23 00:30:45 (1787441445 to 1787445045)...
2026-08-24 04:38:00 +0000 - dagster - INFO - __ASSET_JOB - 04d78ca5-82d5-40a7-9417-55a9800f7320 - hackernews - Making GET request to https://hn.algolia.com/api/v1/search_by_date?numericFilters=created_at_i%3E%3D1787441445%2Ccreated_at_i%3C1787445045&hitsPerPage=1000
2026-08-24 04:38:00 +0000 - dagster - INFO - __ASSET_JOB - 04d78ca5-82d5-40a7-9417-55a9800f7320 - hackernews - Retrieved 274 items in this window.
2026-08-24 04:38:00 +0000 - dagster - INFO - __ASSET_JOB - 04d78ca5-82d5-40a7-9417-55a9800f7320 - hackernews - Querying time window: 2026-08-23 00:30:45 to 2026-08-23 01:30:45 (1787445045 to 1787448645)...
2026-08-24 04:38:00 +0000 - dagster - INFO - __ASSET_JOB - 04d78ca5-82d5-40a7-9417-55a9800f7320 - hackernews - Making GET request to https://hn.algolia.com/api/v1/search_by_date?numericFilters=created_at_i%3E%3D1787445045%2Ccreated_at_i%3C1787448645&hitsPerPage=1000
2026-08-24 04:38:00 +0000 - dagster - INFO - __ASSET_JOB - 04d78ca5-82d5-40a7-9417-55a9800f7320 - hackernews - Retrieved 254 items in this window.
2026-08-24 04:38:00 +0000 - dagster - INFO - __ASSET_JOB - 04d78ca5-82d5-40a7-9417-55a9800f7320 - hackernews - Querying time window: 2026-08-23 01:30:45 to 2026-08-23 02:30:45 (1787448645 to 1787452245)...
2026-08-24 04:38:00 +0000 - dagster - INFO - __ASSET_JOB - 04d78ca5-82d5-40a7-9417-55a9800f7320 - hackernews - Making GET request to https://hn.algolia.com/api/v1/search_by_date?numericFilters=created_at_i%3E%3D1787448645%2Ccreated_at_i%3C1787452245&hitsPerPage=1000
2026-08-24 04:38:01 +0000 - dagster - INFO - __ASSET_JOB - 04d78ca5-82d5-40a7-9417-55a9800f7320 - hackernews - Retrieved 181 items in this window.
2026-08-24 04:38:01 +0000 - dagster - INFO - __ASSET_JOB - 04d78ca5-82d5-40a7-9417-55a9800f7320 - hackernews - Querying time window: 2026-08-23 02:30:45 to 2026-08-23 03:30:45 (1787452245 to 1787455845)...
2026-08-24 04:38:01 +0000 - dagster - INFO - __ASSET_JOB - 04d78ca5-82d5-40a7-9417-55a9800f7320 - hackernews - Making GET request to https://hn.algolia.com/api/v1/search_by_date?numericFilters=created_at_i%3E%3D1787452245%2Ccreated_at_i%3C1787455845&hitsPerPage=1000
2026-08-24 04:38:01 +0000 - dagster - INFO - __ASSET_JOB - 04d78ca5-82d5-40a7-9417-55a9800f7320 - hackernews - Retrieved 164 items in this window.
2026-08-24 04:38:01 +0000 - dagster - INFO - __ASSET_JOB - 04d78ca5-82d5-40a7-9417-55a9800f7320 - hackernews - Querying time window: 2026-08-23 03:30:45 to 2026-08-23 04:30:45 (1787455845 to 1787459445)...
2026-08-24 04:38:01 +0000 - dagster - INFO - __ASSET_JOB - 04d78ca5-82d5-40a7-9417-55a9800f7320 - hackernews - Making GET request to https://hn.algolia.com/api/v1/search_by_date?numericFilters=created_at_i%3E%3D1787455845%2Ccreated_at_i%3C1787459445&hitsPerPage=1000
2026-08-24 04:38:01 +0000 - dagster - INFO - __ASSET_JOB - 04d78ca5-82d5-40a7-9417-55a9800f7320 - hackernews - Retrieved 185 items in this window.
2026-08-24 04:38:01 +0000 - dagster - INFO - __ASSET_JOB - 04d78ca5-82d5-40a7-9417-55a9800f7320 - hackernews - Querying time window: 2026-08-23 04:30:45 to 2026-08-23 05:30:45 (1787459445 to 1787463045)...
2026-08-24 04:38:01 +0000 - dagster - INFO - __ASSET_JOB - 04d78ca5-82d5-40a7-9417-55a9800f7320 - hackernews - Making GET request to https://hn.algolia.com/api/v1/search_by_date?numericFilters=created_at_i%3E%3D1787459445%2Ccreated_at_i%3C1787463045&hitsPerPage=1000
2026-08-24 04:38:02 +0000 - dagster - INFO - __ASSET_JOB - 04d78ca5-82d5-40a7-9417-55a9800f7320 - hackernews - Retrieved 155 items in this window.
2026-08-24 04:38:02 +0000 - dagster - INFO - __ASSET_JOB - 04d78ca5-82d5-40a7-9417-55a9800f7320 - hackernews - Querying time window: 2026-08-23 05:30:45 to 2026-08-23 06:30:45 (1787463045 to 1787466645)...
2026-08-24 04:38:02 +0000 - dagster - INFO - __ASSET_JOB - 04d78ca5-82d5-40a7-9417-55a9800f7320 - hackernews - Making GET request to https://hn.algolia.com/api/v1/search_by_date?numericFilters=created_at_i%3E%3D1787463045%2Ccreated_at_i%3C1787466645&hitsPerPage=1000
2026-08-24 04:38:02 +0000 - dagster - INFO - __ASSET_JOB - 04d78ca5-82d5-40a7-9417-55a9800f7320 - hackernews - Retrieved 205 items in this window.
2026-08-24 04:38:02 +0000 - dagster - INFO - __ASSET_JOB - 04d78ca5-82d5-40a7-9417-55a9800f7320 - hackernews - Querying time window: 2026-08-23 06:30:45 to 2026-08-23 07:30:45 (1787466645 to 1787470245)...
2026-08-24 04:38:02 +0000 - dagster - INFO - __ASSET_JOB - 04d78ca5-82d5-40a7-9417-55a9800f7320 - hackernews - Making GET request to https://hn.algolia.com/api/v1/search_by_date?numericFilters=created_at_i%3E%3D1787466645%2Ccreated_at_i%3C1787470245&hitsPerPage=1000
2026-08-24 04:38:02 +0000 - dagster - INFO - __ASSET_JOB - 04d78ca5-82d5-40a7-9417-55a9800f7320 - hackernews - Retrieved 241 items in this window.
2026-08-24 04:38:02 +0000 - dagster - INFO - __ASSET_JOB - 04d78ca5-82d5-40a7-9417-55a9800f7320 - hackernews - Querying time window: 2026-08-23 07:30:45 to 2026-08-23 08:30:45 (1787470245 to 1787473845)...
2026-08-24 04:38:02 +0000 - dagster - INFO - __ASSET_JOB - 04d78ca5-82d5-40a7-9417-55a9800f7320 - hackernews - Making GET request to https://hn.algolia.com/api/v1/search_by_date?numericFilters=created_at_i%3E%3D1787470245%2Ccreated_at_i%3C1787473845&hitsPerPage=1000
2026-08-24 04:38:03 +0000 - dagster - INFO - __ASSET_JOB - 04d78ca5-82d5-40a7-9417-55a9800f7320 - hackernews - Retrieved 249 items in this window.
2026-08-24 04:38:03 +0000 - dagster - INFO - __ASSET_JOB - 04d78ca5-82d5-40a7-9417-55a9800f7320 - hackernews - Querying time window: 2026-08-23 08:30:45 to 2026-08-23 09:30:45 (1787473845 to 1787477445)...
2026-08-24 04:38:03 +0000 - dagster - INFO - __ASSET_JOB - 04d78ca5-82d5-40a7-9417-55a9800f7320 - hackernews - Making GET request to https://hn.algolia.com/api/v1/search_by_date?numericFilters=created_at_i%3E%3D1787473845%2Ccreated_at_i%3C1787477445&hitsPerPage=1000
2026-08-24 04:38:03 +0000 - dagster - INFO - __ASSET_JOB - 04d78ca5-82d5-40a7-9417-55a9800f7320 - hackernews - Retrieved 226 items in this window.
2026-08-24 04:38:03 +0000 - dagster - INFO - __ASSET_JOB - 04d78ca5-82d5-40a7-9417-55a9800f7320 - hackernews - Querying time window: 2026-08-23 09:30:45 to 2026-08-23 10:30:45 (1787477445 to 1787481045)...
2026-08-24 04:38:03 +0000 - dagster - INFO - __ASSET_JOB - 04d78ca5-82d5-40a7-9417-55a9800f7320 - hackernews - Making GET request to https://hn.algolia.com/api/v1/search_by_date?numericFilters=created_at_i%3E%3D1787477445%2Ccreated_at_i%3C1787481045&hitsPerPage=1000
2026-08-24 04:38:03 +0000 - dagster - INFO - __ASSET_JOB - 04d78ca5-82d5-40a7-9417-55a9800f7320 - hackernews - Retrieved 292 items in this window.
2026-08-24 04:38:03 +0000 - dagster - INFO - __ASSET_JOB - 04d78ca5-82d5-40a7-9417-55a9800f7320 - hackernews - Querying time window: 2026-08-23 10:30:45 to 2026-08-23 11:30:45 (1787481045 to 1787484645)...
2026-08-24 04:38:03 +0000 - dagster - INFO - __ASSET_JOB - 04d78ca5-82d5-40a7-9417-55a9800f7320 - hackernews - Making GET request to https://hn.algolia.com/api/v1/search_by_date?numericFilters=created_at_i%3E%3D1787481045%2Ccreated_at_i%3C1787484645&hitsPerPage=1000
2026-08-24 04:38:04 +0000 - dagster - INFO - __ASSET_JOB - 04d78ca5-82d5-40a7-9417-55a9800f7320 - hackernews - Retrieved 261 items in this window.
2026-08-24 04:38:04 +0000 - dagster - INFO - __ASSET_JOB - 04d78ca5-82d5-40a7-9417-55a9800f7320 - hackernews - Querying time window: 2026-08-23 11:30:45 to 2026-08-23 12:30:45 (1787484645 to 1787488245)...
2026-08-24 04:38:04 +0000 - dagster - INFO - __ASSET_JOB - 04d78ca5-82d5-40a7-9417-55a9800f7320 - hackernews - Making GET request to https://hn.algolia.com/api/v1/search_by_date?numericFilters=created_at_i%3E%3D1787484645%2Ccreated_at_i%3C1787488245&hitsPerPage=1000
2026-08-24 04:38:04 +0000 - dagster - INFO - __ASSET_JOB - 04d78ca5-82d5-40a7-9417-55a9800f7320 - hackernews - Retrieved 308 items in this window.
2026-08-24 04:38:04 +0000 - dagster - INFO - __ASSET_JOB - 04d78ca5-82d5-40a7-9417-55a9800f7320 - hackernews - Querying time window: 2026-08-23 12:30:45 to 2026-08-23 13:30:45 (1787488245 to 1787491845)...
2026-08-24 04:38:04 +0000 - dagster - INFO - __ASSET_JOB - 04d78ca5-82d5-40a7-9417-55a9800f7320 - hackernews - Making GET request to https://hn.algolia.com/api/v1/search_by_date?numericFilters=created_at_i%3E%3D1787488245%2Ccreated_at_i%3C1787491845&hitsPerPage=1000
2026-08-24 04:38:04 +0000 - dagster - INFO - __ASSET_JOB - 04d78ca5-82d5-40a7-9417-55a9800f7320 - hackernews - Retrieved 350 items in this window.
2026-08-24 04:38:04 +0000 - dagster - INFO - __ASSET_JOB - 04d78ca5-82d5-40a7-9417-55a9800f7320 - hackernews - Querying time window: 2026-08-23 13:30:45 to 2026-08-23 14:30:45 (1787491845 to 1787495445)...
2026-08-24 04:38:04 +0000 - dagster - INFO - __ASSET_JOB - 04d78ca5-82d5-40a7-9417-55a9800f7320 - hackernews - Making GET request to https://hn.algolia.com/api/v1/search_by_date?numericFilters=created_at_i%3E%3D1787491845%2Ccreated_at_i%3C1787495445&hitsPerPage=1000
2026-08-24 04:38:05 +0000 - dagster - INFO - __ASSET_JOB - 04d78ca5-82d5-40a7-9417-55a9800f7320 - hackernews - Retrieved 370 items in this window.
2026-08-24 04:38:05 +0000 - dagster - INFO - __ASSET_JOB - 04d78ca5-82d5-40a7-9417-55a9800f7320 - hackernews - Querying time window: 2026-08-23 14:30:45 to 2026-08-23 15:30:45 (1787495445 to 1787499045)...
2026-08-24 04:38:05 +0000 - dagster - INFO - __ASSET_JOB - 04d78ca5-82d5-40a7-9417-55a9800f7320 - hackernews - Making GET request to https://hn.algolia.com/api/v1/search_by_date?numericFilters=created_at_i%3E%3D1787495445%2Ccreated_at_i%3C1787499045&hitsPerPage=1000
2026-08-24 04:38:05 +0000 - dagster - INFO - __ASSET_JOB - 04d78ca5-82d5-40a7-9417-55a9800f7320 - hackernews - Retrieved 325 items in this window.
2026-08-24 04:38:05 +0000 - dagster - INFO - __ASSET_JOB - 04d78ca5-82d5-40a7-9417-55a9800f7320 - hackernews - Querying time window: 2026-08-23 15:30:45 to 2026-08-23 16:30:45 (1787499045 to 1787502645)...
2026-08-24 04:38:05 +0000 - dagster - INFO - __ASSET_JOB - 04d78ca5-82d5-40a7-9417-55a9800f7320 - hackernews - Making GET request to https://hn.algolia.com/api/v1/search_by_date?numericFilters=created_at_i%3E%3D1787499045%2Ccreated_at_i%3C1787502645&hitsPerPage=1000
2026-08-24 04:38:06 +0000 - dagster - INFO - __ASSET_JOB - 04d78ca5-82d5-40a7-9417-55a9800f7320 - hackernews - Retrieved 0 items in this window.
2026-08-24 04:38:06 +0000 - dagster - INFO - __ASSET_JOB - 04d78ca5-82d5-40a7-9417-55a9800f7320 - hackernews - Querying time window: 2026-08-23 16:30:45 to 2026-08-23 17:30:45 (1787502645 to 1787506245)...
2026-08-24 04:38:06 +0000 - dagster - INFO - __ASSET_JOB - 04d78ca5-82d5-40a7-9417-55a9800f7320 - hackernews - Making GET request to https://hn.algolia.com/api/v1/search_by_date?numericFilters=created_at_i%3E%3D1787502645%2Ccreated_at_i%3C1787506245&hitsPerPage=1000
2026-08-24 04:38:06 +0000 - dagster - INFO - __ASSET_JOB - 04d78ca5-82d5-40a7-9417-55a9800f7320 - hackernews - Retrieved 0 items in this window.
2026-08-24 04:38:06 +0000 - dagster - INFO - __ASSET_JOB - 04d78ca5-82d5-40a7-9417-55a9800f7320 - hackernews - Querying time window: 2026-08-23 17:30:45 to 2026-08-23 18:30:45 (1787506245 to 1787509845)...
2026-08-24 04:38:06 +0000 - dagster - INFO - __ASSET_JOB - 04d78ca5-82d5-40a7-9417-55a9800f7320 - hackernews - Making GET request to https://hn.algolia.com/api/v1/search_by_date?numericFilters=created_at_i%3E%3D1787506245%2Ccreated_at_i%3C1787509845&hitsPerPage=1000
2026-08-24 04:38:06 +0000 - dagster - INFO - __ASSET_JOB - 04d78ca5-82d5-40a7-9417-55a9800f7320 - hackernews - Retrieved 0 items in this window.
2026-08-24 04:38:06 +0000 - dagster - INFO - __ASSET_JOB - 04d78ca5-82d5-40a7-9417-55a9800f7320 - hackernews - Querying time window: 2026-08-23 18:30:45 to 2026-08-23 19:30:45 (1787509845 to 1787513445)...
2026-08-24 04:38:06 +0000 - dagster - INFO - __ASSET_JOB - 04d78ca5-82d5-40a7-9417-55a9800f7320 - hackernews - Making GET request to https://hn.algolia.com/api/v1/search_by_date?numericFilters=created_at_i%3E%3D1787509845%2Ccreated_at_i%3C1787513445&hitsPerPage=1000
2026-08-24 04:38:06 +0000 - dagster - INFO - __ASSET_JOB - 04d78ca5-82d5-40a7-9417-55a9800f7320 - hackernews - Retrieved 0 items in this window.
2026-08-24 04:38:06 +0000 - dagster - INFO - __ASSET_JOB - 04d78ca5-82d5-40a7-9417-55a9800f7320 - hackernews - Querying time window: 2026-08-23 19:30:45 to 2026-08-23 20:30:45 (1787513445 to 1787517045)...
2026-08-24 04:38:06 +0000 - dagster - INFO - __ASSET_JOB - 04d78ca5-82d5-40a7-9417-55a9800f7320 - hackernews - Making GET request to https://hn.algolia.com/api/v1/search_by_date?numericFilters=created_at_i%3E%3D1787513445%2Ccreated_at_i%3C1787517045&hitsPerPage=1000
2026-08-24 04:38:07 +0000 - dagster - INFO - __ASSET_JOB - 04d78ca5-82d5-40a7-9417-55a9800f7320 - hackernews - Retrieved 0 items in this window.
2026-08-24 04:38:07 +0000 - dagster - INFO - __ASSET_JOB - 04d78ca5-82d5-40a7-9417-55a9800f7320 - hackernews - Querying time window: 2026-08-23 20:30:45 to 2026-08-23 21:30:45 (1787517045 to 1787520645)...
2026-08-24 04:38:07 +0000 - dagster - INFO - __ASSET_JOB - 04d78ca5-82d5-40a7-9417-55a9800f7320 - hackernews - Making GET request to https://hn.algolia.com/api/v1/search_by_date?numericFilters=created_at_i%3E%3D1787517045%2Ccreated_at_i%3C1787520645&hitsPerPage=1000
2026-08-24 04:38:07 +0000 - dagster - INFO - __ASSET_JOB - 04d78ca5-82d5-40a7-9417-55a9800f7320 - hackernews - Retrieved 0 items in this window.
2026-08-24 04:38:07 +0000 - dagster - INFO - __ASSET_JOB - 04d78ca5-82d5-40a7-9417-55a9800f7320 - hackernews - Querying time window: 2026-08-23 21:30:45 to 2026-08-23 22:30:45 (1787520645 to 1787524245)...
2026-08-24 04:38:07 +0000 - dagster - INFO - __ASSET_JOB - 04d78ca5-82d5-40a7-9417-55a9800f7320 - hackernews - Making GET request to https://hn.algolia.com/api/v1/search_by_date?numericFilters=created_at_i%3E%3D1787520645%2Ccreated_at_i%3C1787524245&hitsPerPage=1000
2026-08-24 04:38:07 +0000 - dagster - INFO - __ASSET_JOB - 04d78ca5-82d5-40a7-9417-55a9800f7320 - hackernews - Retrieved 0 items in this window.
2026-08-24 04:38:07 +0000 - dagster - INFO - __ASSET_JOB - 04d78ca5-82d5-40a7-9417-55a9800f7320 - hackernews - Querying time window: 2026-08-23 22:30:45 to 2026-08-23 23:30:45 (1787524245 to 1787527845)...
2026-08-24 04:38:07 +0000 - dagster - INFO - __ASSET_JOB - 04d78ca5-82d5-40a7-9417-55a9800f7320 - hackernews - Making GET request to https://hn.algolia.com/api/v1/search_by_date?numericFilters=created_at_i%3E%3D1787524245%2Ccreated_at_i%3C1787527845&hitsPerPage=1000
2026-08-24 04:38:07 +0000 - dagster - INFO - __ASSET_JOB - 04d78ca5-82d5-40a7-9417-55a9800f7320 - hackernews - Retrieved 0 items in this window.
2026-08-24 04:38:07 +0000 - dagster - INFO - __ASSET_JOB - 04d78ca5-82d5-40a7-9417-55a9800f7320 - hackernews - Querying time window: 2026-08-23 23:30:45 to 2026-08-24 00:30:45 (1787527845 to 1787531445)...
2026-08-24 04:38:07 +0000 - dagster - INFO - __ASSET_JOB - 04d78ca5-82d5-40a7-9417-55a9800f7320 - hackernews - Making GET request to https://hn.algolia.com/api/v1/search_by_date?numericFilters=created_at_i%3E%3D1787527845%2Ccreated_at_i%3C1787531445&hitsPerPage=1000
2026-08-24 04:38:07 +0000 - dagster - INFO - __ASSET_JOB - 04d78ca5-82d5-40a7-9417-55a9800f7320 - hackernews - Retrieved 0 items in this window.
2026-08-24 04:38:07 +0000 - dagster - INFO - __ASSET_JOB - 04d78ca5-82d5-40a7-9417-55a9800f7320 - hackernews - Querying time window: 2026-08-24 00:30:45 to 2026-08-24 01:30:45 (1787531445 to 1787535045)...
2026-08-24 04:38:07 +0000 - dagster - INFO - __ASSET_JOB - 04d78ca5-82d5-40a7-9417-55a9800f7320 - hackernews - Making GET request to https://hn.algolia.com/api/v1/search_by_date?numericFilters=created_at_i%3E%3D1787531445%2Ccreated_at_i%3C1787535045&hitsPerPage=1000
2026-08-24 04:38:07 +0000 - dagster - INFO - __ASSET_JOB - 04d78ca5-82d5-40a7-9417-55a9800f7320 - hackernews - Retrieved 0 items in this window.
2026-08-24 04:38:07 +0000 - dagster - INFO - __ASSET_JOB - 04d78ca5-82d5-40a7-9417-55a9800f7320 - hackernews - Querying time window: 2026-08-24 01:30:45 to 2026-08-24 02:30:45 (1787535045 to 1787538645)...
2026-08-24 04:38:07 +0000 - dagster - INFO - __ASSET_JOB - 04d78ca5-82d5-40a7-9417-55a9800f7320 - hackernews - Making GET request to https://hn.algolia.com/api/v1/search_by_date?numericFilters=created_at_i%3E%3D1787535045%2Ccreated_at_i%3C1787538645&hitsPerPage=1000
2026-08-24 04:38:08 +0000 - dagster - INFO - __ASSET_JOB - 04d78ca5-82d5-40a7-9417-55a9800f7320 - hackernews - Retrieved 0 items in this window.
2026-08-24 04:38:08 +0000 - dagster - INFO - __ASSET_JOB - 04d78ca5-82d5-40a7-9417-55a9800f7320 - hackernews - Querying time window: 2026-08-24 02:30:45 to 2026-08-24 03:30:45 (1787538645 to 1787542245)...
2026-08-24 04:38:08 +0000 - dagster - INFO - __ASSET_JOB - 04d78ca5-82d5-40a7-9417-55a9800f7320 - hackernews - Making GET request to https://hn.algolia.com/api/v1/search_by_date?numericFilters=created_at_i%3E%3D1787538645%2Ccreated_at_i%3C1787542245&hitsPerPage=1000
2026-08-24 04:38:08 +0000 - dagster - INFO - __ASSET_JOB - 04d78ca5-82d5-40a7-9417-55a9800f7320 - hackernews - Retrieved 0 items in this window.
2026-08-24 04:38:08 +0000 - dagster - INFO - __ASSET_JOB - 04d78ca5-82d5-40a7-9417-55a9800f7320 - hackernews - Querying time window: 2026-08-24 03:30:45 to 2026-08-24 04:30:45 (1787542245 to 1787545845)...
2026-08-24 04:38:08 +0000 - dagster - INFO - __ASSET_JOB - 04d78ca5-82d5-40a7-9417-55a9800f7320 - hackernews - Making GET request to https://hn.algolia.com/api/v1/search_by_date?numericFilters=created_at_i%3E%3D1787542245%2Ccreated_at_i%3C1787545845&hitsPerPage=1000
2026-08-24 04:38:08 +0000 - dagster - INFO - __ASSET_JOB - 04d78ca5-82d5-40a7-9417-55a9800f7320 - hackernews - Retrieved 0 items in this window.
2026-08-24 04:38:08 +0000 - dagster - INFO - __ASSET_JOB - 04d78ca5-82d5-40a7-9417-55a9800f7320 - hackernews - Querying time window: 2026-08-24 04:30:45 to 2026-08-24 04:35:54 (1787545845 to 1787546154)...
2026-08-24 04:38:08 +0000 - dagster - INFO - __ASSET_JOB - 04d78ca5-82d5-40a7-9417-55a9800f7320 - hackernews - Making GET request to https://hn.algolia.com/api/v1/search_by_date?numericFilters=created_at_i%3E%3D1787545845%2Ccreated_at_i%3C1787546154&hitsPerPage=1000
2026-08-24 04:38:08 +0000 - dagster - INFO - __ASSET_JOB - 04d78ca5-82d5-40a7-9417-55a9800f7320 - hackernews - Retrieved 0 items in this window.
2026-08-24 04:38:08 +0000 - dagster - INFO - __ASSET_JOB - 04d78ca5-82d5-40a7-9417-55a9800f7320 - hackernews - Ingested 140574 items. Catch-up completed up to 2026-08-24 04:35:54 (1787546154).
2026-08-24 04:38:08 +0000 - dagster - INFO - __ASSET_JOB - 04d78ca5-82d5-40a7-9417-55a9800f7320 - hackernews - Created none pool with 1 workers
2026-08-24 04:38:08 +0000 - dagster - INFO - __ASSET_JOB - 04d78ca5-82d5-40a7-9417-55a9800f7320 - hackernews - Running file normalizing
2026-08-24 04:38:08 +0000 - dagster - INFO - __ASSET_JOB - 04d78ca5-82d5-40a7-9417-55a9800f7320 - hackernews - Found 1 load packages
2026-08-24 04:38:08 +0000 - dagster - INFO - __ASSET_JOB - 04d78ca5-82d5-40a7-9417-55a9800f7320 - hackernews - Found 2 files in schema hackernews_source load_id 1787546154.3720872
2026-08-24 04:38:08 +0000 - dagster - INFO - __ASSET_JOB - 04d78ca5-82d5-40a7-9417-55a9800f7320 - hackernews - Created new load package 1787546154.3720872 on loading volume with 2 files
2026-08-24 04:38:08 +0000 - dagster - INFO - __ASSET_JOB - 04d78ca5-82d5-40a7-9417-55a9800f7320 - hackernews - Created items normalizer JsonLItemsNormalizer with writer ParquetDataWriter for item format object and file format parquet on table items
2026-08-24 04:38:14 +0000 - dagster - INFO - __ASSET_JOB - 04d78ca5-82d5-40a7-9417-55a9800f7320 - hackernews - A file format for table _dlt_pipeline_state was specified to preferred in the resource so parquet format being used.
2026-08-24 04:38:14 +0000 - dagster - INFO - __ASSET_JOB - 04d78ca5-82d5-40a7-9417-55a9800f7320 - hackernews - Created items normalizer JsonLItemsNormalizer with writer ParquetDataWriter for item format object and file format parquet on table _dlt_pipeline_state
2026-08-24 04:38:14 +0000 - dagster - INFO - __ASSET_JOB - 04d78ca5-82d5-40a7-9417-55a9800f7320 - hackernews - Processed all items in 2 files
2026-08-24 04:38:14 +0000 - dagster - INFO - __ASSET_JOB - 04d78ca5-82d5-40a7-9417-55a9800f7320 - hackernews - Schema hackernews_source with version 3 was not modified. Save skipped
2026-08-24 04:38:14 +0000 - dagster - INFO - __ASSET_JOB - 04d78ca5-82d5-40a7-9417-55a9800f7320 - hackernews - Committing storage, do not kill this process
2026-08-24 04:38:14 +0000 - dagster - INFO - __ASSET_JOB - 04d78ca5-82d5-40a7-9417-55a9800f7320 - hackernews - Extracted package 1787546154.3720872 processed
2026-08-24 04:38:14 +0000 - dagster - INFO - __ASSET_JOB - 04d78ca5-82d5-40a7-9417-55a9800f7320 - hackernews - Closing processing pool
2026-08-24 04:38:14 +0000 - dagster - INFO - __ASSET_JOB - 04d78ca5-82d5-40a7-9417-55a9800f7320 - hackernews - Processing pool closed
2026-08-24 04:38:14 +0000 - dagster - INFO - __ASSET_JOB - 04d78ca5-82d5-40a7-9417-55a9800f7320 - hackernews - Created thread pool with 20 workers
2026-08-24 04:38:14 +0000 - dagster - INFO - __ASSET_JOB - 04d78ca5-82d5-40a7-9417-55a9800f7320 - hackernews - Running file loading
2026-08-24 04:38:14 +0000 - dagster - INFO - __ASSET_JOB - 04d78ca5-82d5-40a7-9417-55a9800f7320 - hackernews - Found 1 load packages
2026-08-24 04:38:14 +0000 - dagster - INFO - __ASSET_JOB - 04d78ca5-82d5-40a7-9417-55a9800f7320 - hackernews - Loading schema from load package in 1787546154.3720872
2026-08-24 04:38:14 +0000 - dagster - INFO - __ASSET_JOB - 04d78ca5-82d5-40a7-9417-55a9800f7320 - hackernews - Loaded schema name hackernews_source and version 3
2026-08-24 04:38:15 +0000 - dagster - INFO - __ASSET_JOB - 04d78ca5-82d5-40a7-9417-55a9800f7320 - hackernews - Client for ducklake will start initialize storage 
2026-08-24 04:38:15 +0000 - dagster - INFO - __ASSET_JOB - 04d78ca5-82d5-40a7-9417-55a9800f7320 - hackernews - Client for ducklake will update schema to package schema 
2026-08-24 04:38:15 +0000 - dagster - INFO - __ASSET_JOB - 04d78ca5-82d5-40a7-9417-55a9800f7320 - hackernews - Schema with hash 6By9nwqTTrhznnSPDpfURqHpWrsY2BVikyibecXijOE= inserted at 2026-08-10 23:15:46.025744+00:00 found in storage, no upgrade required
2026-08-24 04:38:15 +0000 - dagster - INFO - __ASSET_JOB - 04d78ca5-82d5-40a7-9417-55a9800f7320 - hackernews - Client for ducklake will start initialize storage for staging dataset
2026-08-24 04:38:15 +0000 - dagster - INFO - __ASSET_JOB - 04d78ca5-82d5-40a7-9417-55a9800f7320 - hackernews - Client for ducklake will update schema to package schema for staging dataset
2026-08-24 04:38:15 +0000 - dagster - INFO - __ASSET_JOB - 04d78ca5-82d5-40a7-9417-55a9800f7320 - hackernews - Schema with hash 6By9nwqTTrhznnSPDpfURqHpWrsY2BVikyibecXijOE= not found in the storage. upgrading
2026-08-24 04:38:15 +0000 - dagster - INFO - __ASSET_JOB - 04d78ca5-82d5-40a7-9417-55a9800f7320 - hackernews - Found 6 updates for _dlt_version in hackernews_source
2026-08-24 04:38:15 +0000 - dagster - INFO - __ASSET_JOB - 04d78ca5-82d5-40a7-9417-55a9800f7320 - hackernews - Found 13 updates for items in hackernews_source
2026-08-24 04:38:15 +0000 - dagster - INFO - __ASSET_JOB - 04d78ca5-82d5-40a7-9417-55a9800f7320 - hackernews - Client for ducklake will truncate tables for staging dataset
2026-08-24 04:38:15 +0000 - dagster - INFO - __ASSET_JOB - 04d78ca5-82d5-40a7-9417-55a9800f7320 - hackernews - 0 started jobs found, which should be continued
2026-08-24 04:38:15 +0000 - dagster - INFO - __ASSET_JOB - 04d78ca5-82d5-40a7-9417-55a9800f7320 - hackernews - Will complete 0 for 1787546154.3720872
2026-08-24 04:38:15 +0000 - dagster - INFO - __ASSET_JOB - 04d78ca5-82d5-40a7-9417-55a9800f7320 - hackernews - Will load additional 1, creating jobs
2026-08-24 04:38:15 +0000 - dagster - INFO - __ASSET_JOB - 04d78ca5-82d5-40a7-9417-55a9800f7320 - hackernews - Will load file 1787546154.3720872/new_jobs/_dlt_pipeline_state.2bcffd951f.0.parquet with table name _dlt_pipeline_state
2026-08-24 04:38:15 +0000 - dagster - INFO - __ASSET_JOB - 04d78ca5-82d5-40a7-9417-55a9800f7320 - hackernews - Will complete 1 for 1787546154.3720872
2026-08-24 04:38:15 +0000 - dagster - INFO - __ASSET_JOB - 04d78ca5-82d5-40a7-9417-55a9800f7320 - hackernews - Job for _dlt_pipeline_state.2bcffd951f.parquet completed in load 1787546154.3720872
2026-08-24 04:38:15 +0000 - dagster - INFO - __ASSET_JOB - 04d78ca5-82d5-40a7-9417-55a9800f7320 - hackernews - Will load additional 1, creating jobs
2026-08-24 04:38:15 +0000 - dagster - INFO - __ASSET_JOB - 04d78ca5-82d5-40a7-9417-55a9800f7320 - hackernews - Will load file 1787546154.3720872/new_jobs/items.fd72575670.0.parquet with table name items
2026-08-24 04:38:15 +0000 - dagster - INFO - __ASSET_JOB - 04d78ca5-82d5-40a7-9417-55a9800f7320 - hackernews - Will complete 1 for 1787546154.3720872
2026-08-24 04:38:15 +0000 - dagster - INFO - __ASSET_JOB - 04d78ca5-82d5-40a7-9417-55a9800f7320 - hackernews - Job items.fd72575670.parquet CREATED a new FOLLOWUP JOB /tmp/items.9ece934c4e.0.sql placed in new_jobs
2026-08-24 04:38:15 +0000 - dagster - INFO - __ASSET_JOB - 04d78ca5-82d5-40a7-9417-55a9800f7320 - hackernews - Job for items.fd72575670.parquet completed in load 1787546154.3720872
2026-08-24 04:38:15 +0000 - dagster - INFO - __ASSET_JOB - 04d78ca5-82d5-40a7-9417-55a9800f7320 - hackernews - Will load additional 1, creating jobs
2026-08-24 04:38:15 +0000 - dagster - INFO - __ASSET_JOB - 04d78ca5-82d5-40a7-9417-55a9800f7320 - hackernews - Will load file 1787546154.3720872/new_jobs/items.9ece934c4e.0.sql with table name items
2026-08-24 04:38:16 +0000 - dagster - INFO - __ASSET_JOB - 04d78ca5-82d5-40a7-9417-55a9800f7320 - hackernews - Will complete 1 for 1787546154.3720872
2026-08-24 04:38:16 +0000 - dagster - INFO - __ASSET_JOB - 04d78ca5-82d5-40a7-9417-55a9800f7320 - hackernews - Job for items.9ece934c4e.sql completed in load 1787546154.3720872
2026-08-24 04:38:16 +0000 - dagster - INFO - __ASSET_JOB - 04d78ca5-82d5-40a7-9417-55a9800f7320 - hackernews - Will load additional 0, creating jobs
2026-08-24 04:38:16 +0000 - dagster - INFO - __ASSET_JOB - 04d78ca5-82d5-40a7-9417-55a9800f7320 - hackernews - All jobs completed, archiving package 1787546154.3720872 with aborted set to False
2026-08-24 04:38:16 +0000 - dagster - INFO - __ASSET_JOB - 04d78ca5-82d5-40a7-9417-55a9800f7320 - hackernews - Closing processing pool
2026-08-24 04:38:16 +0000 - dagster - INFO - __ASSET_JOB - 04d78ca5-82d5-40a7-9417-55a9800f7320 - hackernews - Processing pool closed
2026-08-24 04:38:16 +0000 - dagster - INFO - __ASSET_JOB - 04d78ca5-82d5-40a7-9417-55a9800f7320 - dbt_assets - A dbt subsetted execution is not being performed. Using the default dbt selection arguments `['--select', 'fqn:*']`.
2026-08-24 04:38:20 +0000 - dagster - INFO - __ASSET_JOB - 04d78ca5-82d5-40a7-9417-55a9800f7320 - dbt_assets - Copying `/home/runner/work/orca/orca/transformation/target/partial_parse.msgpack` to `/home/runner/work/orca/orca/transformation/target/dbt_assets-04d78ca-f38e499/partial_parse.msgpack` to take advantage of partial parsing.
2026-08-24 04:38:20 +0000 - dagster - INFO - __ASSET_JOB - 04d78ca5-82d5-40a7-9417-55a9800f7320 - dbt_assets - Running dbt command: `dbt build --select fqn:*`.
2026-08-24 04:38:26 +0000 - dagster - INFO - __ASSET_JOB - 04d78ca5-82d5-40a7-9417-55a9800f7320 - dbt_assets - Finished dbt command: `dbt build --select fqn:*`.
