2026-09-21 09:26:07 +0000 - dagster - INFO - __ASSET_JOB - 406b9d33-19b3-461f-a2ce-f5d46efe7462 - hackernews - The state was restored from the destination ducklake (dlt.destinations.ducklake):raw
2026-09-21 09:26:07 +0000 - dagster - INFO - __ASSET_JOB - 406b9d33-19b3-461f-a2ce-f5d46efe7462 - hackernews - The schema hackernews_source version 3 hash 6By9nwqTTrhznnSPDpfURqHpWrsY2BVikyibecXijOE= was restored from the destination ducklake:raw
2026-09-21 09:26:07 +0000 - dagster - INFO - __ASSET_JOB - 406b9d33-19b3-461f-a2ce-f5d46efe7462 - hackernews - Bind incremental on items with initial_value: 2026-07-01 00:00:00+00:00, start_value: 2026-09-14 09:23:09+00:00, end_value: None, func: max, row_order: None, on_missing: raise, range_start: closed, range_end: open
2026-09-21 09:26:07 +0000 - dagster - INFO - __ASSET_JOB - 406b9d33-19b3-461f-a2ce-f5d46efe7462 - hackernews - Starting incremental ingestion from 2026-09-14 09:23:09 UTC (1789377789)...
2026-09-21 09:26:07 +0000 - dagster - INFO - __ASSET_JOB - 406b9d33-19b3-461f-a2ce-f5d46efe7462 - hackernews - Querying time window: 2026-09-14 09:23:09 to 2026-09-14 10:23:09 (1789377789 to 1789381389)...
2026-09-21 09:26:07 +0000 - dagster - INFO - __ASSET_JOB - 406b9d33-19b3-461f-a2ce-f5d46efe7462 - hackernews - Making GET request to https://hn.algolia.com/api/v1/search_by_date?numericFilters=created_at_i%3E%3D1789377789%2Ccreated_at_i%3C1789381389&hitsPerPage=1000
2026-09-21 09:26:08 +0000 - dagster - INFO - __ASSET_JOB - 406b9d33-19b3-461f-a2ce-f5d46efe7462 - hackernews - Retrieved 414 items in this window.
2026-09-21 09:26:08 +0000 - dagster - INFO - __ASSET_JOB - 406b9d33-19b3-461f-a2ce-f5d46efe7462 - hackernews - Querying time window: 2026-09-14 10:23:09 to 2026-09-14 11:23:09 (1789381389 to 1789384989)...
2026-09-21 09:26:08 +0000 - dagster - INFO - __ASSET_JOB - 406b9d33-19b3-461f-a2ce-f5d46efe7462 - hackernews - Making GET request to https://hn.algolia.com/api/v1/search_by_date?numericFilters=created_at_i%3E%3D1789381389%2Ccreated_at_i%3C1789384989&hitsPerPage=1000
2026-09-21 09:26:09 +0000 - dagster - INFO - __ASSET_JOB - 406b9d33-19b3-461f-a2ce-f5d46efe7462 - hackernews - Retrieved 428 items in this window.
2026-09-21 09:26:09 +0000 - dagster - INFO - __ASSET_JOB - 406b9d33-19b3-461f-a2ce-f5d46efe7462 - hackernews - Querying time window: 2026-09-14 11:23:09 to 2026-09-14 12:23:09 (1789384989 to 1789388589)...
2026-09-21 09:26:09 +0000 - dagster - INFO - __ASSET_JOB - 406b9d33-19b3-461f-a2ce-f5d46efe7462 - hackernews - Making GET request to https://hn.algolia.com/api/v1/search_by_date?numericFilters=created_at_i%3E%3D1789384989%2Ccreated_at_i%3C1789388589&hitsPerPage=1000
2026-09-21 09:26:09 +0000 - dagster - INFO - __ASSET_JOB - 406b9d33-19b3-461f-a2ce-f5d46efe7462 - hackernews - Retrieved 511 items in this window.
2026-09-21 09:26:09 +0000 - dagster - INFO - __ASSET_JOB - 406b9d33-19b3-461f-a2ce-f5d46efe7462 - hackernews - Querying time window: 2026-09-14 12:23:09 to 2026-09-14 13:23:09 (1789388589 to 1789392189)...
2026-09-21 09:26:09 +0000 - dagster - INFO - __ASSET_JOB - 406b9d33-19b3-461f-a2ce-f5d46efe7462 - hackernews - Making GET request to https://hn.algolia.com/api/v1/search_by_date?numericFilters=created_at_i%3E%3D1789388589%2Ccreated_at_i%3C1789392189&hitsPerPage=1000
2026-09-21 09:26:10 +0000 - dagster - INFO - __ASSET_JOB - 406b9d33-19b3-461f-a2ce-f5d46efe7462 - hackernews - Retrieved 655 items in this window.
2026-09-21 09:26:10 +0000 - dagster - INFO - __ASSET_JOB - 406b9d33-19b3-461f-a2ce-f5d46efe7462 - hackernews - Querying time window: 2026-09-14 13:23:09 to 2026-09-14 14:23:09 (1789392189 to 1789395789)...
2026-09-21 09:26:10 +0000 - dagster - INFO - __ASSET_JOB - 406b9d33-19b3-461f-a2ce-f5d46efe7462 - hackernews - Making GET request to https://hn.algolia.com/api/v1/search_by_date?numericFilters=created_at_i%3E%3D1789392189%2Ccreated_at_i%3C1789395789&hitsPerPage=1000
2026-09-21 09:26:10 +0000 - dagster - INFO - __ASSET_JOB - 406b9d33-19b3-461f-a2ce-f5d46efe7462 - hackernews - Retrieved 841 items in this window.
2026-09-21 09:26:10 +0000 - dagster - INFO - __ASSET_JOB - 406b9d33-19b3-461f-a2ce-f5d46efe7462 - hackernews - Querying time window: 2026-09-14 14:23:09 to 2026-09-14 15:23:09 (1789395789 to 1789399389)...
2026-09-21 09:26:10 +0000 - dagster - INFO - __ASSET_JOB - 406b9d33-19b3-461f-a2ce-f5d46efe7462 - hackernews - Making GET request to https://hn.algolia.com/api/v1/search_by_date?numericFilters=created_at_i%3E%3D1789395789%2Ccreated_at_i%3C1789399389&hitsPerPage=1000
2026-09-21 09:26:11 +0000 - dagster - WARNING - __ASSET_JOB - 406b9d33-19b3-461f-a2ce-f5d46efe7462 - hackernews - Window 2026-09-14 14:23:09 to 2026-09-14 15:23:09 (1789395789 to 1789399389) has 1032 hits (exceeds Algolia limit of 1000). Shrinking window size from 3600 to 1800 seconds.
2026-09-21 09:26:11 +0000 - dagster - INFO - __ASSET_JOB - 406b9d33-19b3-461f-a2ce-f5d46efe7462 - hackernews - Querying time window: 2026-09-14 14:23:09 to 2026-09-14 14:53:09 (1789395789 to 1789397589)...
2026-09-21 09:26:11 +0000 - dagster - INFO - __ASSET_JOB - 406b9d33-19b3-461f-a2ce-f5d46efe7462 - hackernews - Making GET request to https://hn.algolia.com/api/v1/search_by_date?numericFilters=created_at_i%3E%3D1789395789%2Ccreated_at_i%3C1789397589&hitsPerPage=1000
2026-09-21 09:26:12 +0000 - dagster - INFO - __ASSET_JOB - 406b9d33-19b3-461f-a2ce-f5d46efe7462 - hackernews - Retrieved 512 items in this window.
2026-09-21 09:26:12 +0000 - dagster - INFO - __ASSET_JOB - 406b9d33-19b3-461f-a2ce-f5d46efe7462 - hackernews - Querying time window: 2026-09-14 14:53:09 to 2026-09-14 15:53:09 (1789397589 to 1789401189)...
2026-09-21 09:26:12 +0000 - dagster - INFO - __ASSET_JOB - 406b9d33-19b3-461f-a2ce-f5d46efe7462 - hackernews - Making GET request to https://hn.algolia.com/api/v1/search_by_date?numericFilters=created_at_i%3E%3D1789397589%2Ccreated_at_i%3C1789401189&hitsPerPage=1000
2026-09-21 09:26:13 +0000 - dagster - INFO - __ASSET_JOB - 406b9d33-19b3-461f-a2ce-f5d46efe7462 - hackernews - Retrieved 954 items in this window.
2026-09-21 09:26:13 +0000 - dagster - INFO - __ASSET_JOB - 406b9d33-19b3-461f-a2ce-f5d46efe7462 - hackernews - Querying time window: 2026-09-14 15:53:09 to 2026-09-14 16:53:09 (1789401189 to 1789404789)...
2026-09-21 09:26:13 +0000 - dagster - INFO - __ASSET_JOB - 406b9d33-19b3-461f-a2ce-f5d46efe7462 - hackernews - Making GET request to https://hn.algolia.com/api/v1/search_by_date?numericFilters=created_at_i%3E%3D1789401189%2Ccreated_at_i%3C1789404789&hitsPerPage=1000
2026-09-21 09:26:14 +0000 - dagster - INFO - __ASSET_JOB - 406b9d33-19b3-461f-a2ce-f5d46efe7462 - hackernews - Retrieved 952 items in this window.
2026-09-21 09:26:14 +0000 - dagster - INFO - __ASSET_JOB - 406b9d33-19b3-461f-a2ce-f5d46efe7462 - hackernews - Querying time window: 2026-09-14 16:53:09 to 2026-09-14 17:53:09 (1789404789 to 1789408389)...
2026-09-21 09:26:14 +0000 - dagster - INFO - __ASSET_JOB - 406b9d33-19b3-461f-a2ce-f5d46efe7462 - hackernews - Making GET request to https://hn.algolia.com/api/v1/search_by_date?numericFilters=created_at_i%3E%3D1789404789%2Ccreated_at_i%3C1789408389&hitsPerPage=1000
2026-09-21 09:26:15 +0000 - dagster - INFO - __ASSET_JOB - 406b9d33-19b3-461f-a2ce-f5d46efe7462 - hackernews - Retrieved 889 items in this window.
2026-09-21 09:26:15 +0000 - dagster - INFO - __ASSET_JOB - 406b9d33-19b3-461f-a2ce-f5d46efe7462 - hackernews - Querying time window: 2026-09-14 17:53:09 to 2026-09-14 18:53:09 (1789408389 to 1789411989)...
2026-09-21 09:26:15 +0000 - dagster - INFO - __ASSET_JOB - 406b9d33-19b3-461f-a2ce-f5d46efe7462 - hackernews - Making GET request to https://hn.algolia.com/api/v1/search_by_date?numericFilters=created_at_i%3E%3D1789408389%2Ccreated_at_i%3C1789411989&hitsPerPage=1000
2026-09-21 09:26:15 +0000 - dagster - INFO - __ASSET_JOB - 406b9d33-19b3-461f-a2ce-f5d46efe7462 - hackernews - Retrieved 895 items in this window.
2026-09-21 09:26:15 +0000 - dagster - INFO - __ASSET_JOB - 406b9d33-19b3-461f-a2ce-f5d46efe7462 - hackernews - Querying time window: 2026-09-14 18:53:09 to 2026-09-14 19:53:09 (1789411989 to 1789415589)...
2026-09-21 09:26:15 +0000 - dagster - INFO - __ASSET_JOB - 406b9d33-19b3-461f-a2ce-f5d46efe7462 - hackernews - Making GET request to https://hn.algolia.com/api/v1/search_by_date?numericFilters=created_at_i%3E%3D1789411989%2Ccreated_at_i%3C1789415589&hitsPerPage=1000
2026-09-21 09:26:16 +0000 - dagster - INFO - __ASSET_JOB - 406b9d33-19b3-461f-a2ce-f5d46efe7462 - hackernews - Retrieved 830 items in this window.
2026-09-21 09:26:16 +0000 - dagster - INFO - __ASSET_JOB - 406b9d33-19b3-461f-a2ce-f5d46efe7462 - hackernews - Querying time window: 2026-09-14 19:53:09 to 2026-09-14 20:53:09 (1789415589 to 1789419189)...
2026-09-21 09:26:16 +0000 - dagster - INFO - __ASSET_JOB - 406b9d33-19b3-461f-a2ce-f5d46efe7462 - hackernews - Making GET request to https://hn.algolia.com/api/v1/search_by_date?numericFilters=created_at_i%3E%3D1789415589%2Ccreated_at_i%3C1789419189&hitsPerPage=1000
2026-09-21 09:26:17 +0000 - dagster - INFO - __ASSET_JOB - 406b9d33-19b3-461f-a2ce-f5d46efe7462 - hackernews - Retrieved 791 items in this window.
2026-09-21 09:26:17 +0000 - dagster - INFO - __ASSET_JOB - 406b9d33-19b3-461f-a2ce-f5d46efe7462 - hackernews - Querying time window: 2026-09-14 20:53:09 to 2026-09-14 21:53:09 (1789419189 to 1789422789)...
2026-09-21 09:26:17 +0000 - dagster - INFO - __ASSET_JOB - 406b9d33-19b3-461f-a2ce-f5d46efe7462 - hackernews - Making GET request to https://hn.algolia.com/api/v1/search_by_date?numericFilters=created_at_i%3E%3D1789419189%2Ccreated_at_i%3C1789422789&hitsPerPage=1000
2026-09-21 09:26:18 +0000 - dagster - INFO - __ASSET_JOB - 406b9d33-19b3-461f-a2ce-f5d46efe7462 - hackernews - Retrieved 776 items in this window.
2026-09-21 09:26:18 +0000 - dagster - INFO - __ASSET_JOB - 406b9d33-19b3-461f-a2ce-f5d46efe7462 - hackernews - Querying time window: 2026-09-14 21:53:09 to 2026-09-14 22:53:09 (1789422789 to 1789426389)...
2026-09-21 09:26:18 +0000 - dagster - INFO - __ASSET_JOB - 406b9d33-19b3-461f-a2ce-f5d46efe7462 - hackernews - Making GET request to https://hn.algolia.com/api/v1/search_by_date?numericFilters=created_at_i%3E%3D1789422789%2Ccreated_at_i%3C1789426389&hitsPerPage=1000
2026-09-21 09:26:18 +0000 - dagster - INFO - __ASSET_JOB - 406b9d33-19b3-461f-a2ce-f5d46efe7462 - hackernews - Retrieved 603 items in this window.
2026-09-21 09:26:18 +0000 - dagster - INFO - __ASSET_JOB - 406b9d33-19b3-461f-a2ce-f5d46efe7462 - hackernews - Querying time window: 2026-09-14 22:53:09 to 2026-09-14 23:53:09 (1789426389 to 1789429989)...
2026-09-21 09:26:18 +0000 - dagster - INFO - __ASSET_JOB - 406b9d33-19b3-461f-a2ce-f5d46efe7462 - hackernews - Making GET request to https://hn.algolia.com/api/v1/search_by_date?numericFilters=created_at_i%3E%3D1789426389%2Ccreated_at_i%3C1789429989&hitsPerPage=1000
2026-09-21 09:26:19 +0000 - dagster - INFO - __ASSET_JOB - 406b9d33-19b3-461f-a2ce-f5d46efe7462 - hackernews - Retrieved 476 items in this window.
2026-09-21 09:26:19 +0000 - dagster - INFO - __ASSET_JOB - 406b9d33-19b3-461f-a2ce-f5d46efe7462 - hackernews - Querying time window: 2026-09-14 23:53:09 to 2026-09-15 00:53:09 (1789429989 to 1789433589)...
2026-09-21 09:26:19 +0000 - dagster - INFO - __ASSET_JOB - 406b9d33-19b3-461f-a2ce-f5d46efe7462 - hackernews - Making GET request to https://hn.algolia.com/api/v1/search_by_date?numericFilters=created_at_i%3E%3D1789429989%2Ccreated_at_i%3C1789433589&hitsPerPage=1000
2026-09-21 09:26:19 +0000 - dagster - INFO - __ASSET_JOB - 406b9d33-19b3-461f-a2ce-f5d46efe7462 - hackernews - Retrieved 416 items in this window.
2026-09-21 09:26:19 +0000 - dagster - INFO - __ASSET_JOB - 406b9d33-19b3-461f-a2ce-f5d46efe7462 - hackernews - Querying time window: 2026-09-15 00:53:09 to 2026-09-15 01:53:09 (1789433589 to 1789437189)...
2026-09-21 09:26:19 +0000 - dagster - INFO - __ASSET_JOB - 406b9d33-19b3-461f-a2ce-f5d46efe7462 - hackernews - Making GET request to https://hn.algolia.com/api/v1/search_by_date?numericFilters=created_at_i%3E%3D1789433589%2Ccreated_at_i%3C1789437189&hitsPerPage=1000
2026-09-21 09:26:19 +0000 - dagster - INFO - __ASSET_JOB - 406b9d33-19b3-461f-a2ce-f5d46efe7462 - hackernews - Retrieved 385 items in this window.
2026-09-21 09:26:20 +0000 - dagster - INFO - __ASSET_JOB - 406b9d33-19b3-461f-a2ce-f5d46efe7462 - hackernews - Querying time window: 2026-09-15 01:53:09 to 2026-09-15 02:53:09 (1789437189 to 1789440789)...
2026-09-21 09:26:20 +0000 - dagster - INFO - __ASSET_JOB - 406b9d33-19b3-461f-a2ce-f5d46efe7462 - hackernews - Making GET request to https://hn.algolia.com/api/v1/search_by_date?numericFilters=created_at_i%3E%3D1789437189%2Ccreated_at_i%3C1789440789&hitsPerPage=1000
2026-09-21 09:26:20 +0000 - dagster - INFO - __ASSET_JOB - 406b9d33-19b3-461f-a2ce-f5d46efe7462 - hackernews - Retrieved 329 items in this window.
2026-09-21 09:26:20 +0000 - dagster - INFO - __ASSET_JOB - 406b9d33-19b3-461f-a2ce-f5d46efe7462 - hackernews - Querying time window: 2026-09-15 02:53:09 to 2026-09-15 03:53:09 (1789440789 to 1789444389)...
2026-09-21 09:26:20 +0000 - dagster - INFO - __ASSET_JOB - 406b9d33-19b3-461f-a2ce-f5d46efe7462 - hackernews - Making GET request to https://hn.algolia.com/api/v1/search_by_date?numericFilters=created_at_i%3E%3D1789440789%2Ccreated_at_i%3C1789444389&hitsPerPage=1000
2026-09-21 09:26:20 +0000 - dagster - INFO - __ASSET_JOB - 406b9d33-19b3-461f-a2ce-f5d46efe7462 - hackernews - Retrieved 348 items in this window.
2026-09-21 09:26:20 +0000 - dagster - INFO - __ASSET_JOB - 406b9d33-19b3-461f-a2ce-f5d46efe7462 - hackernews - Querying time window: 2026-09-15 03:53:09 to 2026-09-15 04:53:09 (1789444389 to 1789447989)...
2026-09-21 09:26:20 +0000 - dagster - INFO - __ASSET_JOB - 406b9d33-19b3-461f-a2ce-f5d46efe7462 - hackernews - Making GET request to https://hn.algolia.com/api/v1/search_by_date?numericFilters=created_at_i%3E%3D1789444389%2Ccreated_at_i%3C1789447989&hitsPerPage=1000
2026-09-21 09:26:21 +0000 - dagster - INFO - __ASSET_JOB - 406b9d33-19b3-461f-a2ce-f5d46efe7462 - hackernews - Retrieved 335 items in this window.
2026-09-21 09:26:21 +0000 - dagster - INFO - __ASSET_JOB - 406b9d33-19b3-461f-a2ce-f5d46efe7462 - hackernews - Querying time window: 2026-09-15 04:53:09 to 2026-09-15 05:53:09 (1789447989 to 1789451589)...
2026-09-21 09:26:21 +0000 - dagster - INFO - __ASSET_JOB - 406b9d33-19b3-461f-a2ce-f5d46efe7462 - hackernews - Making GET request to https://hn.algolia.com/api/v1/search_by_date?numericFilters=created_at_i%3E%3D1789447989%2Ccreated_at_i%3C1789451589&hitsPerPage=1000
2026-09-21 09:26:21 +0000 - dagster - INFO - __ASSET_JOB - 406b9d33-19b3-461f-a2ce-f5d46efe7462 - hackernews - Retrieved 364 items in this window.
2026-09-21 09:26:21 +0000 - dagster - INFO - __ASSET_JOB - 406b9d33-19b3-461f-a2ce-f5d46efe7462 - hackernews - Querying time window: 2026-09-15 05:53:09 to 2026-09-15 06:53:09 (1789451589 to 1789455189)...
2026-09-21 09:26:21 +0000 - dagster - INFO - __ASSET_JOB - 406b9d33-19b3-461f-a2ce-f5d46efe7462 - hackernews - Making GET request to https://hn.algolia.com/api/v1/search_by_date?numericFilters=created_at_i%3E%3D1789451589%2Ccreated_at_i%3C1789455189&hitsPerPage=1000
2026-09-21 09:26:22 +0000 - dagster - INFO - __ASSET_JOB - 406b9d33-19b3-461f-a2ce-f5d46efe7462 - hackernews - Retrieved 390 items in this window.
2026-09-21 09:26:22 +0000 - dagster - INFO - __ASSET_JOB - 406b9d33-19b3-461f-a2ce-f5d46efe7462 - hackernews - Querying time window: 2026-09-15 06:53:09 to 2026-09-15 07:53:09 (1789455189 to 1789458789)...
2026-09-21 09:26:22 +0000 - dagster - INFO - __ASSET_JOB - 406b9d33-19b3-461f-a2ce-f5d46efe7462 - hackernews - Making GET request to https://hn.algolia.com/api/v1/search_by_date?numericFilters=created_at_i%3E%3D1789455189%2Ccreated_at_i%3C1789458789&hitsPerPage=1000
2026-09-21 09:26:22 +0000 - dagster - INFO - __ASSET_JOB - 406b9d33-19b3-461f-a2ce-f5d46efe7462 - hackernews - Retrieved 408 items in this window.
2026-09-21 09:26:22 +0000 - dagster - INFO - __ASSET_JOB - 406b9d33-19b3-461f-a2ce-f5d46efe7462 - hackernews - Querying time window: 2026-09-15 07:53:09 to 2026-09-15 08:53:09 (1789458789 to 1789462389)...
2026-09-21 09:26:22 +0000 - dagster - INFO - __ASSET_JOB - 406b9d33-19b3-461f-a2ce-f5d46efe7462 - hackernews - Making GET request to https://hn.algolia.com/api/v1/search_by_date?numericFilters=created_at_i%3E%3D1789458789%2Ccreated_at_i%3C1789462389&hitsPerPage=1000
2026-09-21 09:26:22 +0000 - dagster - INFO - __ASSET_JOB - 406b9d33-19b3-461f-a2ce-f5d46efe7462 - hackernews - Retrieved 422 items in this window.
2026-09-21 09:26:22 +0000 - dagster - INFO - __ASSET_JOB - 406b9d33-19b3-461f-a2ce-f5d46efe7462 - hackernews - Querying time window: 2026-09-15 08:53:09 to 2026-09-15 09:53:09 (1789462389 to 1789465989)...
2026-09-21 09:26:22 +0000 - dagster - INFO - __ASSET_JOB - 406b9d33-19b3-461f-a2ce-f5d46efe7462 - hackernews - Making GET request to https://hn.algolia.com/api/v1/search_by_date?numericFilters=created_at_i%3E%3D1789462389%2Ccreated_at_i%3C1789465989&hitsPerPage=1000
2026-09-21 09:26:23 +0000 - dagster - INFO - __ASSET_JOB - 406b9d33-19b3-461f-a2ce-f5d46efe7462 - hackernews - Retrieved 353 items in this window.
2026-09-21 09:26:23 +0000 - dagster - INFO - __ASSET_JOB - 406b9d33-19b3-461f-a2ce-f5d46efe7462 - hackernews - Querying time window: 2026-09-15 09:53:09 to 2026-09-15 10:53:09 (1789465989 to 1789469589)...
2026-09-21 09:26:23 +0000 - dagster - INFO - __ASSET_JOB - 406b9d33-19b3-461f-a2ce-f5d46efe7462 - hackernews - Making GET request to https://hn.algolia.com/api/v1/search_by_date?numericFilters=created_at_i%3E%3D1789465989%2Ccreated_at_i%3C1789469589&hitsPerPage=1000
2026-09-21 09:26:23 +0000 - dagster - INFO - __ASSET_JOB - 406b9d33-19b3-461f-a2ce-f5d46efe7462 - hackernews - Retrieved 381 items in this window.
2026-09-21 09:26:23 +0000 - dagster - INFO - __ASSET_JOB - 406b9d33-19b3-461f-a2ce-f5d46efe7462 - hackernews - Querying time window: 2026-09-15 10:53:09 to 2026-09-15 11:53:09 (1789469589 to 1789473189)...
2026-09-21 09:26:23 +0000 - dagster - INFO - __ASSET_JOB - 406b9d33-19b3-461f-a2ce-f5d46efe7462 - hackernews - Making GET request to https://hn.algolia.com/api/v1/search_by_date?numericFilters=created_at_i%3E%3D1789469589%2Ccreated_at_i%3C1789473189&hitsPerPage=1000
2026-09-21 09:26:24 +0000 - dagster - INFO - __ASSET_JOB - 406b9d33-19b3-461f-a2ce-f5d46efe7462 - hackernews - Retrieved 546 items in this window.
2026-09-21 09:26:24 +0000 - dagster - INFO - __ASSET_JOB - 406b9d33-19b3-461f-a2ce-f5d46efe7462 - hackernews - Querying time window: 2026-09-15 11:53:09 to 2026-09-15 12:53:09 (1789473189 to 1789476789)...
2026-09-21 09:26:24 +0000 - dagster - INFO - __ASSET_JOB - 406b9d33-19b3-461f-a2ce-f5d46efe7462 - hackernews - Making GET request to https://hn.algolia.com/api/v1/search_by_date?numericFilters=created_at_i%3E%3D1789473189%2Ccreated_at_i%3C1789476789&hitsPerPage=1000
2026-09-21 09:26:24 +0000 - dagster - INFO - __ASSET_JOB - 406b9d33-19b3-461f-a2ce-f5d46efe7462 - hackernews - Retrieved 520 items in this window.
2026-09-21 09:26:24 +0000 - dagster - INFO - __ASSET_JOB - 406b9d33-19b3-461f-a2ce-f5d46efe7462 - hackernews - Querying time window: 2026-09-15 12:53:09 to 2026-09-15 13:53:09 (1789476789 to 1789480389)...
2026-09-21 09:26:24 +0000 - dagster - INFO - __ASSET_JOB - 406b9d33-19b3-461f-a2ce-f5d46efe7462 - hackernews - Making GET request to https://hn.algolia.com/api/v1/search_by_date?numericFilters=created_at_i%3E%3D1789476789%2Ccreated_at_i%3C1789480389&hitsPerPage=1000
2026-09-21 09:26:25 +0000 - dagster - INFO - __ASSET_JOB - 406b9d33-19b3-461f-a2ce-f5d46efe7462 - hackernews - Retrieved 639 items in this window.
2026-09-21 09:26:25 +0000 - dagster - INFO - __ASSET_JOB - 406b9d33-19b3-461f-a2ce-f5d46efe7462 - hackernews - Querying time window: 2026-09-15 13:53:09 to 2026-09-15 14:53:09 (1789480389 to 1789483989)...
2026-09-21 09:26:25 +0000 - dagster - INFO - __ASSET_JOB - 406b9d33-19b3-461f-a2ce-f5d46efe7462 - hackernews - Making GET request to https://hn.algolia.com/api/v1/search_by_date?numericFilters=created_at_i%3E%3D1789480389%2Ccreated_at_i%3C1789483989&hitsPerPage=1000
2026-09-21 09:26:25 +0000 - dagster - INFO - __ASSET_JOB - 406b9d33-19b3-461f-a2ce-f5d46efe7462 - hackernews - Retrieved 771 items in this window.
2026-09-21 09:26:25 +0000 - dagster - INFO - __ASSET_JOB - 406b9d33-19b3-461f-a2ce-f5d46efe7462 - hackernews - Querying time window: 2026-09-15 14:53:09 to 2026-09-15 15:53:09 (1789483989 to 1789487589)...
2026-09-21 09:26:25 +0000 - dagster - INFO - __ASSET_JOB - 406b9d33-19b3-461f-a2ce-f5d46efe7462 - hackernews - Making GET request to https://hn.algolia.com/api/v1/search_by_date?numericFilters=created_at_i%3E%3D1789483989%2Ccreated_at_i%3C1789487589&hitsPerPage=1000
2026-09-21 09:26:26 +0000 - dagster - INFO - __ASSET_JOB - 406b9d33-19b3-461f-a2ce-f5d46efe7462 - hackernews - Retrieved 835 items in this window.
2026-09-21 09:26:26 +0000 - dagster - INFO - __ASSET_JOB - 406b9d33-19b3-461f-a2ce-f5d46efe7462 - hackernews - Querying time window: 2026-09-15 15:53:09 to 2026-09-15 16:53:09 (1789487589 to 1789491189)...
2026-09-21 09:26:26 +0000 - dagster - INFO - __ASSET_JOB - 406b9d33-19b3-461f-a2ce-f5d46efe7462 - hackernews - Making GET request to https://hn.algolia.com/api/v1/search_by_date?numericFilters=created_at_i%3E%3D1789487589%2Ccreated_at_i%3C1789491189&hitsPerPage=1000
2026-09-21 09:26:26 +0000 - dagster - INFO - __ASSET_JOB - 406b9d33-19b3-461f-a2ce-f5d46efe7462 - hackernews - Retrieved 776 items in this window.
2026-09-21 09:26:26 +0000 - dagster - INFO - __ASSET_JOB - 406b9d33-19b3-461f-a2ce-f5d46efe7462 - hackernews - Querying time window: 2026-09-15 16:53:09 to 2026-09-15 17:53:09 (1789491189 to 1789494789)...
2026-09-21 09:26:26 +0000 - dagster - INFO - __ASSET_JOB - 406b9d33-19b3-461f-a2ce-f5d46efe7462 - hackernews - Making GET request to https://hn.algolia.com/api/v1/search_by_date?numericFilters=created_at_i%3E%3D1789491189%2Ccreated_at_i%3C1789494789&hitsPerPage=1000
2026-09-21 09:26:27 +0000 - dagster - INFO - __ASSET_JOB - 406b9d33-19b3-461f-a2ce-f5d46efe7462 - hackernews - Retrieved 759 items in this window.
2026-09-21 09:26:27 +0000 - dagster - INFO - __ASSET_JOB - 406b9d33-19b3-461f-a2ce-f5d46efe7462 - hackernews - Querying time window: 2026-09-15 17:53:09 to 2026-09-15 18:53:09 (1789494789 to 1789498389)...
2026-09-21 09:26:27 +0000 - dagster - INFO - __ASSET_JOB - 406b9d33-19b3-461f-a2ce-f5d46efe7462 - hackernews - Making GET request to https://hn.algolia.com/api/v1/search_by_date?numericFilters=created_at_i%3E%3D1789494789%2Ccreated_at_i%3C1789498389&hitsPerPage=1000
2026-09-21 09:26:27 +0000 - dagster - INFO - __ASSET_JOB - 406b9d33-19b3-461f-a2ce-f5d46efe7462 - hackernews - Retrieved 794 items in this window.
2026-09-21 09:26:28 +0000 - dagster - INFO - __ASSET_JOB - 406b9d33-19b3-461f-a2ce-f5d46efe7462 - hackernews - Querying time window: 2026-09-15 18:53:09 to 2026-09-15 19:53:09 (1789498389 to 1789501989)...
2026-09-21 09:26:28 +0000 - dagster - INFO - __ASSET_JOB - 406b9d33-19b3-461f-a2ce-f5d46efe7462 - hackernews - Making GET request to https://hn.algolia.com/api/v1/search_by_date?numericFilters=created_at_i%3E%3D1789498389%2Ccreated_at_i%3C1789501989&hitsPerPage=1000
2026-09-21 09:26:28 +0000 - dagster - INFO - __ASSET_JOB - 406b9d33-19b3-461f-a2ce-f5d46efe7462 - hackernews - Retrieved 807 items in this window.
2026-09-21 09:26:28 +0000 - dagster - INFO - __ASSET_JOB - 406b9d33-19b3-461f-a2ce-f5d46efe7462 - hackernews - Querying time window: 2026-09-15 19:53:09 to 2026-09-15 20:53:09 (1789501989 to 1789505589)...
2026-09-21 09:26:28 +0000 - dagster - INFO - __ASSET_JOB - 406b9d33-19b3-461f-a2ce-f5d46efe7462 - hackernews - Making GET request to https://hn.algolia.com/api/v1/search_by_date?numericFilters=created_at_i%3E%3D1789501989%2Ccreated_at_i%3C1789505589&hitsPerPage=1000
2026-09-21 09:26:29 +0000 - dagster - INFO - __ASSET_JOB - 406b9d33-19b3-461f-a2ce-f5d46efe7462 - hackernews - Retrieved 720 items in this window.
2026-09-21 09:26:29 +0000 - dagster - INFO - __ASSET_JOB - 406b9d33-19b3-461f-a2ce-f5d46efe7462 - hackernews - Querying time window: 2026-09-15 20:53:09 to 2026-09-15 21:53:09 (1789505589 to 1789509189)...
2026-09-21 09:26:29 +0000 - dagster - INFO - __ASSET_JOB - 406b9d33-19b3-461f-a2ce-f5d46efe7462 - hackernews - Making GET request to https://hn.algolia.com/api/v1/search_by_date?numericFilters=created_at_i%3E%3D1789505589%2Ccreated_at_i%3C1789509189&hitsPerPage=1000
2026-09-21 09:26:29 +0000 - dagster - INFO - __ASSET_JOB - 406b9d33-19b3-461f-a2ce-f5d46efe7462 - hackernews - Retrieved 560 items in this window.
2026-09-21 09:26:29 +0000 - dagster - INFO - __ASSET_JOB - 406b9d33-19b3-461f-a2ce-f5d46efe7462 - hackernews - Querying time window: 2026-09-15 21:53:09 to 2026-09-15 22:53:09 (1789509189 to 1789512789)...
2026-09-21 09:26:29 +0000 - dagster - INFO - __ASSET_JOB - 406b9d33-19b3-461f-a2ce-f5d46efe7462 - hackernews - Making GET request to https://hn.algolia.com/api/v1/search_by_date?numericFilters=created_at_i%3E%3D1789509189%2Ccreated_at_i%3C1789512789&hitsPerPage=1000
2026-09-21 09:26:29 +0000 - dagster - INFO - __ASSET_JOB - 406b9d33-19b3-461f-a2ce-f5d46efe7462 - hackernews - Retrieved 532 items in this window.
2026-09-21 09:26:29 +0000 - dagster - INFO - __ASSET_JOB - 406b9d33-19b3-461f-a2ce-f5d46efe7462 - hackernews - Querying time window: 2026-09-15 22:53:09 to 2026-09-15 23:53:09 (1789512789 to 1789516389)...
2026-09-21 09:26:29 +0000 - dagster - INFO - __ASSET_JOB - 406b9d33-19b3-461f-a2ce-f5d46efe7462 - hackernews - Making GET request to https://hn.algolia.com/api/v1/search_by_date?numericFilters=created_at_i%3E%3D1789512789%2Ccreated_at_i%3C1789516389&hitsPerPage=1000
2026-09-21 09:26:30 +0000 - dagster - INFO - __ASSET_JOB - 406b9d33-19b3-461f-a2ce-f5d46efe7462 - hackernews - Retrieved 423 items in this window.
2026-09-21 09:26:30 +0000 - dagster - INFO - __ASSET_JOB - 406b9d33-19b3-461f-a2ce-f5d46efe7462 - hackernews - Querying time window: 2026-09-15 23:53:09 to 2026-09-16 00:53:09 (1789516389 to 1789519989)...
2026-09-21 09:26:30 +0000 - dagster - INFO - __ASSET_JOB - 406b9d33-19b3-461f-a2ce-f5d46efe7462 - hackernews - Making GET request to https://hn.algolia.com/api/v1/search_by_date?numericFilters=created_at_i%3E%3D1789516389%2Ccreated_at_i%3C1789519989&hitsPerPage=1000
2026-09-21 09:26:30 +0000 - dagster - INFO - __ASSET_JOB - 406b9d33-19b3-461f-a2ce-f5d46efe7462 - hackernews - Retrieved 400 items in this window.
2026-09-21 09:26:30 +0000 - dagster - INFO - __ASSET_JOB - 406b9d33-19b3-461f-a2ce-f5d46efe7462 - hackernews - Querying time window: 2026-09-16 00:53:09 to 2026-09-16 01:53:09 (1789519989 to 1789523589)...
2026-09-21 09:26:30 +0000 - dagster - INFO - __ASSET_JOB - 406b9d33-19b3-461f-a2ce-f5d46efe7462 - hackernews - Making GET request to https://hn.algolia.com/api/v1/search_by_date?numericFilters=created_at_i%3E%3D1789519989%2Ccreated_at_i%3C1789523589&hitsPerPage=1000
2026-09-21 09:26:31 +0000 - dagster - INFO - __ASSET_JOB - 406b9d33-19b3-461f-a2ce-f5d46efe7462 - hackernews - Retrieved 331 items in this window.
2026-09-21 09:26:31 +0000 - dagster - INFO - __ASSET_JOB - 406b9d33-19b3-461f-a2ce-f5d46efe7462 - hackernews - Querying time window: 2026-09-16 01:53:09 to 2026-09-16 02:53:09 (1789523589 to 1789527189)...
2026-09-21 09:26:31 +0000 - dagster - INFO - __ASSET_JOB - 406b9d33-19b3-461f-a2ce-f5d46efe7462 - hackernews - Making GET request to https://hn.algolia.com/api/v1/search_by_date?numericFilters=created_at_i%3E%3D1789523589%2Ccreated_at_i%3C1789527189&hitsPerPage=1000
2026-09-21 09:26:31 +0000 - dagster - INFO - __ASSET_JOB - 406b9d33-19b3-461f-a2ce-f5d46efe7462 - hackernews - Retrieved 300 items in this window.
2026-09-21 09:26:31 +0000 - dagster - INFO - __ASSET_JOB - 406b9d33-19b3-461f-a2ce-f5d46efe7462 - hackernews - Querying time window: 2026-09-16 02:53:09 to 2026-09-16 03:53:09 (1789527189 to 1789530789)...
2026-09-21 09:26:31 +0000 - dagster - INFO - __ASSET_JOB - 406b9d33-19b3-461f-a2ce-f5d46efe7462 - hackernews - Making GET request to https://hn.algolia.com/api/v1/search_by_date?numericFilters=created_at_i%3E%3D1789527189%2Ccreated_at_i%3C1789530789&hitsPerPage=1000
2026-09-21 09:26:31 +0000 - dagster - INFO - __ASSET_JOB - 406b9d33-19b3-461f-a2ce-f5d46efe7462 - hackernews - Retrieved 293 items in this window.
2026-09-21 09:26:31 +0000 - dagster - INFO - __ASSET_JOB - 406b9d33-19b3-461f-a2ce-f5d46efe7462 - hackernews - Querying time window: 2026-09-16 03:53:09 to 2026-09-16 04:53:09 (1789530789 to 1789534389)...
2026-09-21 09:26:31 +0000 - dagster - INFO - __ASSET_JOB - 406b9d33-19b3-461f-a2ce-f5d46efe7462 - hackernews - Making GET request to https://hn.algolia.com/api/v1/search_by_date?numericFilters=created_at_i%3E%3D1789530789%2Ccreated_at_i%3C1789534389&hitsPerPage=1000
2026-09-21 09:26:32 +0000 - dagster - INFO - __ASSET_JOB - 406b9d33-19b3-461f-a2ce-f5d46efe7462 - hackernews - Retrieved 294 items in this window.
2026-09-21 09:26:32 +0000 - dagster - INFO - __ASSET_JOB - 406b9d33-19b3-461f-a2ce-f5d46efe7462 - hackernews - Querying time window: 2026-09-16 04:53:09 to 2026-09-16 05:53:09 (1789534389 to 1789537989)...
2026-09-21 09:26:32 +0000 - dagster - INFO - __ASSET_JOB - 406b9d33-19b3-461f-a2ce-f5d46efe7462 - hackernews - Making GET request to https://hn.algolia.com/api/v1/search_by_date?numericFilters=created_at_i%3E%3D1789534389%2Ccreated_at_i%3C1789537989&hitsPerPage=1000
2026-09-21 09:26:32 +0000 - dagster - INFO - __ASSET_JOB - 406b9d33-19b3-461f-a2ce-f5d46efe7462 - hackernews - Retrieved 304 items in this window.
2026-09-21 09:26:33 +0000 - dagster - INFO - __ASSET_JOB - 406b9d33-19b3-461f-a2ce-f5d46efe7462 - hackernews - Querying time window: 2026-09-16 05:53:09 to 2026-09-16 06:53:09 (1789537989 to 1789541589)...
2026-09-21 09:26:33 +0000 - dagster - INFO - __ASSET_JOB - 406b9d33-19b3-461f-a2ce-f5d46efe7462 - hackernews - Making GET request to https://hn.algolia.com/api/v1/search_by_date?numericFilters=created_at_i%3E%3D1789537989%2Ccreated_at_i%3C1789541589&hitsPerPage=1000
2026-09-21 09:26:33 +0000 - dagster - INFO - __ASSET_JOB - 406b9d33-19b3-461f-a2ce-f5d46efe7462 - hackernews - Retrieved 302 items in this window.
2026-09-21 09:26:33 +0000 - dagster - INFO - __ASSET_JOB - 406b9d33-19b3-461f-a2ce-f5d46efe7462 - hackernews - Querying time window: 2026-09-16 06:53:09 to 2026-09-16 07:53:09 (1789541589 to 1789545189)...
2026-09-21 09:26:33 +0000 - dagster - INFO - __ASSET_JOB - 406b9d33-19b3-461f-a2ce-f5d46efe7462 - hackernews - Making GET request to https://hn.algolia.com/api/v1/search_by_date?numericFilters=created_at_i%3E%3D1789541589%2Ccreated_at_i%3C1789545189&hitsPerPage=1000
2026-09-21 09:26:33 +0000 - dagster - INFO - __ASSET_JOB - 406b9d33-19b3-461f-a2ce-f5d46efe7462 - hackernews - Retrieved 320 items in this window.
2026-09-21 09:26:33 +0000 - dagster - INFO - __ASSET_JOB - 406b9d33-19b3-461f-a2ce-f5d46efe7462 - hackernews - Querying time window: 2026-09-16 07:53:09 to 2026-09-16 08:53:09 (1789545189 to 1789548789)...
2026-09-21 09:26:33 +0000 - dagster - INFO - __ASSET_JOB - 406b9d33-19b3-461f-a2ce-f5d46efe7462 - hackernews - Making GET request to https://hn.algolia.com/api/v1/search_by_date?numericFilters=created_at_i%3E%3D1789545189%2Ccreated_at_i%3C1789548789&hitsPerPage=1000
2026-09-21 09:26:34 +0000 - dagster - INFO - __ASSET_JOB - 406b9d33-19b3-461f-a2ce-f5d46efe7462 - hackernews - Retrieved 387 items in this window.
2026-09-21 09:26:34 +0000 - dagster - INFO - __ASSET_JOB - 406b9d33-19b3-461f-a2ce-f5d46efe7462 - hackernews - Querying time window: 2026-09-16 08:53:09 to 2026-09-16 09:53:09 (1789548789 to 1789552389)...
2026-09-21 09:26:34 +0000 - dagster - INFO - __ASSET_JOB - 406b9d33-19b3-461f-a2ce-f5d46efe7462 - hackernews - Making GET request to https://hn.algolia.com/api/v1/search_by_date?numericFilters=created_at_i%3E%3D1789548789%2Ccreated_at_i%3C1789552389&hitsPerPage=1000
2026-09-21 09:26:34 +0000 - dagster - INFO - __ASSET_JOB - 406b9d33-19b3-461f-a2ce-f5d46efe7462 - hackernews - Retrieved 337 items in this window.
2026-09-21 09:26:34 +0000 - dagster - INFO - __ASSET_JOB - 406b9d33-19b3-461f-a2ce-f5d46efe7462 - hackernews - Querying time window: 2026-09-16 09:53:09 to 2026-09-16 10:53:09 (1789552389 to 1789555989)...
2026-09-21 09:26:34 +0000 - dagster - INFO - __ASSET_JOB - 406b9d33-19b3-461f-a2ce-f5d46efe7462 - hackernews - Making GET request to https://hn.algolia.com/api/v1/search_by_date?numericFilters=created_at_i%3E%3D1789552389%2Ccreated_at_i%3C1789555989&hitsPerPage=1000
2026-09-21 09:26:35 +0000 - dagster - INFO - __ASSET_JOB - 406b9d33-19b3-461f-a2ce-f5d46efe7462 - hackernews - Retrieved 449 items in this window.
2026-09-21 09:26:35 +0000 - dagster - INFO - __ASSET_JOB - 406b9d33-19b3-461f-a2ce-f5d46efe7462 - hackernews - Querying time window: 2026-09-16 10:53:09 to 2026-09-16 11:53:09 (1789555989 to 1789559589)...
2026-09-21 09:26:35 +0000 - dagster - INFO - __ASSET_JOB - 406b9d33-19b3-461f-a2ce-f5d46efe7462 - hackernews - Making GET request to https://hn.algolia.com/api/v1/search_by_date?numericFilters=created_at_i%3E%3D1789555989%2Ccreated_at_i%3C1789559589&hitsPerPage=1000
2026-09-21 09:26:35 +0000 - dagster - INFO - __ASSET_JOB - 406b9d33-19b3-461f-a2ce-f5d46efe7462 - hackernews - Retrieved 701 items in this window.
2026-09-21 09:26:35 +0000 - dagster - INFO - __ASSET_JOB - 406b9d33-19b3-461f-a2ce-f5d46efe7462 - hackernews - Querying time window: 2026-09-16 11:53:09 to 2026-09-16 12:53:09 (1789559589 to 1789563189)...
2026-09-21 09:26:35 +0000 - dagster - INFO - __ASSET_JOB - 406b9d33-19b3-461f-a2ce-f5d46efe7462 - hackernews - Making GET request to https://hn.algolia.com/api/v1/search_by_date?numericFilters=created_at_i%3E%3D1789559589%2Ccreated_at_i%3C1789563189&hitsPerPage=1000
2026-09-21 09:26:36 +0000 - dagster - INFO - __ASSET_JOB - 406b9d33-19b3-461f-a2ce-f5d46efe7462 - hackernews - Retrieved 725 items in this window.
2026-09-21 09:26:36 +0000 - dagster - INFO - __ASSET_JOB - 406b9d33-19b3-461f-a2ce-f5d46efe7462 - hackernews - Querying time window: 2026-09-16 12:53:09 to 2026-09-16 13:53:09 (1789563189 to 1789566789)...
2026-09-21 09:26:36 +0000 - dagster - INFO - __ASSET_JOB - 406b9d33-19b3-461f-a2ce-f5d46efe7462 - hackernews - Making GET request to https://hn.algolia.com/api/v1/search_by_date?numericFilters=created_at_i%3E%3D1789563189%2Ccreated_at_i%3C1789566789&hitsPerPage=1000
2026-09-21 09:26:36 +0000 - dagster - INFO - __ASSET_JOB - 406b9d33-19b3-461f-a2ce-f5d46efe7462 - hackernews - Retrieved 714 items in this window.
2026-09-21 09:26:36 +0000 - dagster - INFO - __ASSET_JOB - 406b9d33-19b3-461f-a2ce-f5d46efe7462 - hackernews - Querying time window: 2026-09-16 13:53:09 to 2026-09-16 14:53:09 (1789566789 to 1789570389)...
2026-09-21 09:26:36 +0000 - dagster - INFO - __ASSET_JOB - 406b9d33-19b3-461f-a2ce-f5d46efe7462 - hackernews - Making GET request to https://hn.algolia.com/api/v1/search_by_date?numericFilters=created_at_i%3E%3D1789566789%2Ccreated_at_i%3C1789570389&hitsPerPage=1000
2026-09-21 09:26:37 +0000 - dagster - INFO - __ASSET_JOB - 406b9d33-19b3-461f-a2ce-f5d46efe7462 - hackernews - Retrieved 788 items in this window.
2026-09-21 09:26:37 +0000 - dagster - INFO - __ASSET_JOB - 406b9d33-19b3-461f-a2ce-f5d46efe7462 - hackernews - Querying time window: 2026-09-16 14:53:09 to 2026-09-16 15:53:09 (1789570389 to 1789573989)...
2026-09-21 09:26:37 +0000 - dagster - INFO - __ASSET_JOB - 406b9d33-19b3-461f-a2ce-f5d46efe7462 - hackernews - Making GET request to https://hn.algolia.com/api/v1/search_by_date?numericFilters=created_at_i%3E%3D1789570389%2Ccreated_at_i%3C1789573989&hitsPerPage=1000
2026-09-21 09:26:37 +0000 - dagster - INFO - __ASSET_JOB - 406b9d33-19b3-461f-a2ce-f5d46efe7462 - hackernews - Retrieved 844 items in this window.
2026-09-21 09:26:37 +0000 - dagster - INFO - __ASSET_JOB - 406b9d33-19b3-461f-a2ce-f5d46efe7462 - hackernews - Querying time window: 2026-09-16 15:53:09 to 2026-09-16 16:53:09 (1789573989 to 1789577589)...
2026-09-21 09:26:37 +0000 - dagster - INFO - __ASSET_JOB - 406b9d33-19b3-461f-a2ce-f5d46efe7462 - hackernews - Making GET request to https://hn.algolia.com/api/v1/search_by_date?numericFilters=created_at_i%3E%3D1789573989%2Ccreated_at_i%3C1789577589&hitsPerPage=1000
2026-09-21 09:26:38 +0000 - dagster - INFO - __ASSET_JOB - 406b9d33-19b3-461f-a2ce-f5d46efe7462 - hackernews - Retrieved 750 items in this window.
2026-09-21 09:26:38 +0000 - dagster - INFO - __ASSET_JOB - 406b9d33-19b3-461f-a2ce-f5d46efe7462 - hackernews - Querying time window: 2026-09-16 16:53:09 to 2026-09-16 17:53:09 (1789577589 to 1789581189)...
2026-09-21 09:26:38 +0000 - dagster - INFO - __ASSET_JOB - 406b9d33-19b3-461f-a2ce-f5d46efe7462 - hackernews - Making GET request to https://hn.algolia.com/api/v1/search_by_date?numericFilters=created_at_i%3E%3D1789577589%2Ccreated_at_i%3C1789581189&hitsPerPage=1000
2026-09-21 09:26:38 +0000 - dagster - INFO - __ASSET_JOB - 406b9d33-19b3-461f-a2ce-f5d46efe7462 - hackernews - Retrieved 719 items in this window.
2026-09-21 09:26:38 +0000 - dagster - INFO - __ASSET_JOB - 406b9d33-19b3-461f-a2ce-f5d46efe7462 - hackernews - Querying time window: 2026-09-16 17:53:09 to 2026-09-16 18:53:09 (1789581189 to 1789584789)...
2026-09-21 09:26:38 +0000 - dagster - INFO - __ASSET_JOB - 406b9d33-19b3-461f-a2ce-f5d46efe7462 - hackernews - Making GET request to https://hn.algolia.com/api/v1/search_by_date?numericFilters=created_at_i%3E%3D1789581189%2Ccreated_at_i%3C1789584789&hitsPerPage=1000
2026-09-21 09:26:39 +0000 - dagster - INFO - __ASSET_JOB - 406b9d33-19b3-461f-a2ce-f5d46efe7462 - hackernews - Retrieved 684 items in this window.
2026-09-21 09:26:39 +0000 - dagster - INFO - __ASSET_JOB - 406b9d33-19b3-461f-a2ce-f5d46efe7462 - hackernews - Querying time window: 2026-09-16 18:53:09 to 2026-09-16 19:53:09 (1789584789 to 1789588389)...
2026-09-21 09:26:39 +0000 - dagster - INFO - __ASSET_JOB - 406b9d33-19b3-461f-a2ce-f5d46efe7462 - hackernews - Making GET request to https://hn.algolia.com/api/v1/search_by_date?numericFilters=created_at_i%3E%3D1789584789%2Ccreated_at_i%3C1789588389&hitsPerPage=1000
2026-09-21 09:26:39 +0000 - dagster - INFO - __ASSET_JOB - 406b9d33-19b3-461f-a2ce-f5d46efe7462 - hackernews - Retrieved 610 items in this window.
2026-09-21 09:26:39 +0000 - dagster - INFO - __ASSET_JOB - 406b9d33-19b3-461f-a2ce-f5d46efe7462 - hackernews - Querying time window: 2026-09-16 19:53:09 to 2026-09-16 20:53:09 (1789588389 to 1789591989)...
2026-09-21 09:26:39 +0000 - dagster - INFO - __ASSET_JOB - 406b9d33-19b3-461f-a2ce-f5d46efe7462 - hackernews - Making GET request to https://hn.algolia.com/api/v1/search_by_date?numericFilters=created_at_i%3E%3D1789588389%2Ccreated_at_i%3C1789591989&hitsPerPage=1000
2026-09-21 09:26:40 +0000 - dagster - INFO - __ASSET_JOB - 406b9d33-19b3-461f-a2ce-f5d46efe7462 - hackernews - Retrieved 769 items in this window.
2026-09-21 09:26:40 +0000 - dagster - INFO - __ASSET_JOB - 406b9d33-19b3-461f-a2ce-f5d46efe7462 - hackernews - Querying time window: 2026-09-16 20:53:09 to 2026-09-16 21:53:09 (1789591989 to 1789595589)...
2026-09-21 09:26:40 +0000 - dagster - INFO - __ASSET_JOB - 406b9d33-19b3-461f-a2ce-f5d46efe7462 - hackernews - Making GET request to https://hn.algolia.com/api/v1/search_by_date?numericFilters=created_at_i%3E%3D1789591989%2Ccreated_at_i%3C1789595589&hitsPerPage=1000
2026-09-21 09:26:40 +0000 - dagster - INFO - __ASSET_JOB - 406b9d33-19b3-461f-a2ce-f5d46efe7462 - hackernews - Retrieved 640 items in this window.
2026-09-21 09:26:41 +0000 - dagster - INFO - __ASSET_JOB - 406b9d33-19b3-461f-a2ce-f5d46efe7462 - hackernews - Querying time window: 2026-09-16 21:53:09 to 2026-09-16 22:53:09 (1789595589 to 1789599189)...
2026-09-21 09:26:41 +0000 - dagster - INFO - __ASSET_JOB - 406b9d33-19b3-461f-a2ce-f5d46efe7462 - hackernews - Making GET request to https://hn.algolia.com/api/v1/search_by_date?numericFilters=created_at_i%3E%3D1789595589%2Ccreated_at_i%3C1789599189&hitsPerPage=1000
2026-09-21 09:26:41 +0000 - dagster - INFO - __ASSET_JOB - 406b9d33-19b3-461f-a2ce-f5d46efe7462 - hackernews - Retrieved 526 items in this window.
2026-09-21 09:26:41 +0000 - dagster - INFO - __ASSET_JOB - 406b9d33-19b3-461f-a2ce-f5d46efe7462 - hackernews - Querying time window: 2026-09-16 22:53:09 to 2026-09-16 23:53:09 (1789599189 to 1789602789)...
2026-09-21 09:26:41 +0000 - dagster - INFO - __ASSET_JOB - 406b9d33-19b3-461f-a2ce-f5d46efe7462 - hackernews - Making GET request to https://hn.algolia.com/api/v1/search_by_date?numericFilters=created_at_i%3E%3D1789599189%2Ccreated_at_i%3C1789602789&hitsPerPage=1000
2026-09-21 09:26:41 +0000 - dagster - INFO - __ASSET_JOB - 406b9d33-19b3-461f-a2ce-f5d46efe7462 - hackernews - Retrieved 466 items in this window.
2026-09-21 09:26:41 +0000 - dagster - INFO - __ASSET_JOB - 406b9d33-19b3-461f-a2ce-f5d46efe7462 - hackernews - Querying time window: 2026-09-16 23:53:09 to 2026-09-17 00:53:09 (1789602789 to 1789606389)...
2026-09-21 09:26:41 +0000 - dagster - INFO - __ASSET_JOB - 406b9d33-19b3-461f-a2ce-f5d46efe7462 - hackernews - Making GET request to https://hn.algolia.com/api/v1/search_by_date?numericFilters=created_at_i%3E%3D1789602789%2Ccreated_at_i%3C1789606389&hitsPerPage=1000
2026-09-21 09:26:42 +0000 - dagster - INFO - __ASSET_JOB - 406b9d33-19b3-461f-a2ce-f5d46efe7462 - hackernews - Retrieved 405 items in this window.
2026-09-21 09:26:42 +0000 - dagster - INFO - __ASSET_JOB - 406b9d33-19b3-461f-a2ce-f5d46efe7462 - hackernews - Querying time window: 2026-09-17 00:53:09 to 2026-09-17 01:53:09 (1789606389 to 1789609989)...
2026-09-21 09:26:42 +0000 - dagster - INFO - __ASSET_JOB - 406b9d33-19b3-461f-a2ce-f5d46efe7462 - hackernews - Making GET request to https://hn.algolia.com/api/v1/search_by_date?numericFilters=created_at_i%3E%3D1789606389%2Ccreated_at_i%3C1789609989&hitsPerPage=1000
2026-09-21 09:26:42 +0000 - dagster - INFO - __ASSET_JOB - 406b9d33-19b3-461f-a2ce-f5d46efe7462 - hackernews - Retrieved 352 items in this window.
2026-09-21 09:26:42 +0000 - dagster - INFO - __ASSET_JOB - 406b9d33-19b3-461f-a2ce-f5d46efe7462 - hackernews - Querying time window: 2026-09-17 01:53:09 to 2026-09-17 02:53:09 (1789609989 to 1789613589)...
2026-09-21 09:26:42 +0000 - dagster - INFO - __ASSET_JOB - 406b9d33-19b3-461f-a2ce-f5d46efe7462 - hackernews - Making GET request to https://hn.algolia.com/api/v1/search_by_date?numericFilters=created_at_i%3E%3D1789609989%2Ccreated_at_i%3C1789613589&hitsPerPage=1000
2026-09-21 09:26:43 +0000 - dagster - INFO - __ASSET_JOB - 406b9d33-19b3-461f-a2ce-f5d46efe7462 - hackernews - Retrieved 324 items in this window.
2026-09-21 09:26:43 +0000 - dagster - INFO - __ASSET_JOB - 406b9d33-19b3-461f-a2ce-f5d46efe7462 - hackernews - Querying time window: 2026-09-17 02:53:09 to 2026-09-17 03:53:09 (1789613589 to 1789617189)...
2026-09-21 09:26:43 +0000 - dagster - INFO - __ASSET_JOB - 406b9d33-19b3-461f-a2ce-f5d46efe7462 - hackernews - Making GET request to https://hn.algolia.com/api/v1/search_by_date?numericFilters=created_at_i%3E%3D1789613589%2Ccreated_at_i%3C1789617189&hitsPerPage=1000
2026-09-21 09:26:43 +0000 - dagster - INFO - __ASSET_JOB - 406b9d33-19b3-461f-a2ce-f5d46efe7462 - hackernews - Retrieved 265 items in this window.
2026-09-21 09:26:43 +0000 - dagster - INFO - __ASSET_JOB - 406b9d33-19b3-461f-a2ce-f5d46efe7462 - hackernews - Querying time window: 2026-09-17 03:53:09 to 2026-09-17 04:53:09 (1789617189 to 1789620789)...
2026-09-21 09:26:43 +0000 - dagster - INFO - __ASSET_JOB - 406b9d33-19b3-461f-a2ce-f5d46efe7462 - hackernews - Making GET request to https://hn.algolia.com/api/v1/search_by_date?numericFilters=created_at_i%3E%3D1789617189%2Ccreated_at_i%3C1789620789&hitsPerPage=1000
2026-09-21 09:26:44 +0000 - dagster - INFO - __ASSET_JOB - 406b9d33-19b3-461f-a2ce-f5d46efe7462 - hackernews - Retrieved 311 items in this window.
2026-09-21 09:26:44 +0000 - dagster - INFO - __ASSET_JOB - 406b9d33-19b3-461f-a2ce-f5d46efe7462 - hackernews - Querying time window: 2026-09-17 04:53:09 to 2026-09-17 05:53:09 (1789620789 to 1789624389)...
2026-09-21 09:26:44 +0000 - dagster - INFO - __ASSET_JOB - 406b9d33-19b3-461f-a2ce-f5d46efe7462 - hackernews - Making GET request to https://hn.algolia.com/api/v1/search_by_date?numericFilters=created_at_i%3E%3D1789620789%2Ccreated_at_i%3C1789624389&hitsPerPage=1000
2026-09-21 09:26:44 +0000 - dagster - INFO - __ASSET_JOB - 406b9d33-19b3-461f-a2ce-f5d46efe7462 - hackernews - Retrieved 305 items in this window.
2026-09-21 09:26:44 +0000 - dagster - INFO - __ASSET_JOB - 406b9d33-19b3-461f-a2ce-f5d46efe7462 - hackernews - Querying time window: 2026-09-17 05:53:09 to 2026-09-17 06:53:09 (1789624389 to 1789627989)...
2026-09-21 09:26:44 +0000 - dagster - INFO - __ASSET_JOB - 406b9d33-19b3-461f-a2ce-f5d46efe7462 - hackernews - Making GET request to https://hn.algolia.com/api/v1/search_by_date?numericFilters=created_at_i%3E%3D1789624389%2Ccreated_at_i%3C1789627989&hitsPerPage=1000
2026-09-21 09:26:44 +0000 - dagster - INFO - __ASSET_JOB - 406b9d33-19b3-461f-a2ce-f5d46efe7462 - hackernews - Retrieved 325 items in this window.
2026-09-21 09:26:44 +0000 - dagster - INFO - __ASSET_JOB - 406b9d33-19b3-461f-a2ce-f5d46efe7462 - hackernews - Querying time window: 2026-09-17 06:53:09 to 2026-09-17 07:53:09 (1789627989 to 1789631589)...
2026-09-21 09:26:44 +0000 - dagster - INFO - __ASSET_JOB - 406b9d33-19b3-461f-a2ce-f5d46efe7462 - hackernews - Making GET request to https://hn.algolia.com/api/v1/search_by_date?numericFilters=created_at_i%3E%3D1789627989%2Ccreated_at_i%3C1789631589&hitsPerPage=1000
2026-09-21 09:26:45 +0000 - dagster - INFO - __ASSET_JOB - 406b9d33-19b3-461f-a2ce-f5d46efe7462 - hackernews - Retrieved 401 items in this window.
2026-09-21 09:26:45 +0000 - dagster - INFO - __ASSET_JOB - 406b9d33-19b3-461f-a2ce-f5d46efe7462 - hackernews - Querying time window: 2026-09-17 07:53:09 to 2026-09-17 08:53:09 (1789631589 to 1789635189)...
2026-09-21 09:26:45 +0000 - dagster - INFO - __ASSET_JOB - 406b9d33-19b3-461f-a2ce-f5d46efe7462 - hackernews - Making GET request to https://hn.algolia.com/api/v1/search_by_date?numericFilters=created_at_i%3E%3D1789631589%2Ccreated_at_i%3C1789635189&hitsPerPage=1000
2026-09-21 09:26:45 +0000 - dagster - INFO - __ASSET_JOB - 406b9d33-19b3-461f-a2ce-f5d46efe7462 - hackernews - Retrieved 329 items in this window.
2026-09-21 09:26:45 +0000 - dagster - INFO - __ASSET_JOB - 406b9d33-19b3-461f-a2ce-f5d46efe7462 - hackernews - Querying time window: 2026-09-17 08:53:09 to 2026-09-17 09:53:09 (1789635189 to 1789638789)...
2026-09-21 09:26:45 +0000 - dagster - INFO - __ASSET_JOB - 406b9d33-19b3-461f-a2ce-f5d46efe7462 - hackernews - Making GET request to https://hn.algolia.com/api/v1/search_by_date?numericFilters=created_at_i%3E%3D1789635189%2Ccreated_at_i%3C1789638789&hitsPerPage=1000
2026-09-21 09:26:46 +0000 - dagster - INFO - __ASSET_JOB - 406b9d33-19b3-461f-a2ce-f5d46efe7462 - hackernews - Retrieved 344 items in this window.
2026-09-21 09:26:46 +0000 - dagster - INFO - __ASSET_JOB - 406b9d33-19b3-461f-a2ce-f5d46efe7462 - hackernews - Querying time window: 2026-09-17 09:53:09 to 2026-09-17 10:53:09 (1789638789 to 1789642389)...
2026-09-21 09:26:46 +0000 - dagster - INFO - __ASSET_JOB - 406b9d33-19b3-461f-a2ce-f5d46efe7462 - hackernews - Making GET request to https://hn.algolia.com/api/v1/search_by_date?numericFilters=created_at_i%3E%3D1789638789%2Ccreated_at_i%3C1789642389&hitsPerPage=1000
2026-09-21 09:26:46 +0000 - dagster - INFO - __ASSET_JOB - 406b9d33-19b3-461f-a2ce-f5d46efe7462 - hackernews - Retrieved 402 items in this window.
2026-09-21 09:26:46 +0000 - dagster - INFO - __ASSET_JOB - 406b9d33-19b3-461f-a2ce-f5d46efe7462 - hackernews - Querying time window: 2026-09-17 10:53:09 to 2026-09-17 11:53:09 (1789642389 to 1789645989)...
2026-09-21 09:26:46 +0000 - dagster - INFO - __ASSET_JOB - 406b9d33-19b3-461f-a2ce-f5d46efe7462 - hackernews - Making GET request to https://hn.algolia.com/api/v1/search_by_date?numericFilters=created_at_i%3E%3D1789642389%2Ccreated_at_i%3C1789645989&hitsPerPage=1000
2026-09-21 09:26:46 +0000 - dagster - INFO - __ASSET_JOB - 406b9d33-19b3-461f-a2ce-f5d46efe7462 - hackernews - Retrieved 436 items in this window.
2026-09-21 09:26:47 +0000 - dagster - INFO - __ASSET_JOB - 406b9d33-19b3-461f-a2ce-f5d46efe7462 - hackernews - Querying time window: 2026-09-17 11:53:09 to 2026-09-17 12:53:09 (1789645989 to 1789649589)...
2026-09-21 09:26:47 +0000 - dagster - INFO - __ASSET_JOB - 406b9d33-19b3-461f-a2ce-f5d46efe7462 - hackernews - Making GET request to https://hn.algolia.com/api/v1/search_by_date?numericFilters=created_at_i%3E%3D1789645989%2Ccreated_at_i%3C1789649589&hitsPerPage=1000
2026-09-21 09:26:47 +0000 - dagster - INFO - __ASSET_JOB - 406b9d33-19b3-461f-a2ce-f5d46efe7462 - hackernews - Retrieved 474 items in this window.
2026-09-21 09:26:47 +0000 - dagster - INFO - __ASSET_JOB - 406b9d33-19b3-461f-a2ce-f5d46efe7462 - hackernews - Querying time window: 2026-09-17 12:53:09 to 2026-09-17 13:53:09 (1789649589 to 1789653189)...
2026-09-21 09:26:47 +0000 - dagster - INFO - __ASSET_JOB - 406b9d33-19b3-461f-a2ce-f5d46efe7462 - hackernews - Making GET request to https://hn.algolia.com/api/v1/search_by_date?numericFilters=created_at_i%3E%3D1789649589%2Ccreated_at_i%3C1789653189&hitsPerPage=1000
2026-09-21 09:26:47 +0000 - dagster - INFO - __ASSET_JOB - 406b9d33-19b3-461f-a2ce-f5d46efe7462 - hackernews - Retrieved 683 items in this window.
2026-09-21 09:26:48 +0000 - dagster - INFO - __ASSET_JOB - 406b9d33-19b3-461f-a2ce-f5d46efe7462 - hackernews - Querying time window: 2026-09-17 13:53:09 to 2026-09-17 14:53:09 (1789653189 to 1789656789)...
2026-09-21 09:26:48 +0000 - dagster - INFO - __ASSET_JOB - 406b9d33-19b3-461f-a2ce-f5d46efe7462 - hackernews - Making GET request to https://hn.algolia.com/api/v1/search_by_date?numericFilters=created_at_i%3E%3D1789653189%2Ccreated_at_i%3C1789656789&hitsPerPage=1000
2026-09-21 09:26:48 +0000 - dagster - INFO - __ASSET_JOB - 406b9d33-19b3-461f-a2ce-f5d46efe7462 - hackernews - Retrieved 785 items in this window.
2026-09-21 09:26:48 +0000 - dagster - INFO - __ASSET_JOB - 406b9d33-19b3-461f-a2ce-f5d46efe7462 - hackernews - Querying time window: 2026-09-17 14:53:09 to 2026-09-17 15:53:09 (1789656789 to 1789660389)...
2026-09-21 09:26:48 +0000 - dagster - INFO - __ASSET_JOB - 406b9d33-19b3-461f-a2ce-f5d46efe7462 - hackernews - Making GET request to https://hn.algolia.com/api/v1/search_by_date?numericFilters=created_at_i%3E%3D1789656789%2Ccreated_at_i%3C1789660389&hitsPerPage=1000
2026-09-21 09:26:48 +0000 - dagster - INFO - __ASSET_JOB - 406b9d33-19b3-461f-a2ce-f5d46efe7462 - hackernews - Retrieved 766 items in this window.
2026-09-21 09:26:49 +0000 - dagster - INFO - __ASSET_JOB - 406b9d33-19b3-461f-a2ce-f5d46efe7462 - hackernews - Querying time window: 2026-09-17 15:53:09 to 2026-09-17 16:53:09 (1789660389 to 1789663989)...
2026-09-21 09:26:49 +0000 - dagster - INFO - __ASSET_JOB - 406b9d33-19b3-461f-a2ce-f5d46efe7462 - hackernews - Making GET request to https://hn.algolia.com/api/v1/search_by_date?numericFilters=created_at_i%3E%3D1789660389%2Ccreated_at_i%3C1789663989&hitsPerPage=1000
2026-09-21 09:26:49 +0000 - dagster - INFO - __ASSET_JOB - 406b9d33-19b3-461f-a2ce-f5d46efe7462 - hackernews - Retrieved 743 items in this window.
2026-09-21 09:26:49 +0000 - dagster - INFO - __ASSET_JOB - 406b9d33-19b3-461f-a2ce-f5d46efe7462 - hackernews - Querying time window: 2026-09-17 16:53:09 to 2026-09-17 17:53:09 (1789663989 to 1789667589)...
2026-09-21 09:26:49 +0000 - dagster - INFO - __ASSET_JOB - 406b9d33-19b3-461f-a2ce-f5d46efe7462 - hackernews - Making GET request to https://hn.algolia.com/api/v1/search_by_date?numericFilters=created_at_i%3E%3D1789663989%2Ccreated_at_i%3C1789667589&hitsPerPage=1000
2026-09-21 09:26:50 +0000 - dagster - INFO - __ASSET_JOB - 406b9d33-19b3-461f-a2ce-f5d46efe7462 - hackernews - Retrieved 684 items in this window.
2026-09-21 09:26:50 +0000 - dagster - INFO - __ASSET_JOB - 406b9d33-19b3-461f-a2ce-f5d46efe7462 - hackernews - Querying time window: 2026-09-17 17:53:09 to 2026-09-17 18:53:09 (1789667589 to 1789671189)...
2026-09-21 09:26:50 +0000 - dagster - INFO - __ASSET_JOB - 406b9d33-19b3-461f-a2ce-f5d46efe7462 - hackernews - Making GET request to https://hn.algolia.com/api/v1/search_by_date?numericFilters=created_at_i%3E%3D1789667589%2Ccreated_at_i%3C1789671189&hitsPerPage=1000
2026-09-21 09:26:50 +0000 - dagster - INFO - __ASSET_JOB - 406b9d33-19b3-461f-a2ce-f5d46efe7462 - hackernews - Retrieved 624 items in this window.
2026-09-21 09:26:50 +0000 - dagster - INFO - __ASSET_JOB - 406b9d33-19b3-461f-a2ce-f5d46efe7462 - hackernews - Querying time window: 2026-09-17 18:53:09 to 2026-09-17 19:53:09 (1789671189 to 1789674789)...
2026-09-21 09:26:50 +0000 - dagster - INFO - __ASSET_JOB - 406b9d33-19b3-461f-a2ce-f5d46efe7462 - hackernews - Making GET request to https://hn.algolia.com/api/v1/search_by_date?numericFilters=created_at_i%3E%3D1789671189%2Ccreated_at_i%3C1789674789&hitsPerPage=1000
2026-09-21 09:26:50 +0000 - dagster - INFO - __ASSET_JOB - 406b9d33-19b3-461f-a2ce-f5d46efe7462 - hackernews - Retrieved 621 items in this window.
2026-09-21 09:26:51 +0000 - dagster - INFO - __ASSET_JOB - 406b9d33-19b3-461f-a2ce-f5d46efe7462 - hackernews - Querying time window: 2026-09-17 19:53:09 to 2026-09-17 20:53:09 (1789674789 to 1789678389)...
2026-09-21 09:26:51 +0000 - dagster - INFO - __ASSET_JOB - 406b9d33-19b3-461f-a2ce-f5d46efe7462 - hackernews - Making GET request to https://hn.algolia.com/api/v1/search_by_date?numericFilters=created_at_i%3E%3D1789674789%2Ccreated_at_i%3C1789678389&hitsPerPage=1000
2026-09-21 09:26:51 +0000 - dagster - INFO - __ASSET_JOB - 406b9d33-19b3-461f-a2ce-f5d46efe7462 - hackernews - Retrieved 668 items in this window.
2026-09-21 09:26:51 +0000 - dagster - INFO - __ASSET_JOB - 406b9d33-19b3-461f-a2ce-f5d46efe7462 - hackernews - Querying time window: 2026-09-17 20:53:09 to 2026-09-17 21:53:09 (1789678389 to 1789681989)...
2026-09-21 09:26:51 +0000 - dagster - INFO - __ASSET_JOB - 406b9d33-19b3-461f-a2ce-f5d46efe7462 - hackernews - Making GET request to https://hn.algolia.com/api/v1/search_by_date?numericFilters=created_at_i%3E%3D1789678389%2Ccreated_at_i%3C1789681989&hitsPerPage=1000
2026-09-21 09:26:51 +0000 - dagster - INFO - __ASSET_JOB - 406b9d33-19b3-461f-a2ce-f5d46efe7462 - hackernews - Retrieved 654 items in this window.
2026-09-21 09:26:52 +0000 - dagster - INFO - __ASSET_JOB - 406b9d33-19b3-461f-a2ce-f5d46efe7462 - hackernews - Querying time window: 2026-09-17 21:53:09 to 2026-09-17 22:53:09 (1789681989 to 1789685589)...
2026-09-21 09:26:52 +0000 - dagster - INFO - __ASSET_JOB - 406b9d33-19b3-461f-a2ce-f5d46efe7462 - hackernews - Making GET request to https://hn.algolia.com/api/v1/search_by_date?numericFilters=created_at_i%3E%3D1789681989%2Ccreated_at_i%3C1789685589&hitsPerPage=1000
2026-09-21 09:26:52 +0000 - dagster - INFO - __ASSET_JOB - 406b9d33-19b3-461f-a2ce-f5d46efe7462 - hackernews - Retrieved 613 items in this window.
2026-09-21 09:26:52 +0000 - dagster - INFO - __ASSET_JOB - 406b9d33-19b3-461f-a2ce-f5d46efe7462 - hackernews - Querying time window: 2026-09-17 22:53:09 to 2026-09-17 23:53:09 (1789685589 to 1789689189)...
2026-09-21 09:26:52 +0000 - dagster - INFO - __ASSET_JOB - 406b9d33-19b3-461f-a2ce-f5d46efe7462 - hackernews - Making GET request to https://hn.algolia.com/api/v1/search_by_date?numericFilters=created_at_i%3E%3D1789685589%2Ccreated_at_i%3C1789689189&hitsPerPage=1000
2026-09-21 09:26:52 +0000 - dagster - INFO - __ASSET_JOB - 406b9d33-19b3-461f-a2ce-f5d46efe7462 - hackernews - Retrieved 558 items in this window.
2026-09-21 09:26:52 +0000 - dagster - INFO - __ASSET_JOB - 406b9d33-19b3-461f-a2ce-f5d46efe7462 - hackernews - Querying time window: 2026-09-17 23:53:09 to 2026-09-18 00:53:09 (1789689189 to 1789692789)...
2026-09-21 09:26:52 +0000 - dagster - INFO - __ASSET_JOB - 406b9d33-19b3-461f-a2ce-f5d46efe7462 - hackernews - Making GET request to https://hn.algolia.com/api/v1/search_by_date?numericFilters=created_at_i%3E%3D1789689189%2Ccreated_at_i%3C1789692789&hitsPerPage=1000
2026-09-21 09:26:53 +0000 - dagster - INFO - __ASSET_JOB - 406b9d33-19b3-461f-a2ce-f5d46efe7462 - hackernews - Retrieved 388 items in this window.
2026-09-21 09:26:53 +0000 - dagster - INFO - __ASSET_JOB - 406b9d33-19b3-461f-a2ce-f5d46efe7462 - hackernews - Querying time window: 2026-09-18 00:53:09 to 2026-09-18 01:53:09 (1789692789 to 1789696389)...
2026-09-21 09:26:53 +0000 - dagster - INFO - __ASSET_JOB - 406b9d33-19b3-461f-a2ce-f5d46efe7462 - hackernews - Making GET request to https://hn.algolia.com/api/v1/search_by_date?numericFilters=created_at_i%3E%3D1789692789%2Ccreated_at_i%3C1789696389&hitsPerPage=1000
2026-09-21 09:26:53 +0000 - dagster - INFO - __ASSET_JOB - 406b9d33-19b3-461f-a2ce-f5d46efe7462 - hackernews - Retrieved 404 items in this window.
2026-09-21 09:26:53 +0000 - dagster - INFO - __ASSET_JOB - 406b9d33-19b3-461f-a2ce-f5d46efe7462 - hackernews - Querying time window: 2026-09-18 01:53:09 to 2026-09-18 02:53:09 (1789696389 to 1789699989)...
2026-09-21 09:26:53 +0000 - dagster - INFO - __ASSET_JOB - 406b9d33-19b3-461f-a2ce-f5d46efe7462 - hackernews - Making GET request to https://hn.algolia.com/api/v1/search_by_date?numericFilters=created_at_i%3E%3D1789696389%2Ccreated_at_i%3C1789699989&hitsPerPage=1000
2026-09-21 09:26:54 +0000 - dagster - INFO - __ASSET_JOB - 406b9d33-19b3-461f-a2ce-f5d46efe7462 - hackernews - Retrieved 335 items in this window.
2026-09-21 09:26:54 +0000 - dagster - INFO - __ASSET_JOB - 406b9d33-19b3-461f-a2ce-f5d46efe7462 - hackernews - Querying time window: 2026-09-18 02:53:09 to 2026-09-18 03:53:09 (1789699989 to 1789703589)...
2026-09-21 09:26:54 +0000 - dagster - INFO - __ASSET_JOB - 406b9d33-19b3-461f-a2ce-f5d46efe7462 - hackernews - Making GET request to https://hn.algolia.com/api/v1/search_by_date?numericFilters=created_at_i%3E%3D1789699989%2Ccreated_at_i%3C1789703589&hitsPerPage=1000
2026-09-21 09:26:54 +0000 - dagster - INFO - __ASSET_JOB - 406b9d33-19b3-461f-a2ce-f5d46efe7462 - hackernews - Retrieved 252 items in this window.
2026-09-21 09:26:54 +0000 - dagster - INFO - __ASSET_JOB - 406b9d33-19b3-461f-a2ce-f5d46efe7462 - hackernews - Querying time window: 2026-09-18 03:53:09 to 2026-09-18 04:53:09 (1789703589 to 1789707189)...
2026-09-21 09:26:54 +0000 - dagster - INFO - __ASSET_JOB - 406b9d33-19b3-461f-a2ce-f5d46efe7462 - hackernews - Making GET request to https://hn.algolia.com/api/v1/search_by_date?numericFilters=created_at_i%3E%3D1789703589%2Ccreated_at_i%3C1789707189&hitsPerPage=1000
2026-09-21 09:26:54 +0000 - dagster - INFO - __ASSET_JOB - 406b9d33-19b3-461f-a2ce-f5d46efe7462 - hackernews - Retrieved 279 items in this window.
2026-09-21 09:26:54 +0000 - dagster - INFO - __ASSET_JOB - 406b9d33-19b3-461f-a2ce-f5d46efe7462 - hackernews - Querying time window: 2026-09-18 04:53:09 to 2026-09-18 05:53:09 (1789707189 to 1789710789)...
2026-09-21 09:26:54 +0000 - dagster - INFO - __ASSET_JOB - 406b9d33-19b3-461f-a2ce-f5d46efe7462 - hackernews - Making GET request to https://hn.algolia.com/api/v1/search_by_date?numericFilters=created_at_i%3E%3D1789707189%2Ccreated_at_i%3C1789710789&hitsPerPage=1000
2026-09-21 09:26:55 +0000 - dagster - INFO - __ASSET_JOB - 406b9d33-19b3-461f-a2ce-f5d46efe7462 - hackernews - Retrieved 235 items in this window.
2026-09-21 09:26:55 +0000 - dagster - INFO - __ASSET_JOB - 406b9d33-19b3-461f-a2ce-f5d46efe7462 - hackernews - Querying time window: 2026-09-18 05:53:09 to 2026-09-18 06:53:09 (1789710789 to 1789714389)...
2026-09-21 09:26:55 +0000 - dagster - INFO - __ASSET_JOB - 406b9d33-19b3-461f-a2ce-f5d46efe7462 - hackernews - Making GET request to https://hn.algolia.com/api/v1/search_by_date?numericFilters=created_at_i%3E%3D1789710789%2Ccreated_at_i%3C1789714389&hitsPerPage=1000
2026-09-21 09:26:55 +0000 - dagster - INFO - __ASSET_JOB - 406b9d33-19b3-461f-a2ce-f5d46efe7462 - hackernews - Retrieved 309 items in this window.
2026-09-21 09:26:55 +0000 - dagster - INFO - __ASSET_JOB - 406b9d33-19b3-461f-a2ce-f5d46efe7462 - hackernews - Querying time window: 2026-09-18 06:53:09 to 2026-09-18 07:53:09 (1789714389 to 1789717989)...
2026-09-21 09:26:55 +0000 - dagster - INFO - __ASSET_JOB - 406b9d33-19b3-461f-a2ce-f5d46efe7462 - hackernews - Making GET request to https://hn.algolia.com/api/v1/search_by_date?numericFilters=created_at_i%3E%3D1789714389%2Ccreated_at_i%3C1789717989&hitsPerPage=1000
2026-09-21 09:26:56 +0000 - dagster - INFO - __ASSET_JOB - 406b9d33-19b3-461f-a2ce-f5d46efe7462 - hackernews - Retrieved 364 items in this window.
2026-09-21 09:26:56 +0000 - dagster - INFO - __ASSET_JOB - 406b9d33-19b3-461f-a2ce-f5d46efe7462 - hackernews - Querying time window: 2026-09-18 07:53:09 to 2026-09-18 08:53:09 (1789717989 to 1789721589)...
2026-09-21 09:26:56 +0000 - dagster - INFO - __ASSET_JOB - 406b9d33-19b3-461f-a2ce-f5d46efe7462 - hackernews - Making GET request to https://hn.algolia.com/api/v1/search_by_date?numericFilters=created_at_i%3E%3D1789717989%2Ccreated_at_i%3C1789721589&hitsPerPage=1000
2026-09-21 09:26:56 +0000 - dagster - INFO - __ASSET_JOB - 406b9d33-19b3-461f-a2ce-f5d46efe7462 - hackernews - Retrieved 348 items in this window.
2026-09-21 09:26:56 +0000 - dagster - INFO - __ASSET_JOB - 406b9d33-19b3-461f-a2ce-f5d46efe7462 - hackernews - Querying time window: 2026-09-18 08:53:09 to 2026-09-18 09:53:09 (1789721589 to 1789725189)...
2026-09-21 09:26:56 +0000 - dagster - INFO - __ASSET_JOB - 406b9d33-19b3-461f-a2ce-f5d46efe7462 - hackernews - Making GET request to https://hn.algolia.com/api/v1/search_by_date?numericFilters=created_at_i%3E%3D1789721589%2Ccreated_at_i%3C1789725189&hitsPerPage=1000
2026-09-21 09:26:56 +0000 - dagster - INFO - __ASSET_JOB - 406b9d33-19b3-461f-a2ce-f5d46efe7462 - hackernews - Retrieved 310 items in this window.
2026-09-21 09:26:56 +0000 - dagster - INFO - __ASSET_JOB - 406b9d33-19b3-461f-a2ce-f5d46efe7462 - hackernews - Querying time window: 2026-09-18 09:53:09 to 2026-09-18 10:53:09 (1789725189 to 1789728789)...
2026-09-21 09:26:56 +0000 - dagster - INFO - __ASSET_JOB - 406b9d33-19b3-461f-a2ce-f5d46efe7462 - hackernews - Making GET request to https://hn.algolia.com/api/v1/search_by_date?numericFilters=created_at_i%3E%3D1789725189%2Ccreated_at_i%3C1789728789&hitsPerPage=1000
2026-09-21 09:26:57 +0000 - dagster - INFO - __ASSET_JOB - 406b9d33-19b3-461f-a2ce-f5d46efe7462 - hackernews - Retrieved 385 items in this window.
2026-09-21 09:26:57 +0000 - dagster - INFO - __ASSET_JOB - 406b9d33-19b3-461f-a2ce-f5d46efe7462 - hackernews - Querying time window: 2026-09-18 10:53:09 to 2026-09-18 11:53:09 (1789728789 to 1789732389)...
2026-09-21 09:26:57 +0000 - dagster - INFO - __ASSET_JOB - 406b9d33-19b3-461f-a2ce-f5d46efe7462 - hackernews - Making GET request to https://hn.algolia.com/api/v1/search_by_date?numericFilters=created_at_i%3E%3D1789728789%2Ccreated_at_i%3C1789732389&hitsPerPage=1000
2026-09-21 09:26:57 +0000 - dagster - INFO - __ASSET_JOB - 406b9d33-19b3-461f-a2ce-f5d46efe7462 - hackernews - Retrieved 445 items in this window.
2026-09-21 09:26:57 +0000 - dagster - INFO - __ASSET_JOB - 406b9d33-19b3-461f-a2ce-f5d46efe7462 - hackernews - Querying time window: 2026-09-18 11:53:09 to 2026-09-18 12:53:09 (1789732389 to 1789735989)...
2026-09-21 09:26:57 +0000 - dagster - INFO - __ASSET_JOB - 406b9d33-19b3-461f-a2ce-f5d46efe7462 - hackernews - Making GET request to https://hn.algolia.com/api/v1/search_by_date?numericFilters=created_at_i%3E%3D1789732389%2Ccreated_at_i%3C1789735989&hitsPerPage=1000
2026-09-21 09:26:58 +0000 - dagster - INFO - __ASSET_JOB - 406b9d33-19b3-461f-a2ce-f5d46efe7462 - hackernews - Retrieved 578 items in this window.
2026-09-21 09:26:58 +0000 - dagster - INFO - __ASSET_JOB - 406b9d33-19b3-461f-a2ce-f5d46efe7462 - hackernews - Querying time window: 2026-09-18 12:53:09 to 2026-09-18 13:53:09 (1789735989 to 1789739589)...
2026-09-21 09:26:58 +0000 - dagster - INFO - __ASSET_JOB - 406b9d33-19b3-461f-a2ce-f5d46efe7462 - hackernews - Making GET request to https://hn.algolia.com/api/v1/search_by_date?numericFilters=created_at_i%3E%3D1789735989%2Ccreated_at_i%3C1789739589&hitsPerPage=1000
2026-09-21 09:26:58 +0000 - dagster - INFO - __ASSET_JOB - 406b9d33-19b3-461f-a2ce-f5d46efe7462 - hackernews - Retrieved 639 items in this window.
2026-09-21 09:26:58 +0000 - dagster - INFO - __ASSET_JOB - 406b9d33-19b3-461f-a2ce-f5d46efe7462 - hackernews - Querying time window: 2026-09-18 13:53:09 to 2026-09-18 14:53:09 (1789739589 to 1789743189)...
2026-09-21 09:26:58 +0000 - dagster - INFO - __ASSET_JOB - 406b9d33-19b3-461f-a2ce-f5d46efe7462 - hackernews - Making GET request to https://hn.algolia.com/api/v1/search_by_date?numericFilters=created_at_i%3E%3D1789739589%2Ccreated_at_i%3C1789743189&hitsPerPage=1000
2026-09-21 09:26:58 +0000 - dagster - INFO - __ASSET_JOB - 406b9d33-19b3-461f-a2ce-f5d46efe7462 - hackernews - Retrieved 735 items in this window.
2026-09-21 09:26:59 +0000 - dagster - INFO - __ASSET_JOB - 406b9d33-19b3-461f-a2ce-f5d46efe7462 - hackernews - Querying time window: 2026-09-18 14:53:09 to 2026-09-18 15:53:09 (1789743189 to 1789746789)...
2026-09-21 09:26:59 +0000 - dagster - INFO - __ASSET_JOB - 406b9d33-19b3-461f-a2ce-f5d46efe7462 - hackernews - Making GET request to https://hn.algolia.com/api/v1/search_by_date?numericFilters=created_at_i%3E%3D1789743189%2Ccreated_at_i%3C1789746789&hitsPerPage=1000
2026-09-21 09:26:59 +0000 - dagster - INFO - __ASSET_JOB - 406b9d33-19b3-461f-a2ce-f5d46efe7462 - hackernews - Retrieved 833 items in this window.
2026-09-21 09:26:59 +0000 - dagster - INFO - __ASSET_JOB - 406b9d33-19b3-461f-a2ce-f5d46efe7462 - hackernews - Querying time window: 2026-09-18 15:53:09 to 2026-09-18 16:53:09 (1789746789 to 1789750389)...
2026-09-21 09:26:59 +0000 - dagster - INFO - __ASSET_JOB - 406b9d33-19b3-461f-a2ce-f5d46efe7462 - hackernews - Making GET request to https://hn.algolia.com/api/v1/search_by_date?numericFilters=created_at_i%3E%3D1789746789%2Ccreated_at_i%3C1789750389&hitsPerPage=1000
2026-09-21 09:27:00 +0000 - dagster - INFO - __ASSET_JOB - 406b9d33-19b3-461f-a2ce-f5d46efe7462 - hackernews - Retrieved 750 items in this window.
2026-09-21 09:27:00 +0000 - dagster - INFO - __ASSET_JOB - 406b9d33-19b3-461f-a2ce-f5d46efe7462 - hackernews - Querying time window: 2026-09-18 16:53:09 to 2026-09-18 17:53:09 (1789750389 to 1789753989)...
2026-09-21 09:27:00 +0000 - dagster - INFO - __ASSET_JOB - 406b9d33-19b3-461f-a2ce-f5d46efe7462 - hackernews - Making GET request to https://hn.algolia.com/api/v1/search_by_date?numericFilters=created_at_i%3E%3D1789750389%2Ccreated_at_i%3C1789753989&hitsPerPage=1000
2026-09-21 09:27:01 +0000 - dagster - INFO - __ASSET_JOB - 406b9d33-19b3-461f-a2ce-f5d46efe7462 - hackernews - Retrieved 750 items in this window.
2026-09-21 09:27:01 +0000 - dagster - INFO - __ASSET_JOB - 406b9d33-19b3-461f-a2ce-f5d46efe7462 - hackernews - Querying time window: 2026-09-18 17:53:09 to 2026-09-18 18:53:09 (1789753989 to 1789757589)...
2026-09-21 09:27:01 +0000 - dagster - INFO - __ASSET_JOB - 406b9d33-19b3-461f-a2ce-f5d46efe7462 - hackernews - Making GET request to https://hn.algolia.com/api/v1/search_by_date?numericFilters=created_at_i%3E%3D1789753989%2Ccreated_at_i%3C1789757589&hitsPerPage=1000
2026-09-21 09:27:01 +0000 - dagster - INFO - __ASSET_JOB - 406b9d33-19b3-461f-a2ce-f5d46efe7462 - hackernews - Retrieved 684 items in this window.
2026-09-21 09:27:01 +0000 - dagster - INFO - __ASSET_JOB - 406b9d33-19b3-461f-a2ce-f5d46efe7462 - hackernews - Querying time window: 2026-09-18 18:53:09 to 2026-09-18 19:53:09 (1789757589 to 1789761189)...
2026-09-21 09:27:01 +0000 - dagster - INFO - __ASSET_JOB - 406b9d33-19b3-461f-a2ce-f5d46efe7462 - hackernews - Making GET request to https://hn.algolia.com/api/v1/search_by_date?numericFilters=created_at_i%3E%3D1789757589%2Ccreated_at_i%3C1789761189&hitsPerPage=1000
2026-09-21 09:27:02 +0000 - dagster - INFO - __ASSET_JOB - 406b9d33-19b3-461f-a2ce-f5d46efe7462 - hackernews - Retrieved 671 items in this window.
2026-09-21 09:27:02 +0000 - dagster - INFO - __ASSET_JOB - 406b9d33-19b3-461f-a2ce-f5d46efe7462 - hackernews - Querying time window: 2026-09-18 19:53:09 to 2026-09-18 20:53:09 (1789761189 to 1789764789)...
2026-09-21 09:27:02 +0000 - dagster - INFO - __ASSET_JOB - 406b9d33-19b3-461f-a2ce-f5d46efe7462 - hackernews - Making GET request to https://hn.algolia.com/api/v1/search_by_date?numericFilters=created_at_i%3E%3D1789761189%2Ccreated_at_i%3C1789764789&hitsPerPage=1000
2026-09-21 09:27:02 +0000 - dagster - INFO - __ASSET_JOB - 406b9d33-19b3-461f-a2ce-f5d46efe7462 - hackernews - Retrieved 706 items in this window.
2026-09-21 09:27:02 +0000 - dagster - INFO - __ASSET_JOB - 406b9d33-19b3-461f-a2ce-f5d46efe7462 - hackernews - Querying time window: 2026-09-18 20:53:09 to 2026-09-18 21:53:09 (1789764789 to 1789768389)...
2026-09-21 09:27:02 +0000 - dagster - INFO - __ASSET_JOB - 406b9d33-19b3-461f-a2ce-f5d46efe7462 - hackernews - Making GET request to https://hn.algolia.com/api/v1/search_by_date?numericFilters=created_at_i%3E%3D1789764789%2Ccreated_at_i%3C1789768389&hitsPerPage=1000
2026-09-21 09:27:03 +0000 - dagster - INFO - __ASSET_JOB - 406b9d33-19b3-461f-a2ce-f5d46efe7462 - hackernews - Retrieved 595 items in this window.
2026-09-21 09:27:03 +0000 - dagster - INFO - __ASSET_JOB - 406b9d33-19b3-461f-a2ce-f5d46efe7462 - hackernews - Querying time window: 2026-09-18 21:53:09 to 2026-09-18 22:53:09 (1789768389 to 1789771989)...
2026-09-21 09:27:03 +0000 - dagster - INFO - __ASSET_JOB - 406b9d33-19b3-461f-a2ce-f5d46efe7462 - hackernews - Making GET request to https://hn.algolia.com/api/v1/search_by_date?numericFilters=created_at_i%3E%3D1789768389%2Ccreated_at_i%3C1789771989&hitsPerPage=1000
2026-09-21 09:27:03 +0000 - dagster - INFO - __ASSET_JOB - 406b9d33-19b3-461f-a2ce-f5d46efe7462 - hackernews - Retrieved 517 items in this window.
2026-09-21 09:27:03 +0000 - dagster - INFO - __ASSET_JOB - 406b9d33-19b3-461f-a2ce-f5d46efe7462 - hackernews - Querying time window: 2026-09-18 22:53:09 to 2026-09-18 23:53:09 (1789771989 to 1789775589)...
2026-09-21 09:27:03 +0000 - dagster - INFO - __ASSET_JOB - 406b9d33-19b3-461f-a2ce-f5d46efe7462 - hackernews - Making GET request to https://hn.algolia.com/api/v1/search_by_date?numericFilters=created_at_i%3E%3D1789771989%2Ccreated_at_i%3C1789775589&hitsPerPage=1000
2026-09-21 09:27:04 +0000 - dagster - INFO - __ASSET_JOB - 406b9d33-19b3-461f-a2ce-f5d46efe7462 - hackernews - Retrieved 442 items in this window.
2026-09-21 09:27:04 +0000 - dagster - INFO - __ASSET_JOB - 406b9d33-19b3-461f-a2ce-f5d46efe7462 - hackernews - Querying time window: 2026-09-18 23:53:09 to 2026-09-19 00:53:09 (1789775589 to 1789779189)...
2026-09-21 09:27:04 +0000 - dagster - INFO - __ASSET_JOB - 406b9d33-19b3-461f-a2ce-f5d46efe7462 - hackernews - Making GET request to https://hn.algolia.com/api/v1/search_by_date?numericFilters=created_at_i%3E%3D1789775589%2Ccreated_at_i%3C1789779189&hitsPerPage=1000
2026-09-21 09:27:04 +0000 - dagster - INFO - __ASSET_JOB - 406b9d33-19b3-461f-a2ce-f5d46efe7462 - hackernews - Retrieved 378 items in this window.
2026-09-21 09:27:04 +0000 - dagster - INFO - __ASSET_JOB - 406b9d33-19b3-461f-a2ce-f5d46efe7462 - hackernews - Querying time window: 2026-09-19 00:53:09 to 2026-09-19 01:53:09 (1789779189 to 1789782789)...
2026-09-21 09:27:04 +0000 - dagster - INFO - __ASSET_JOB - 406b9d33-19b3-461f-a2ce-f5d46efe7462 - hackernews - Making GET request to https://hn.algolia.com/api/v1/search_by_date?numericFilters=created_at_i%3E%3D1789779189%2Ccreated_at_i%3C1789782789&hitsPerPage=1000
2026-09-21 09:27:05 +0000 - dagster - INFO - __ASSET_JOB - 406b9d33-19b3-461f-a2ce-f5d46efe7462 - hackernews - Retrieved 256 items in this window.
2026-09-21 09:27:05 +0000 - dagster - INFO - __ASSET_JOB - 406b9d33-19b3-461f-a2ce-f5d46efe7462 - hackernews - Querying time window: 2026-09-19 01:53:09 to 2026-09-19 02:53:09 (1789782789 to 1789786389)...
2026-09-21 09:27:05 +0000 - dagster - INFO - __ASSET_JOB - 406b9d33-19b3-461f-a2ce-f5d46efe7462 - hackernews - Making GET request to https://hn.algolia.com/api/v1/search_by_date?numericFilters=created_at_i%3E%3D1789782789%2Ccreated_at_i%3C1789786389&hitsPerPage=1000
2026-09-21 09:27:05 +0000 - dagster - INFO - __ASSET_JOB - 406b9d33-19b3-461f-a2ce-f5d46efe7462 - hackernews - Retrieved 270 items in this window.
2026-09-21 09:27:05 +0000 - dagster - INFO - __ASSET_JOB - 406b9d33-19b3-461f-a2ce-f5d46efe7462 - hackernews - Querying time window: 2026-09-19 02:53:09 to 2026-09-19 03:53:09 (1789786389 to 1789789989)...
2026-09-21 09:27:05 +0000 - dagster - INFO - __ASSET_JOB - 406b9d33-19b3-461f-a2ce-f5d46efe7462 - hackernews - Making GET request to https://hn.algolia.com/api/v1/search_by_date?numericFilters=created_at_i%3E%3D1789786389%2Ccreated_at_i%3C1789789989&hitsPerPage=1000
2026-09-21 09:27:05 +0000 - dagster - INFO - __ASSET_JOB - 406b9d33-19b3-461f-a2ce-f5d46efe7462 - hackernews - Retrieved 277 items in this window.
2026-09-21 09:27:05 +0000 - dagster - INFO - __ASSET_JOB - 406b9d33-19b3-461f-a2ce-f5d46efe7462 - hackernews - Querying time window: 2026-09-19 03:53:09 to 2026-09-19 04:53:09 (1789789989 to 1789793589)...
2026-09-21 09:27:05 +0000 - dagster - INFO - __ASSET_JOB - 406b9d33-19b3-461f-a2ce-f5d46efe7462 - hackernews - Making GET request to https://hn.algolia.com/api/v1/search_by_date?numericFilters=created_at_i%3E%3D1789789989%2Ccreated_at_i%3C1789793589&hitsPerPage=1000
2026-09-21 09:27:06 +0000 - dagster - INFO - __ASSET_JOB - 406b9d33-19b3-461f-a2ce-f5d46efe7462 - hackernews - Retrieved 221 items in this window.
2026-09-21 09:27:06 +0000 - dagster - INFO - __ASSET_JOB - 406b9d33-19b3-461f-a2ce-f5d46efe7462 - hackernews - Querying time window: 2026-09-19 04:53:09 to 2026-09-19 05:53:09 (1789793589 to 1789797189)...
2026-09-21 09:27:06 +0000 - dagster - INFO - __ASSET_JOB - 406b9d33-19b3-461f-a2ce-f5d46efe7462 - hackernews - Making GET request to https://hn.algolia.com/api/v1/search_by_date?numericFilters=created_at_i%3E%3D1789793589%2Ccreated_at_i%3C1789797189&hitsPerPage=1000
2026-09-21 09:27:06 +0000 - dagster - INFO - __ASSET_JOB - 406b9d33-19b3-461f-a2ce-f5d46efe7462 - hackernews - Retrieved 271 items in this window.
2026-09-21 09:27:06 +0000 - dagster - INFO - __ASSET_JOB - 406b9d33-19b3-461f-a2ce-f5d46efe7462 - hackernews - Querying time window: 2026-09-19 05:53:09 to 2026-09-19 06:53:09 (1789797189 to 1789800789)...
2026-09-21 09:27:06 +0000 - dagster - INFO - __ASSET_JOB - 406b9d33-19b3-461f-a2ce-f5d46efe7462 - hackernews - Making GET request to https://hn.algolia.com/api/v1/search_by_date?numericFilters=created_at_i%3E%3D1789797189%2Ccreated_at_i%3C1789800789&hitsPerPage=1000
2026-09-21 09:27:07 +0000 - dagster - INFO - __ASSET_JOB - 406b9d33-19b3-461f-a2ce-f5d46efe7462 - hackernews - Retrieved 266 items in this window.
2026-09-21 09:27:07 +0000 - dagster - INFO - __ASSET_JOB - 406b9d33-19b3-461f-a2ce-f5d46efe7462 - hackernews - Querying time window: 2026-09-19 06:53:09 to 2026-09-19 07:53:09 (1789800789 to 1789804389)...
2026-09-21 09:27:07 +0000 - dagster - INFO - __ASSET_JOB - 406b9d33-19b3-461f-a2ce-f5d46efe7462 - hackernews - Making GET request to https://hn.algolia.com/api/v1/search_by_date?numericFilters=created_at_i%3E%3D1789800789%2Ccreated_at_i%3C1789804389&hitsPerPage=1000
2026-09-21 09:27:07 +0000 - dagster - INFO - __ASSET_JOB - 406b9d33-19b3-461f-a2ce-f5d46efe7462 - hackernews - Retrieved 281 items in this window.
2026-09-21 09:27:07 +0000 - dagster - INFO - __ASSET_JOB - 406b9d33-19b3-461f-a2ce-f5d46efe7462 - hackernews - Querying time window: 2026-09-19 07:53:09 to 2026-09-19 08:53:09 (1789804389 to 1789807989)...
2026-09-21 09:27:07 +0000 - dagster - INFO - __ASSET_JOB - 406b9d33-19b3-461f-a2ce-f5d46efe7462 - hackernews - Making GET request to https://hn.algolia.com/api/v1/search_by_date?numericFilters=created_at_i%3E%3D1789804389%2Ccreated_at_i%3C1789807989&hitsPerPage=1000
2026-09-21 09:27:07 +0000 - dagster - INFO - __ASSET_JOB - 406b9d33-19b3-461f-a2ce-f5d46efe7462 - hackernews - Retrieved 258 items in this window.
2026-09-21 09:27:07 +0000 - dagster - INFO - __ASSET_JOB - 406b9d33-19b3-461f-a2ce-f5d46efe7462 - hackernews - Querying time window: 2026-09-19 08:53:09 to 2026-09-19 09:53:09 (1789807989 to 1789811589)...
2026-09-21 09:27:07 +0000 - dagster - INFO - __ASSET_JOB - 406b9d33-19b3-461f-a2ce-f5d46efe7462 - hackernews - Making GET request to https://hn.algolia.com/api/v1/search_by_date?numericFilters=created_at_i%3E%3D1789807989%2Ccreated_at_i%3C1789811589&hitsPerPage=1000
2026-09-21 09:27:08 +0000 - dagster - INFO - __ASSET_JOB - 406b9d33-19b3-461f-a2ce-f5d46efe7462 - hackernews - Retrieved 290 items in this window.
2026-09-21 09:27:08 +0000 - dagster - INFO - __ASSET_JOB - 406b9d33-19b3-461f-a2ce-f5d46efe7462 - hackernews - Querying time window: 2026-09-19 09:53:09 to 2026-09-19 10:53:09 (1789811589 to 1789815189)...
2026-09-21 09:27:08 +0000 - dagster - INFO - __ASSET_JOB - 406b9d33-19b3-461f-a2ce-f5d46efe7462 - hackernews - Making GET request to https://hn.algolia.com/api/v1/search_by_date?numericFilters=created_at_i%3E%3D1789811589%2Ccreated_at_i%3C1789815189&hitsPerPage=1000
2026-09-21 09:27:08 +0000 - dagster - INFO - __ASSET_JOB - 406b9d33-19b3-461f-a2ce-f5d46efe7462 - hackernews - Retrieved 345 items in this window.
2026-09-21 09:27:08 +0000 - dagster - INFO - __ASSET_JOB - 406b9d33-19b3-461f-a2ce-f5d46efe7462 - hackernews - Querying time window: 2026-09-19 10:53:09 to 2026-09-19 11:53:09 (1789815189 to 1789818789)...
2026-09-21 09:27:08 +0000 - dagster - INFO - __ASSET_JOB - 406b9d33-19b3-461f-a2ce-f5d46efe7462 - hackernews - Making GET request to https://hn.algolia.com/api/v1/search_by_date?numericFilters=created_at_i%3E%3D1789815189%2Ccreated_at_i%3C1789818789&hitsPerPage=1000
2026-09-21 09:27:09 +0000 - dagster - INFO - __ASSET_JOB - 406b9d33-19b3-461f-a2ce-f5d46efe7462 - hackernews - Retrieved 346 items in this window.
2026-09-21 09:27:09 +0000 - dagster - INFO - __ASSET_JOB - 406b9d33-19b3-461f-a2ce-f5d46efe7462 - hackernews - Querying time window: 2026-09-19 11:53:09 to 2026-09-19 12:53:09 (1789818789 to 1789822389)...
2026-09-21 09:27:09 +0000 - dagster - INFO - __ASSET_JOB - 406b9d33-19b3-461f-a2ce-f5d46efe7462 - hackernews - Making GET request to https://hn.algolia.com/api/v1/search_by_date?numericFilters=created_at_i%3E%3D1789818789%2Ccreated_at_i%3C1789822389&hitsPerPage=1000
2026-09-21 09:27:09 +0000 - dagster - INFO - __ASSET_JOB - 406b9d33-19b3-461f-a2ce-f5d46efe7462 - hackernews - Retrieved 355 items in this window.
2026-09-21 09:27:09 +0000 - dagster - INFO - __ASSET_JOB - 406b9d33-19b3-461f-a2ce-f5d46efe7462 - hackernews - Querying time window: 2026-09-19 12:53:09 to 2026-09-19 13:53:09 (1789822389 to 1789825989)...
2026-09-21 09:27:09 +0000 - dagster - INFO - __ASSET_JOB - 406b9d33-19b3-461f-a2ce-f5d46efe7462 - hackernews - Making GET request to https://hn.algolia.com/api/v1/search_by_date?numericFilters=created_at_i%3E%3D1789822389%2Ccreated_at_i%3C1789825989&hitsPerPage=1000
2026-09-21 09:27:10 +0000 - dagster - INFO - __ASSET_JOB - 406b9d33-19b3-461f-a2ce-f5d46efe7462 - hackernews - Retrieved 371 items in this window.
2026-09-21 09:27:10 +0000 - dagster - INFO - __ASSET_JOB - 406b9d33-19b3-461f-a2ce-f5d46efe7462 - hackernews - Querying time window: 2026-09-19 13:53:09 to 2026-09-19 14:53:09 (1789825989 to 1789829589)...
2026-09-21 09:27:10 +0000 - dagster - INFO - __ASSET_JOB - 406b9d33-19b3-461f-a2ce-f5d46efe7462 - hackernews - Making GET request to https://hn.algolia.com/api/v1/search_by_date?numericFilters=created_at_i%3E%3D1789825989%2Ccreated_at_i%3C1789829589&hitsPerPage=1000
2026-09-21 09:27:10 +0000 - dagster - INFO - __ASSET_JOB - 406b9d33-19b3-461f-a2ce-f5d46efe7462 - hackernews - Retrieved 360 items in this window.
2026-09-21 09:27:10 +0000 - dagster - INFO - __ASSET_JOB - 406b9d33-19b3-461f-a2ce-f5d46efe7462 - hackernews - Querying time window: 2026-09-19 14:53:09 to 2026-09-19 15:53:09 (1789829589 to 1789833189)...
2026-09-21 09:27:10 +0000 - dagster - INFO - __ASSET_JOB - 406b9d33-19b3-461f-a2ce-f5d46efe7462 - hackernews - Making GET request to https://hn.algolia.com/api/v1/search_by_date?numericFilters=created_at_i%3E%3D1789829589%2Ccreated_at_i%3C1789833189&hitsPerPage=1000
2026-09-21 09:27:10 +0000 - dagster - INFO - __ASSET_JOB - 406b9d33-19b3-461f-a2ce-f5d46efe7462 - hackernews - Retrieved 465 items in this window.
2026-09-21 09:27:11 +0000 - dagster - INFO - __ASSET_JOB - 406b9d33-19b3-461f-a2ce-f5d46efe7462 - hackernews - Querying time window: 2026-09-19 15:53:09 to 2026-09-19 16:53:09 (1789833189 to 1789836789)...
2026-09-21 09:27:11 +0000 - dagster - INFO - __ASSET_JOB - 406b9d33-19b3-461f-a2ce-f5d46efe7462 - hackernews - Making GET request to https://hn.algolia.com/api/v1/search_by_date?numericFilters=created_at_i%3E%3D1789833189%2Ccreated_at_i%3C1789836789&hitsPerPage=1000
2026-09-21 09:27:11 +0000 - dagster - INFO - __ASSET_JOB - 406b9d33-19b3-461f-a2ce-f5d46efe7462 - hackernews - Retrieved 486 items in this window.
2026-09-21 09:27:11 +0000 - dagster - INFO - __ASSET_JOB - 406b9d33-19b3-461f-a2ce-f5d46efe7462 - hackernews - Querying time window: 2026-09-19 16:53:09 to 2026-09-19 17:53:09 (1789836789 to 1789840389)...
2026-09-21 09:27:11 +0000 - dagster - INFO - __ASSET_JOB - 406b9d33-19b3-461f-a2ce-f5d46efe7462 - hackernews - Making GET request to https://hn.algolia.com/api/v1/search_by_date?numericFilters=created_at_i%3E%3D1789836789%2Ccreated_at_i%3C1789840389&hitsPerPage=1000
2026-09-21 09:27:11 +0000 - dagster - INFO - __ASSET_JOB - 406b9d33-19b3-461f-a2ce-f5d46efe7462 - hackernews - Retrieved 514 items in this window.
2026-09-21 09:27:11 +0000 - dagster - INFO - __ASSET_JOB - 406b9d33-19b3-461f-a2ce-f5d46efe7462 - hackernews - Querying time window: 2026-09-19 17:53:09 to 2026-09-19 18:53:09 (1789840389 to 1789843989)...
2026-09-21 09:27:11 +0000 - dagster - INFO - __ASSET_JOB - 406b9d33-19b3-461f-a2ce-f5d46efe7462 - hackernews - Making GET request to https://hn.algolia.com/api/v1/search_by_date?numericFilters=created_at_i%3E%3D1789840389%2Ccreated_at_i%3C1789843989&hitsPerPage=1000
2026-09-21 09:27:12 +0000 - dagster - INFO - __ASSET_JOB - 406b9d33-19b3-461f-a2ce-f5d46efe7462 - hackernews - Retrieved 458 items in this window.
2026-09-21 09:27:12 +0000 - dagster - INFO - __ASSET_JOB - 406b9d33-19b3-461f-a2ce-f5d46efe7462 - hackernews - Querying time window: 2026-09-19 18:53:09 to 2026-09-19 19:53:09 (1789843989 to 1789847589)...
2026-09-21 09:27:12 +0000 - dagster - INFO - __ASSET_JOB - 406b9d33-19b3-461f-a2ce-f5d46efe7462 - hackernews - Making GET request to https://hn.algolia.com/api/v1/search_by_date?numericFilters=created_at_i%3E%3D1789843989%2Ccreated_at_i%3C1789847589&hitsPerPage=1000
2026-09-21 09:27:12 +0000 - dagster - INFO - __ASSET_JOB - 406b9d33-19b3-461f-a2ce-f5d46efe7462 - hackernews - Retrieved 381 items in this window.
2026-09-21 09:27:12 +0000 - dagster - INFO - __ASSET_JOB - 406b9d33-19b3-461f-a2ce-f5d46efe7462 - hackernews - Querying time window: 2026-09-19 19:53:09 to 2026-09-19 20:53:09 (1789847589 to 1789851189)...
2026-09-21 09:27:12 +0000 - dagster - INFO - __ASSET_JOB - 406b9d33-19b3-461f-a2ce-f5d46efe7462 - hackernews - Making GET request to https://hn.algolia.com/api/v1/search_by_date?numericFilters=created_at_i%3E%3D1789847589%2Ccreated_at_i%3C1789851189&hitsPerPage=1000
2026-09-21 09:27:13 +0000 - dagster - INFO - __ASSET_JOB - 406b9d33-19b3-461f-a2ce-f5d46efe7462 - hackernews - Retrieved 370 items in this window.
2026-09-21 09:27:13 +0000 - dagster - INFO - __ASSET_JOB - 406b9d33-19b3-461f-a2ce-f5d46efe7462 - hackernews - Querying time window: 2026-09-19 20:53:09 to 2026-09-19 21:53:09 (1789851189 to 1789854789)...
2026-09-21 09:27:13 +0000 - dagster - INFO - __ASSET_JOB - 406b9d33-19b3-461f-a2ce-f5d46efe7462 - hackernews - Making GET request to https://hn.algolia.com/api/v1/search_by_date?numericFilters=created_at_i%3E%3D1789851189%2Ccreated_at_i%3C1789854789&hitsPerPage=1000
2026-09-21 09:27:13 +0000 - dagster - INFO - __ASSET_JOB - 406b9d33-19b3-461f-a2ce-f5d46efe7462 - hackernews - Retrieved 342 items in this window.
2026-09-21 09:27:13 +0000 - dagster - INFO - __ASSET_JOB - 406b9d33-19b3-461f-a2ce-f5d46efe7462 - hackernews - Querying time window: 2026-09-19 21:53:09 to 2026-09-19 22:53:09 (1789854789 to 1789858389)...
2026-09-21 09:27:13 +0000 - dagster - INFO - __ASSET_JOB - 406b9d33-19b3-461f-a2ce-f5d46efe7462 - hackernews - Making GET request to https://hn.algolia.com/api/v1/search_by_date?numericFilters=created_at_i%3E%3D1789854789%2Ccreated_at_i%3C1789858389&hitsPerPage=1000
2026-09-21 09:27:14 +0000 - dagster - INFO - __ASSET_JOB - 406b9d33-19b3-461f-a2ce-f5d46efe7462 - hackernews - Retrieved 316 items in this window.
2026-09-21 09:27:14 +0000 - dagster - INFO - __ASSET_JOB - 406b9d33-19b3-461f-a2ce-f5d46efe7462 - hackernews - Querying time window: 2026-09-19 22:53:09 to 2026-09-19 23:53:09 (1789858389 to 1789861989)...
2026-09-21 09:27:14 +0000 - dagster - INFO - __ASSET_JOB - 406b9d33-19b3-461f-a2ce-f5d46efe7462 - hackernews - Making GET request to https://hn.algolia.com/api/v1/search_by_date?numericFilters=created_at_i%3E%3D1789858389%2Ccreated_at_i%3C1789861989&hitsPerPage=1000
2026-09-21 09:27:14 +0000 - dagster - INFO - __ASSET_JOB - 406b9d33-19b3-461f-a2ce-f5d46efe7462 - hackernews - Retrieved 340 items in this window.
2026-09-21 09:27:14 +0000 - dagster - INFO - __ASSET_JOB - 406b9d33-19b3-461f-a2ce-f5d46efe7462 - hackernews - Querying time window: 2026-09-19 23:53:09 to 2026-09-20 00:53:09 (1789861989 to 1789865589)...
2026-09-21 09:27:14 +0000 - dagster - INFO - __ASSET_JOB - 406b9d33-19b3-461f-a2ce-f5d46efe7462 - hackernews - Making GET request to https://hn.algolia.com/api/v1/search_by_date?numericFilters=created_at_i%3E%3D1789861989%2Ccreated_at_i%3C1789865589&hitsPerPage=1000
2026-09-21 09:27:14 +0000 - dagster - INFO - __ASSET_JOB - 406b9d33-19b3-461f-a2ce-f5d46efe7462 - hackernews - Retrieved 334 items in this window.
2026-09-21 09:27:15 +0000 - dagster - INFO - __ASSET_JOB - 406b9d33-19b3-461f-a2ce-f5d46efe7462 - hackernews - Querying time window: 2026-09-20 00:53:09 to 2026-09-20 01:53:09 (1789865589 to 1789869189)...
2026-09-21 09:27:15 +0000 - dagster - INFO - __ASSET_JOB - 406b9d33-19b3-461f-a2ce-f5d46efe7462 - hackernews - Making GET request to https://hn.algolia.com/api/v1/search_by_date?numericFilters=created_at_i%3E%3D1789865589%2Ccreated_at_i%3C1789869189&hitsPerPage=1000
2026-09-21 09:27:15 +0000 - dagster - INFO - __ASSET_JOB - 406b9d33-19b3-461f-a2ce-f5d46efe7462 - hackernews - Retrieved 264 items in this window.
2026-09-21 09:27:15 +0000 - dagster - INFO - __ASSET_JOB - 406b9d33-19b3-461f-a2ce-f5d46efe7462 - hackernews - Querying time window: 2026-09-20 01:53:09 to 2026-09-20 02:53:09 (1789869189 to 1789872789)...
2026-09-21 09:27:15 +0000 - dagster - INFO - __ASSET_JOB - 406b9d33-19b3-461f-a2ce-f5d46efe7462 - hackernews - Making GET request to https://hn.algolia.com/api/v1/search_by_date?numericFilters=created_at_i%3E%3D1789869189%2Ccreated_at_i%3C1789872789&hitsPerPage=1000
2026-09-21 09:27:15 +0000 - dagster - INFO - __ASSET_JOB - 406b9d33-19b3-461f-a2ce-f5d46efe7462 - hackernews - Retrieved 261 items in this window.
2026-09-21 09:27:15 +0000 - dagster - INFO - __ASSET_JOB - 406b9d33-19b3-461f-a2ce-f5d46efe7462 - hackernews - Querying time window: 2026-09-20 02:53:09 to 2026-09-20 03:53:09 (1789872789 to 1789876389)...
2026-09-21 09:27:15 +0000 - dagster - INFO - __ASSET_JOB - 406b9d33-19b3-461f-a2ce-f5d46efe7462 - hackernews - Making GET request to https://hn.algolia.com/api/v1/search_by_date?numericFilters=created_at_i%3E%3D1789872789%2Ccreated_at_i%3C1789876389&hitsPerPage=1000
2026-09-21 09:27:16 +0000 - dagster - INFO - __ASSET_JOB - 406b9d33-19b3-461f-a2ce-f5d46efe7462 - hackernews - Retrieved 199 items in this window.
2026-09-21 09:27:16 +0000 - dagster - INFO - __ASSET_JOB - 406b9d33-19b3-461f-a2ce-f5d46efe7462 - hackernews - Querying time window: 2026-09-20 03:53:09 to 2026-09-20 04:53:09 (1789876389 to 1789879989)...
2026-09-21 09:27:16 +0000 - dagster - INFO - __ASSET_JOB - 406b9d33-19b3-461f-a2ce-f5d46efe7462 - hackernews - Making GET request to https://hn.algolia.com/api/v1/search_by_date?numericFilters=created_at_i%3E%3D1789876389%2Ccreated_at_i%3C1789879989&hitsPerPage=1000
2026-09-21 09:27:16 +0000 - dagster - INFO - __ASSET_JOB - 406b9d33-19b3-461f-a2ce-f5d46efe7462 - hackernews - Retrieved 172 items in this window.
2026-09-21 09:27:16 +0000 - dagster - INFO - __ASSET_JOB - 406b9d33-19b3-461f-a2ce-f5d46efe7462 - hackernews - Querying time window: 2026-09-20 04:53:09 to 2026-09-20 05:53:09 (1789879989 to 1789883589)...
2026-09-21 09:27:16 +0000 - dagster - INFO - __ASSET_JOB - 406b9d33-19b3-461f-a2ce-f5d46efe7462 - hackernews - Making GET request to https://hn.algolia.com/api/v1/search_by_date?numericFilters=created_at_i%3E%3D1789879989%2Ccreated_at_i%3C1789883589&hitsPerPage=1000
2026-09-21 09:27:16 +0000 - dagster - INFO - __ASSET_JOB - 406b9d33-19b3-461f-a2ce-f5d46efe7462 - hackernews - Retrieved 230 items in this window.
2026-09-21 09:27:16 +0000 - dagster - INFO - __ASSET_JOB - 406b9d33-19b3-461f-a2ce-f5d46efe7462 - hackernews - Querying time window: 2026-09-20 05:53:09 to 2026-09-20 06:53:09 (1789883589 to 1789887189)...
2026-09-21 09:27:16 +0000 - dagster - INFO - __ASSET_JOB - 406b9d33-19b3-461f-a2ce-f5d46efe7462 - hackernews - Making GET request to https://hn.algolia.com/api/v1/search_by_date?numericFilters=created_at_i%3E%3D1789883589%2Ccreated_at_i%3C1789887189&hitsPerPage=1000
2026-09-21 09:27:17 +0000 - dagster - INFO - __ASSET_JOB - 406b9d33-19b3-461f-a2ce-f5d46efe7462 - hackernews - Retrieved 271 items in this window.
2026-09-21 09:27:17 +0000 - dagster - INFO - __ASSET_JOB - 406b9d33-19b3-461f-a2ce-f5d46efe7462 - hackernews - Querying time window: 2026-09-20 06:53:09 to 2026-09-20 07:53:09 (1789887189 to 1789890789)...
2026-09-21 09:27:17 +0000 - dagster - INFO - __ASSET_JOB - 406b9d33-19b3-461f-a2ce-f5d46efe7462 - hackernews - Making GET request to https://hn.algolia.com/api/v1/search_by_date?numericFilters=created_at_i%3E%3D1789887189%2Ccreated_at_i%3C1789890789&hitsPerPage=1000
2026-09-21 09:27:18 +0000 - dagster - INFO - __ASSET_JOB - 406b9d33-19b3-461f-a2ce-f5d46efe7462 - hackernews - Retrieved 320 items in this window.
2026-09-21 09:27:18 +0000 - dagster - INFO - __ASSET_JOB - 406b9d33-19b3-461f-a2ce-f5d46efe7462 - hackernews - Querying time window: 2026-09-20 07:53:09 to 2026-09-20 08:53:09 (1789890789 to 1789894389)...
2026-09-21 09:27:18 +0000 - dagster - INFO - __ASSET_JOB - 406b9d33-19b3-461f-a2ce-f5d46efe7462 - hackernews - Making GET request to https://hn.algolia.com/api/v1/search_by_date?numericFilters=created_at_i%3E%3D1789890789%2Ccreated_at_i%3C1789894389&hitsPerPage=1000
2026-09-21 09:27:18 +0000 - dagster - INFO - __ASSET_JOB - 406b9d33-19b3-461f-a2ce-f5d46efe7462 - hackernews - Retrieved 321 items in this window.
2026-09-21 09:27:18 +0000 - dagster - INFO - __ASSET_JOB - 406b9d33-19b3-461f-a2ce-f5d46efe7462 - hackernews - Querying time window: 2026-09-20 08:53:09 to 2026-09-20 09:53:09 (1789894389 to 1789897989)...
2026-09-21 09:27:18 +0000 - dagster - INFO - __ASSET_JOB - 406b9d33-19b3-461f-a2ce-f5d46efe7462 - hackernews - Making GET request to https://hn.algolia.com/api/v1/search_by_date?numericFilters=created_at_i%3E%3D1789894389%2Ccreated_at_i%3C1789897989&hitsPerPage=1000
2026-09-21 09:27:19 +0000 - dagster - INFO - __ASSET_JOB - 406b9d33-19b3-461f-a2ce-f5d46efe7462 - hackernews - Retrieved 313 items in this window.
2026-09-21 09:27:19 +0000 - dagster - INFO - __ASSET_JOB - 406b9d33-19b3-461f-a2ce-f5d46efe7462 - hackernews - Querying time window: 2026-09-20 09:53:09 to 2026-09-20 10:53:09 (1789897989 to 1789901589)...
2026-09-21 09:27:19 +0000 - dagster - INFO - __ASSET_JOB - 406b9d33-19b3-461f-a2ce-f5d46efe7462 - hackernews - Making GET request to https://hn.algolia.com/api/v1/search_by_date?numericFilters=created_at_i%3E%3D1789897989%2Ccreated_at_i%3C1789901589&hitsPerPage=1000
2026-09-21 09:27:19 +0000 - dagster - INFO - __ASSET_JOB - 406b9d33-19b3-461f-a2ce-f5d46efe7462 - hackernews - Retrieved 237 items in this window.
2026-09-21 09:27:19 +0000 - dagster - INFO - __ASSET_JOB - 406b9d33-19b3-461f-a2ce-f5d46efe7462 - hackernews - Querying time window: 2026-09-20 10:53:09 to 2026-09-20 11:53:09 (1789901589 to 1789905189)...
2026-09-21 09:27:19 +0000 - dagster - INFO - __ASSET_JOB - 406b9d33-19b3-461f-a2ce-f5d46efe7462 - hackernews - Making GET request to https://hn.algolia.com/api/v1/search_by_date?numericFilters=created_at_i%3E%3D1789901589%2Ccreated_at_i%3C1789905189&hitsPerPage=1000
2026-09-21 09:27:19 +0000 - dagster - INFO - __ASSET_JOB - 406b9d33-19b3-461f-a2ce-f5d46efe7462 - hackernews - Retrieved 314 items in this window.
2026-09-21 09:27:19 +0000 - dagster - INFO - __ASSET_JOB - 406b9d33-19b3-461f-a2ce-f5d46efe7462 - hackernews - Querying time window: 2026-09-20 11:53:09 to 2026-09-20 12:53:09 (1789905189 to 1789908789)...
2026-09-21 09:27:19 +0000 - dagster - INFO - __ASSET_JOB - 406b9d33-19b3-461f-a2ce-f5d46efe7462 - hackernews - Making GET request to https://hn.algolia.com/api/v1/search_by_date?numericFilters=created_at_i%3E%3D1789905189%2Ccreated_at_i%3C1789908789&hitsPerPage=1000
2026-09-21 09:27:20 +0000 - dagster - INFO - __ASSET_JOB - 406b9d33-19b3-461f-a2ce-f5d46efe7462 - hackernews - Retrieved 406 items in this window.
2026-09-21 09:27:20 +0000 - dagster - INFO - __ASSET_JOB - 406b9d33-19b3-461f-a2ce-f5d46efe7462 - hackernews - Querying time window: 2026-09-20 12:53:09 to 2026-09-20 13:53:09 (1789908789 to 1789912389)...
2026-09-21 09:27:20 +0000 - dagster - INFO - __ASSET_JOB - 406b9d33-19b3-461f-a2ce-f5d46efe7462 - hackernews - Making GET request to https://hn.algolia.com/api/v1/search_by_date?numericFilters=created_at_i%3E%3D1789908789%2Ccreated_at_i%3C1789912389&hitsPerPage=1000
2026-09-21 09:27:20 +0000 - dagster - INFO - __ASSET_JOB - 406b9d33-19b3-461f-a2ce-f5d46efe7462 - hackernews - Retrieved 485 items in this window.
2026-09-21 09:27:20 +0000 - dagster - INFO - __ASSET_JOB - 406b9d33-19b3-461f-a2ce-f5d46efe7462 - hackernews - Querying time window: 2026-09-20 13:53:09 to 2026-09-20 14:53:09 (1789912389 to 1789915989)...
2026-09-21 09:27:20 +0000 - dagster - INFO - __ASSET_JOB - 406b9d33-19b3-461f-a2ce-f5d46efe7462 - hackernews - Making GET request to https://hn.algolia.com/api/v1/search_by_date?numericFilters=created_at_i%3E%3D1789912389%2Ccreated_at_i%3C1789915989&hitsPerPage=1000
2026-09-21 09:27:21 +0000 - dagster - INFO - __ASSET_JOB - 406b9d33-19b3-461f-a2ce-f5d46efe7462 - hackernews - Retrieved 490 items in this window.
2026-09-21 09:27:21 +0000 - dagster - INFO - __ASSET_JOB - 406b9d33-19b3-461f-a2ce-f5d46efe7462 - hackernews - Querying time window: 2026-09-20 14:53:09 to 2026-09-20 15:53:09 (1789915989 to 1789919589)...
2026-09-21 09:27:21 +0000 - dagster - INFO - __ASSET_JOB - 406b9d33-19b3-461f-a2ce-f5d46efe7462 - hackernews - Making GET request to https://hn.algolia.com/api/v1/search_by_date?numericFilters=created_at_i%3E%3D1789915989%2Ccreated_at_i%3C1789919589&hitsPerPage=1000
2026-09-21 09:27:21 +0000 - dagster - INFO - __ASSET_JOB - 406b9d33-19b3-461f-a2ce-f5d46efe7462 - hackernews - Retrieved 537 items in this window.
2026-09-21 09:27:21 +0000 - dagster - INFO - __ASSET_JOB - 406b9d33-19b3-461f-a2ce-f5d46efe7462 - hackernews - Querying time window: 2026-09-20 15:53:09 to 2026-09-20 16:53:09 (1789919589 to 1789923189)...
2026-09-21 09:27:21 +0000 - dagster - INFO - __ASSET_JOB - 406b9d33-19b3-461f-a2ce-f5d46efe7462 - hackernews - Making GET request to https://hn.algolia.com/api/v1/search_by_date?numericFilters=created_at_i%3E%3D1789919589%2Ccreated_at_i%3C1789923189&hitsPerPage=1000
2026-09-21 09:27:22 +0000 - dagster - INFO - __ASSET_JOB - 406b9d33-19b3-461f-a2ce-f5d46efe7462 - hackernews - Retrieved 443 items in this window.
2026-09-21 09:27:22 +0000 - dagster - INFO - __ASSET_JOB - 406b9d33-19b3-461f-a2ce-f5d46efe7462 - hackernews - Querying time window: 2026-09-20 16:53:09 to 2026-09-20 17:53:09 (1789923189 to 1789926789)...
2026-09-21 09:27:22 +0000 - dagster - INFO - __ASSET_JOB - 406b9d33-19b3-461f-a2ce-f5d46efe7462 - hackernews - Making GET request to https://hn.algolia.com/api/v1/search_by_date?numericFilters=created_at_i%3E%3D1789923189%2Ccreated_at_i%3C1789926789&hitsPerPage=1000
2026-09-21 09:27:22 +0000 - dagster - INFO - __ASSET_JOB - 406b9d33-19b3-461f-a2ce-f5d46efe7462 - hackernews - Retrieved 550 items in this window.
2026-09-21 09:27:22 +0000 - dagster - INFO - __ASSET_JOB - 406b9d33-19b3-461f-a2ce-f5d46efe7462 - hackernews - Querying time window: 2026-09-20 17:53:09 to 2026-09-20 18:53:09 (1789926789 to 1789930389)...
2026-09-21 09:27:22 +0000 - dagster - INFO - __ASSET_JOB - 406b9d33-19b3-461f-a2ce-f5d46efe7462 - hackernews - Making GET request to https://hn.algolia.com/api/v1/search_by_date?numericFilters=created_at_i%3E%3D1789926789%2Ccreated_at_i%3C1789930389&hitsPerPage=1000
2026-09-21 09:27:22 +0000 - dagster - INFO - __ASSET_JOB - 406b9d33-19b3-461f-a2ce-f5d46efe7462 - hackernews - Retrieved 543 items in this window.
2026-09-21 09:27:22 +0000 - dagster - INFO - __ASSET_JOB - 406b9d33-19b3-461f-a2ce-f5d46efe7462 - hackernews - Querying time window: 2026-09-20 18:53:09 to 2026-09-20 19:53:09 (1789930389 to 1789933989)...
2026-09-21 09:27:22 +0000 - dagster - INFO - __ASSET_JOB - 406b9d33-19b3-461f-a2ce-f5d46efe7462 - hackernews - Making GET request to https://hn.algolia.com/api/v1/search_by_date?numericFilters=created_at_i%3E%3D1789930389%2Ccreated_at_i%3C1789933989&hitsPerPage=1000
2026-09-21 09:27:23 +0000 - dagster - INFO - __ASSET_JOB - 406b9d33-19b3-461f-a2ce-f5d46efe7462 - hackernews - Retrieved 535 items in this window.
2026-09-21 09:27:23 +0000 - dagster - INFO - __ASSET_JOB - 406b9d33-19b3-461f-a2ce-f5d46efe7462 - hackernews - Querying time window: 2026-09-20 19:53:09 to 2026-09-20 20:53:09 (1789933989 to 1789937589)...
2026-09-21 09:27:23 +0000 - dagster - INFO - __ASSET_JOB - 406b9d33-19b3-461f-a2ce-f5d46efe7462 - hackernews - Making GET request to https://hn.algolia.com/api/v1/search_by_date?numericFilters=created_at_i%3E%3D1789933989%2Ccreated_at_i%3C1789937589&hitsPerPage=1000
2026-09-21 09:27:23 +0000 - dagster - INFO - __ASSET_JOB - 406b9d33-19b3-461f-a2ce-f5d46efe7462 - hackernews - Retrieved 518 items in this window.
2026-09-21 09:27:23 +0000 - dagster - INFO - __ASSET_JOB - 406b9d33-19b3-461f-a2ce-f5d46efe7462 - hackernews - Querying time window: 2026-09-20 20:53:09 to 2026-09-20 21:53:09 (1789937589 to 1789941189)...
2026-09-21 09:27:24 +0000 - dagster - INFO - __ASSET_JOB - 406b9d33-19b3-461f-a2ce-f5d46efe7462 - hackernews - Making GET request to https://hn.algolia.com/api/v1/search_by_date?numericFilters=created_at_i%3E%3D1789937589%2Ccreated_at_i%3C1789941189&hitsPerPage=1000
2026-09-21 09:27:24 +0000 - dagster - INFO - __ASSET_JOB - 406b9d33-19b3-461f-a2ce-f5d46efe7462 - hackernews - Retrieved 430 items in this window.
2026-09-21 09:27:24 +0000 - dagster - INFO - __ASSET_JOB - 406b9d33-19b3-461f-a2ce-f5d46efe7462 - hackernews - Querying time window: 2026-09-20 21:53:09 to 2026-09-20 22:53:09 (1789941189 to 1789944789)...
2026-09-21 09:27:24 +0000 - dagster - INFO - __ASSET_JOB - 406b9d33-19b3-461f-a2ce-f5d46efe7462 - hackernews - Making GET request to https://hn.algolia.com/api/v1/search_by_date?numericFilters=created_at_i%3E%3D1789941189%2Ccreated_at_i%3C1789944789&hitsPerPage=1000
2026-09-21 09:27:24 +0000 - dagster - INFO - __ASSET_JOB - 406b9d33-19b3-461f-a2ce-f5d46efe7462 - hackernews - Retrieved 416 items in this window.
2026-09-21 09:27:24 +0000 - dagster - INFO - __ASSET_JOB - 406b9d33-19b3-461f-a2ce-f5d46efe7462 - hackernews - Querying time window: 2026-09-20 22:53:09 to 2026-09-20 23:53:09 (1789944789 to 1789948389)...
2026-09-21 09:27:25 +0000 - dagster - INFO - __ASSET_JOB - 406b9d33-19b3-461f-a2ce-f5d46efe7462 - hackernews - Making GET request to https://hn.algolia.com/api/v1/search_by_date?numericFilters=created_at_i%3E%3D1789944789%2Ccreated_at_i%3C1789948389&hitsPerPage=1000
2026-09-21 09:27:25 +0000 - dagster - INFO - __ASSET_JOB - 406b9d33-19b3-461f-a2ce-f5d46efe7462 - hackernews - Retrieved 397 items in this window.
2026-09-21 09:27:25 +0000 - dagster - INFO - __ASSET_JOB - 406b9d33-19b3-461f-a2ce-f5d46efe7462 - hackernews - Querying time window: 2026-09-20 23:53:09 to 2026-09-21 00:53:09 (1789948389 to 1789951989)...
2026-09-21 09:27:25 +0000 - dagster - INFO - __ASSET_JOB - 406b9d33-19b3-461f-a2ce-f5d46efe7462 - hackernews - Making GET request to https://hn.algolia.com/api/v1/search_by_date?numericFilters=created_at_i%3E%3D1789948389%2Ccreated_at_i%3C1789951989&hitsPerPage=1000
2026-09-21 09:27:25 +0000 - dagster - INFO - __ASSET_JOB - 406b9d33-19b3-461f-a2ce-f5d46efe7462 - hackernews - Retrieved 331 items in this window.
2026-09-21 09:27:25 +0000 - dagster - INFO - __ASSET_JOB - 406b9d33-19b3-461f-a2ce-f5d46efe7462 - hackernews - Querying time window: 2026-09-21 00:53:09 to 2026-09-21 01:53:09 (1789951989 to 1789955589)...
2026-09-21 09:27:25 +0000 - dagster - INFO - __ASSET_JOB - 406b9d33-19b3-461f-a2ce-f5d46efe7462 - hackernews - Making GET request to https://hn.algolia.com/api/v1/search_by_date?numericFilters=created_at_i%3E%3D1789951989%2Ccreated_at_i%3C1789955589&hitsPerPage=1000
2026-09-21 09:27:26 +0000 - dagster - INFO - __ASSET_JOB - 406b9d33-19b3-461f-a2ce-f5d46efe7462 - hackernews - Retrieved 348 items in this window.
2026-09-21 09:27:26 +0000 - dagster - INFO - __ASSET_JOB - 406b9d33-19b3-461f-a2ce-f5d46efe7462 - hackernews - Querying time window: 2026-09-21 01:53:09 to 2026-09-21 02:53:09 (1789955589 to 1789959189)...
2026-09-21 09:27:26 +0000 - dagster - INFO - __ASSET_JOB - 406b9d33-19b3-461f-a2ce-f5d46efe7462 - hackernews - Making GET request to https://hn.algolia.com/api/v1/search_by_date?numericFilters=created_at_i%3E%3D1789955589%2Ccreated_at_i%3C1789959189&hitsPerPage=1000
2026-09-21 09:27:26 +0000 - dagster - INFO - __ASSET_JOB - 406b9d33-19b3-461f-a2ce-f5d46efe7462 - hackernews - Retrieved 344 items in this window.
2026-09-21 09:27:26 +0000 - dagster - INFO - __ASSET_JOB - 406b9d33-19b3-461f-a2ce-f5d46efe7462 - hackernews - Querying time window: 2026-09-21 02:53:09 to 2026-09-21 03:53:09 (1789959189 to 1789962789)...
2026-09-21 09:27:26 +0000 - dagster - INFO - __ASSET_JOB - 406b9d33-19b3-461f-a2ce-f5d46efe7462 - hackernews - Making GET request to https://hn.algolia.com/api/v1/search_by_date?numericFilters=created_at_i%3E%3D1789959189%2Ccreated_at_i%3C1789962789&hitsPerPage=1000
2026-09-21 09:27:27 +0000 - dagster - INFO - __ASSET_JOB - 406b9d33-19b3-461f-a2ce-f5d46efe7462 - hackernews - Retrieved 295 items in this window.
2026-09-21 09:27:27 +0000 - dagster - INFO - __ASSET_JOB - 406b9d33-19b3-461f-a2ce-f5d46efe7462 - hackernews - Querying time window: 2026-09-21 03:53:09 to 2026-09-21 04:53:09 (1789962789 to 1789966389)...
2026-09-21 09:27:27 +0000 - dagster - INFO - __ASSET_JOB - 406b9d33-19b3-461f-a2ce-f5d46efe7462 - hackernews - Making GET request to https://hn.algolia.com/api/v1/search_by_date?numericFilters=created_at_i%3E%3D1789962789%2Ccreated_at_i%3C1789966389&hitsPerPage=1000
2026-09-21 09:27:27 +0000 - dagster - INFO - __ASSET_JOB - 406b9d33-19b3-461f-a2ce-f5d46efe7462 - hackernews - Retrieved 291 items in this window.
2026-09-21 09:27:27 +0000 - dagster - INFO - __ASSET_JOB - 406b9d33-19b3-461f-a2ce-f5d46efe7462 - hackernews - Querying time window: 2026-09-21 04:53:09 to 2026-09-21 05:53:09 (1789966389 to 1789969989)...
2026-09-21 09:27:27 +0000 - dagster - INFO - __ASSET_JOB - 406b9d33-19b3-461f-a2ce-f5d46efe7462 - hackernews - Making GET request to https://hn.algolia.com/api/v1/search_by_date?numericFilters=created_at_i%3E%3D1789966389%2Ccreated_at_i%3C1789969989&hitsPerPage=1000
2026-09-21 09:27:27 +0000 - dagster - INFO - __ASSET_JOB - 406b9d33-19b3-461f-a2ce-f5d46efe7462 - hackernews - Retrieved 235 items in this window.
2026-09-21 09:27:27 +0000 - dagster - INFO - __ASSET_JOB - 406b9d33-19b3-461f-a2ce-f5d46efe7462 - hackernews - Querying time window: 2026-09-21 05:53:09 to 2026-09-21 06:53:09 (1789969989 to 1789973589)...
2026-09-21 09:27:27 +0000 - dagster - INFO - __ASSET_JOB - 406b9d33-19b3-461f-a2ce-f5d46efe7462 - hackernews - Making GET request to https://hn.algolia.com/api/v1/search_by_date?numericFilters=created_at_i%3E%3D1789969989%2Ccreated_at_i%3C1789973589&hitsPerPage=1000
2026-09-21 09:27:28 +0000 - dagster - INFO - __ASSET_JOB - 406b9d33-19b3-461f-a2ce-f5d46efe7462 - hackernews - Retrieved 317 items in this window.
2026-09-21 09:27:28 +0000 - dagster - INFO - __ASSET_JOB - 406b9d33-19b3-461f-a2ce-f5d46efe7462 - hackernews - Querying time window: 2026-09-21 06:53:09 to 2026-09-21 07:53:09 (1789973589 to 1789977189)...
2026-09-21 09:27:28 +0000 - dagster - INFO - __ASSET_JOB - 406b9d33-19b3-461f-a2ce-f5d46efe7462 - hackernews - Making GET request to https://hn.algolia.com/api/v1/search_by_date?numericFilters=created_at_i%3E%3D1789973589%2Ccreated_at_i%3C1789977189&hitsPerPage=1000
2026-09-21 09:27:28 +0000 - dagster - INFO - __ASSET_JOB - 406b9d33-19b3-461f-a2ce-f5d46efe7462 - hackernews - Retrieved 390 items in this window.
2026-09-21 09:27:28 +0000 - dagster - INFO - __ASSET_JOB - 406b9d33-19b3-461f-a2ce-f5d46efe7462 - hackernews - Querying time window: 2026-09-21 07:53:09 to 2026-09-21 08:53:09 (1789977189 to 1789980789)...
2026-09-21 09:27:28 +0000 - dagster - INFO - __ASSET_JOB - 406b9d33-19b3-461f-a2ce-f5d46efe7462 - hackernews - Making GET request to https://hn.algolia.com/api/v1/search_by_date?numericFilters=created_at_i%3E%3D1789977189%2Ccreated_at_i%3C1789980789&hitsPerPage=1000
2026-09-21 09:27:29 +0000 - dagster - INFO - __ASSET_JOB - 406b9d33-19b3-461f-a2ce-f5d46efe7462 - hackernews - Retrieved 418 items in this window.
2026-09-21 09:27:29 +0000 - dagster - INFO - __ASSET_JOB - 406b9d33-19b3-461f-a2ce-f5d46efe7462 - hackernews - Querying time window: 2026-09-21 08:53:09 to 2026-09-21 09:26:07 (1789980789 to 1789982767)...
2026-09-21 09:27:29 +0000 - dagster - INFO - __ASSET_JOB - 406b9d33-19b3-461f-a2ce-f5d46efe7462 - hackernews - Making GET request to https://hn.algolia.com/api/v1/search_by_date?numericFilters=created_at_i%3E%3D1789980789%2Ccreated_at_i%3C1789982767&hitsPerPage=1000
2026-09-21 09:27:29 +0000 - dagster - INFO - __ASSET_JOB - 406b9d33-19b3-461f-a2ce-f5d46efe7462 - hackernews - Retrieved 176 items in this window.
2026-09-21 09:27:29 +0000 - dagster - INFO - __ASSET_JOB - 406b9d33-19b3-461f-a2ce-f5d46efe7462 - hackernews - Ingested 80367 items. Catch-up completed up to 2026-09-21 09:26:07 (1789982767).
2026-09-21 09:27:29 +0000 - dagster - INFO - __ASSET_JOB - 406b9d33-19b3-461f-a2ce-f5d46efe7462 - hackernews - Created none pool with 1 workers
2026-09-21 09:27:29 +0000 - dagster - INFO - __ASSET_JOB - 406b9d33-19b3-461f-a2ce-f5d46efe7462 - hackernews - Running file normalizing
2026-09-21 09:27:29 +0000 - dagster - INFO - __ASSET_JOB - 406b9d33-19b3-461f-a2ce-f5d46efe7462 - hackernews - Found 1 load packages
2026-09-21 09:27:29 +0000 - dagster - INFO - __ASSET_JOB - 406b9d33-19b3-461f-a2ce-f5d46efe7462 - hackernews - Found 2 files in schema hackernews_source load_id 1789982767.3630521
2026-09-21 09:27:29 +0000 - dagster - INFO - __ASSET_JOB - 406b9d33-19b3-461f-a2ce-f5d46efe7462 - hackernews - Created new load package 1789982767.3630521 on loading volume with 2 files
2026-09-21 09:27:29 +0000 - dagster - INFO - __ASSET_JOB - 406b9d33-19b3-461f-a2ce-f5d46efe7462 - hackernews - Created items normalizer JsonLItemsNormalizer with writer ParquetDataWriter for item format object and file format parquet on table items
2026-09-21 09:27:33 +0000 - dagster - INFO - __ASSET_JOB - 406b9d33-19b3-461f-a2ce-f5d46efe7462 - hackernews - A file format for table _dlt_pipeline_state was specified to preferred in the resource so parquet format being used.
2026-09-21 09:27:33 +0000 - dagster - INFO - __ASSET_JOB - 406b9d33-19b3-461f-a2ce-f5d46efe7462 - hackernews - Created items normalizer JsonLItemsNormalizer with writer ParquetDataWriter for item format object and file format parquet on table _dlt_pipeline_state
2026-09-21 09:27:33 +0000 - dagster - INFO - __ASSET_JOB - 406b9d33-19b3-461f-a2ce-f5d46efe7462 - hackernews - Processed all items in 2 files
2026-09-21 09:27:33 +0000 - dagster - INFO - __ASSET_JOB - 406b9d33-19b3-461f-a2ce-f5d46efe7462 - hackernews - Schema hackernews_source with version 3 was not modified. Save skipped
2026-09-21 09:27:33 +0000 - dagster - INFO - __ASSET_JOB - 406b9d33-19b3-461f-a2ce-f5d46efe7462 - hackernews - Committing storage, do not kill this process
2026-09-21 09:27:33 +0000 - dagster - INFO - __ASSET_JOB - 406b9d33-19b3-461f-a2ce-f5d46efe7462 - hackernews - Extracted package 1789982767.3630521 processed
2026-09-21 09:27:33 +0000 - dagster - INFO - __ASSET_JOB - 406b9d33-19b3-461f-a2ce-f5d46efe7462 - hackernews - Closing processing pool
2026-09-21 09:27:33 +0000 - dagster - INFO - __ASSET_JOB - 406b9d33-19b3-461f-a2ce-f5d46efe7462 - hackernews - Processing pool closed
2026-09-21 09:27:33 +0000 - dagster - INFO - __ASSET_JOB - 406b9d33-19b3-461f-a2ce-f5d46efe7462 - hackernews - Created thread pool with 20 workers
2026-09-21 09:27:33 +0000 - dagster - INFO - __ASSET_JOB - 406b9d33-19b3-461f-a2ce-f5d46efe7462 - hackernews - Running file loading
2026-09-21 09:27:33 +0000 - dagster - INFO - __ASSET_JOB - 406b9d33-19b3-461f-a2ce-f5d46efe7462 - hackernews - Found 1 load packages
2026-09-21 09:27:33 +0000 - dagster - INFO - __ASSET_JOB - 406b9d33-19b3-461f-a2ce-f5d46efe7462 - hackernews - Loading schema from load package in 1789982767.3630521
2026-09-21 09:27:33 +0000 - dagster - INFO - __ASSET_JOB - 406b9d33-19b3-461f-a2ce-f5d46efe7462 - hackernews - Loaded schema name hackernews_source and version 3
2026-09-21 09:27:33 +0000 - dagster - INFO - __ASSET_JOB - 406b9d33-19b3-461f-a2ce-f5d46efe7462 - hackernews - Client for ducklake will start initialize storage 
2026-09-21 09:27:33 +0000 - dagster - INFO - __ASSET_JOB - 406b9d33-19b3-461f-a2ce-f5d46efe7462 - hackernews - Client for ducklake will update schema to package schema 
2026-09-21 09:27:33 +0000 - dagster - INFO - __ASSET_JOB - 406b9d33-19b3-461f-a2ce-f5d46efe7462 - hackernews - Schema with hash 6By9nwqTTrhznnSPDpfURqHpWrsY2BVikyibecXijOE= inserted at 2026-08-10 23:15:46.025744+00:00 found in storage, no upgrade required
2026-09-21 09:27:33 +0000 - dagster - INFO - __ASSET_JOB - 406b9d33-19b3-461f-a2ce-f5d46efe7462 - hackernews - Client for ducklake will start initialize storage for staging dataset
2026-09-21 09:27:33 +0000 - dagster - INFO - __ASSET_JOB - 406b9d33-19b3-461f-a2ce-f5d46efe7462 - hackernews - Client for ducklake will update schema to package schema for staging dataset
2026-09-21 09:27:33 +0000 - dagster - INFO - __ASSET_JOB - 406b9d33-19b3-461f-a2ce-f5d46efe7462 - hackernews - Schema with hash 6By9nwqTTrhznnSPDpfURqHpWrsY2BVikyibecXijOE= not found in the storage. upgrading
2026-09-21 09:27:33 +0000 - dagster - INFO - __ASSET_JOB - 406b9d33-19b3-461f-a2ce-f5d46efe7462 - hackernews - Found 6 updates for _dlt_version in hackernews_source
2026-09-21 09:27:33 +0000 - dagster - INFO - __ASSET_JOB - 406b9d33-19b3-461f-a2ce-f5d46efe7462 - hackernews - Found 13 updates for items in hackernews_source
2026-09-21 09:27:33 +0000 - dagster - INFO - __ASSET_JOB - 406b9d33-19b3-461f-a2ce-f5d46efe7462 - hackernews - Client for ducklake will truncate tables for staging dataset
2026-09-21 09:27:33 +0000 - dagster - INFO - __ASSET_JOB - 406b9d33-19b3-461f-a2ce-f5d46efe7462 - hackernews - 0 started jobs found, which should be continued
2026-09-21 09:27:33 +0000 - dagster - INFO - __ASSET_JOB - 406b9d33-19b3-461f-a2ce-f5d46efe7462 - hackernews - Will complete 0 for 1789982767.3630521
2026-09-21 09:27:33 +0000 - dagster - INFO - __ASSET_JOB - 406b9d33-19b3-461f-a2ce-f5d46efe7462 - hackernews - Will load additional 1, creating jobs
2026-09-21 09:27:33 +0000 - dagster - INFO - __ASSET_JOB - 406b9d33-19b3-461f-a2ce-f5d46efe7462 - hackernews - Will load file 1789982767.3630521/new_jobs/_dlt_pipeline_state.e5cc108c99.0.parquet with table name _dlt_pipeline_state
2026-09-21 09:27:33 +0000 - dagster - INFO - __ASSET_JOB - 406b9d33-19b3-461f-a2ce-f5d46efe7462 - hackernews - Will complete 1 for 1789982767.3630521
2026-09-21 09:27:33 +0000 - dagster - INFO - __ASSET_JOB - 406b9d33-19b3-461f-a2ce-f5d46efe7462 - hackernews - Job for _dlt_pipeline_state.e5cc108c99.parquet completed in load 1789982767.3630521
2026-09-21 09:27:33 +0000 - dagster - INFO - __ASSET_JOB - 406b9d33-19b3-461f-a2ce-f5d46efe7462 - hackernews - Will load additional 1, creating jobs
2026-09-21 09:27:33 +0000 - dagster - INFO - __ASSET_JOB - 406b9d33-19b3-461f-a2ce-f5d46efe7462 - hackernews - Will load file 1789982767.3630521/new_jobs/items.3011650def.0.parquet with table name items
2026-09-21 09:27:34 +0000 - dagster - INFO - __ASSET_JOB - 406b9d33-19b3-461f-a2ce-f5d46efe7462 - hackernews - Will complete 1 for 1789982767.3630521
2026-09-21 09:27:34 +0000 - dagster - INFO - __ASSET_JOB - 406b9d33-19b3-461f-a2ce-f5d46efe7462 - hackernews - Job items.3011650def.parquet CREATED a new FOLLOWUP JOB /tmp/items.e3a76de035.0.sql placed in new_jobs
2026-09-21 09:27:34 +0000 - dagster - INFO - __ASSET_JOB - 406b9d33-19b3-461f-a2ce-f5d46efe7462 - hackernews - Job for items.3011650def.parquet completed in load 1789982767.3630521
2026-09-21 09:27:34 +0000 - dagster - INFO - __ASSET_JOB - 406b9d33-19b3-461f-a2ce-f5d46efe7462 - hackernews - Will load additional 1, creating jobs
2026-09-21 09:27:34 +0000 - dagster - INFO - __ASSET_JOB - 406b9d33-19b3-461f-a2ce-f5d46efe7462 - hackernews - Will load file 1789982767.3630521/new_jobs/items.e3a76de035.0.sql with table name items
2026-09-21 09:27:34 +0000 - dagster - INFO - __ASSET_JOB - 406b9d33-19b3-461f-a2ce-f5d46efe7462 - hackernews - Will complete 1 for 1789982767.3630521
2026-09-21 09:27:34 +0000 - dagster - INFO - __ASSET_JOB - 406b9d33-19b3-461f-a2ce-f5d46efe7462 - hackernews - Job for items.e3a76de035.sql completed in load 1789982767.3630521
2026-09-21 09:27:34 +0000 - dagster - INFO - __ASSET_JOB - 406b9d33-19b3-461f-a2ce-f5d46efe7462 - hackernews - Will load additional 0, creating jobs
2026-09-21 09:27:34 +0000 - dagster - INFO - __ASSET_JOB - 406b9d33-19b3-461f-a2ce-f5d46efe7462 - hackernews - All jobs completed, archiving package 1789982767.3630521 with aborted set to False
2026-09-21 09:27:34 +0000 - dagster - INFO - __ASSET_JOB - 406b9d33-19b3-461f-a2ce-f5d46efe7462 - hackernews - Closing processing pool
2026-09-21 09:27:34 +0000 - dagster - INFO - __ASSET_JOB - 406b9d33-19b3-461f-a2ce-f5d46efe7462 - hackernews - Processing pool closed
2026-09-21 09:27:34 +0000 - dagster - INFO - __ASSET_JOB - 406b9d33-19b3-461f-a2ce-f5d46efe7462 - dbt_assets - A dbt subsetted execution is not being performed. Using the default dbt selection arguments `['--select', 'fqn:*']`.
2026-09-21 09:27:38 +0000 - dagster - INFO - __ASSET_JOB - 406b9d33-19b3-461f-a2ce-f5d46efe7462 - dbt_assets - Copying `/home/runner/work/orca/orca/transformation/target/partial_parse.msgpack` to `/home/runner/work/orca/orca/transformation/target/dbt_assets-406b9d3-bc19c50/partial_parse.msgpack` to take advantage of partial parsing.
2026-09-21 09:27:38 +0000 - dagster - INFO - __ASSET_JOB - 406b9d33-19b3-461f-a2ce-f5d46efe7462 - dbt_assets - Running dbt command: `dbt build --select fqn:*`.
2026-09-21 09:27:45 +0000 - dagster - INFO - __ASSET_JOB - 406b9d33-19b3-461f-a2ce-f5d46efe7462 - dbt_assets - Finished dbt command: `dbt build --select fqn:*`.
